method,seed,query,ro,parent_r2,child_r2
BIF-UCB (hot),9049607,0,0.9003286011914383,0.0014102695893958817,0.12845313063013722
BIF-UCB (hot),9049607,1,0.9871147531406382,5.825102078762118e-05,0.20732961922624946
BIF-UCB (hot),9049607,2,0.878697415781133,0.003833006474703084,0.3894792509163146
BIF-UCB (hot),9049607,3,0.9871147531406382,0.005281185596026675,0.5081101873125022
BIF-UCB (hot),9049607,4,0.9871147531406382,0.07536418997962706,0.5292617921083625
BIF-UCB (hot),9049607,5,0.8982603383320003,0.1685240479967363,0.384959368062201
BIF-UCB (hot),9049607,6,0.8874157747424267,0.18871344443005028,0.401088067017235
BIF-UCB (hot),9049607,7,0.8943339314081293,0.1960653869417575,0.3203444881339989
BIF-UCB (hot),9049607,8,0.8943339314081293,0.3196278763126663,0.4589779063008318
BIF-UCB (hot),9049607,9,0.8943339314081293,0.34525901512594115,0.30847404424621716
BIF-UCB (hot),9049607,10,0.8943339314081293,0.3357214367762692,0.3150295118238079
BIF-UCB (hot),9049607,11,0.8943339314081293,0.4045515879918873,0.3224713047270396
BIF-UCB (hot),9049607,12,0.8793148178138773,0.42009074521316087,0.5170818042915122
BIF-UCB (hot),9049607,13,0.8793148178138773,0.4366925428039953,0.6455866746889816
BIF-UCB (hot),9049607,14,0.9027901943994274,0.4434102925712397,0.583328777573698
BIF-UCB (hot),9049607,15,0.8815589829366284,0.4485430870085119,0.4617104207434062
BIF-UCB (hot),9049607,16,0.9017386152013106,0.4553120707295882,0.4029893729512255
BIF-UCB (hot),9049607,17,0.9017386152013106,0.4634159593062435,0.4891959285342407
BIF-UCB (hot),9049607,18,0.9103491321755595,0.4697194218376176,0.49233850116880273
BIF-UCB (hot),9049607,19,0.9103491321755595,0.4915621542297588,0.5342646132346217
BIF-UCB (hot),2402697,0,0.6662013040838882,0.026867259880074726,0.4784746056564898
BIF-UCB (hot),2402697,1,0.8849716359597481,0.0443396021944705,0.4527586438570985
BIF-UCB (hot),2402697,2,0.8849716359597481,0.047568237972079326,0.3389724076341273
BIF-UCB (hot),2402697,3,0.9232668447985519,0.05937043311406147,0.4732316488777468
BIF-UCB (hot),2402697,4,0.9232668447985519,0.11346816118934788,0.47023986396730055
BIF-UCB (hot),2402697,5,0.8989950218541121,0.2610611812676722,0.4412925279724488
BIF-UCB (hot),2402697,6,0.8989950218541121,0.3628429349330779,0.38007057132849476
BIF-UCB (hot),2402697,7,0.8989950218541121,0.39051930236631016,0.42167242033658925
BIF-UCB (hot),2402697,8,0.90166741286221,0.4196049263652534,0.43798816601829654
BIF-UCB (hot),2402697,9,0.8910748400490311,0.408204625388757,0.3700133439101763
BIF-UCB (hot),2402697,10,0.9207298553964104,0.4262848218344669,0.45905430029431
BIF-UCB (hot),2402697,11,0.9207298553964104,0.46036078962967686,0.48275207877721615
BIF-UCB (hot),2402697,12,0.9228853637547502,0.489023115739657,0.47872694774602853
BIF-UCB (hot),2402697,13,0.9228853637547502,0.5504292486918356,0.5181855610763597
BIF-UCB (hot),2402697,14,0.90166741286221,0.5498022494910407,0.5727683043309423
BIF-UCB (hot),2402697,15,0.8910748400490311,0.5576663337416261,0.48724631090515674
BIF-UCB (hot),2402697,16,0.8910748400490311,0.555446483130057,0.45157767010155786
BIF-UCB (hot),2402697,17,0.9594260833180269,0.5606128746592344,0.48610163259608474
BIF-UCB (hot),2402697,18,0.9594260833180269,0.5871678374250451,0.4968373518049427
BIF-UCB (hot),2402697,19,0.9640728547446187,0.5939453386587343,0.5873703594755374
BIF-UCB (hot),6510749,0,0.6367588439615917,0.0199234461349148,0.4241649379508097
BIF-UCB (hot),6510749,1,0.94895077868039,0.03585511783891433,0.3606075079751425
BIF-UCB (hot),6510749,2,0.9529270924793768,0.1288760538670371,0.4001442023407711
BIF-UCB (hot),6510749,3,0.8982603383320003,0.1913043261728195,0.419687651777896
BIF-UCB (hot),6510749,4,0.9304729262558386,0.42737985675603146,0.45321293595889145
BIF-UCB (hot),6510749,5,0.8810019457889781,0.44898182815136345,0.30614061735025166
BIF-UCB (hot),6510749,6,0.8810019457889781,0.46885314374139186,0.3218716806251149
BIF-UCB (hot),6510749,7,0.9360414471105883,0.49772893320163614,0.37848257082437575
BIF-UCB (hot),6510749,8,0.9360414471105883,0.5139792252306121,0.4147817563796536
BIF-UCB (hot),6510749,9,0.9360414471105883,0.5208732530391511,0.3528418568186055
BIF-UCB (hot),6510749,10,0.9360414471105883,0.5486454475951419,0.4061583754413278
BIF-UCB (hot),6510749,11,0.9360414471105883,0.5470850725144736,0.4401860255792523
BIF-UCB (hot),6510749,12,0.9562200408968768,0.5724020932480872,0.41378979271634686
BIF-UCB (hot),6510749,13,0.9562200408968768,0.587827216722624,0.5745016073890961
BIF-UCB (hot),6510749,14,0.9562200408968768,0.5878776476704867,0.6110301139167392
BIF-UCB (hot),6510749,15,0.9562200408968768,0.587329390815361,0.6161636396499037
BIF-UCB (hot),6510749,16,0.9562200408968768,0.5874994461879539,0.6379198958978836
BIF-UCB (hot),6510749,17,0.9562200408968768,0.5907782468632864,0.645412713887052
BIF-UCB (hot),6510749,18,0.9562200408968768,0.594205095660714,0.647316977197187
BIF-UCB (hot),6510749,19,0.9674251362257318,0.5945565908827969,0.6474100441375281
BIF-UCB (hot),758529,0,0.9309004731360817,0.008851970757263045,0.42060762060753215
BIF-UCB (hot),758529,1,0.9305074889469952,0.021831322699309038,0.2567978774151401
BIF-UCB (hot),758529,2,0.9305074889469952,0.008703905089069652,0.25270128900989397
BIF-UCB (hot),758529,3,0.9716551849122617,0.009925268068127293,0.12205896364613028
BIF-UCB (hot),758529,4,0.9716551849122617,0.06534418962189101,0.165304720747336
BIF-UCB (hot),758529,5,0.9767183262625381,0.08851606887576204,0.18757032173667654
BIF-UCB (hot),758529,6,0.8989950218541121,0.05291802392203576,0.21356456842119856
BIF-UCB (hot),758529,7,0.980467432971412,0.19643561732461798,0.19437938240574895
BIF-UCB (hot),758529,8,0.9723587939655138,0.30716484777405634,0.5631916015079618
BIF-UCB (hot),758529,9,0.8898494488582143,0.34821860873504873,0.5520272623822267
BIF-UCB (hot),758529,10,0.8898494488582143,0.39514744987515726,0.5520138032696689
BIF-UCB (hot),758529,11,0.8898494488582143,0.39998213341674166,0.5411433097924252
BIF-UCB (hot),758529,12,0.8950288199056391,0.44243975806379915,0.5068473884580417
BIF-UCB (hot),758529,13,0.8950288199056391,0.4536997558761534,0.4867608308644845
BIF-UCB (hot),758529,14,0.8950288199056391,0.45986942856636936,0.5179000003024966
BIF-UCB (hot),758529,15,0.9686236468027407,0.4609899026369039,0.5147395622764379
BIF-UCB (hot),758529,16,0.9686236468027407,0.44378197451654255,0.4981462707448888
BIF-UCB (hot),758529,17,0.9686236468027407,0.5052595361877074,0.49204858210488395
BIF-UCB (hot),758529,18,0.9686236468027407,0.5032099326666121,0.5172082669341416
BIF-UCB (hot),758529,19,0.9686236468027407,0.5092320641310311,0.5197045112002491
BIF-UCB (hot),3523986,0,0.90402675588989,0.00083054757139379,0.3248927152069128
BIF-UCB (hot),3523986,1,0.9304729262558386,0.15227315009250753,0.17960734183792015
BIF-UCB (hot),3523986,2,0.9310488024666578,0.20157330855940073,0.062157980717505834
BIF-UCB (hot),3523986,3,0.9310488024666578,0.28666843753633847,0.12530837110713433
BIF-UCB (hot),3523986,4,0.926554547568781,0.41217589577505037,0.12568081949679943
BIF-UCB (hot),3523986,5,0.9610978604522558,0.5585225107708319,0.177363181502774
BIF-UCB (hot),3523986,6,0.9277939049626113,0.5582399216672033,0.40140459365232667
BIF-UCB (hot),3523986,7,0.9277939049626113,0.561641875836914,0.4108528595085941
BIF-UCB (hot),3523986,8,0.9657973346573312,0.605431558341887,0.4778405052620708
BIF-UCB (hot),3523986,9,0.962214005047431,0.6470833073465521,0.578419425069884
BIF-UCB (hot),3523986,10,0.9236458760984505,0.6407209662526174,0.6011411456949068
BIF-UCB (hot),3523986,11,0.9236458760984505,0.529714592442591,0.5819070198519931
BIF-UCB (hot),3523986,12,0.966074801438937,0.5407364462434884,0.5604998429137221
BIF-UCB (hot),3523986,13,0.966074801438937,0.5386204276636707,0.5405751908788119
BIF-UCB (hot),3523986,14,0.966074801438937,0.531341959492323,0.38148730903157285
BIF-UCB (hot),3523986,15,0.9770104515660867,0.5641490924065727,0.5926146927984968
BIF-UCB (hot),3523986,16,0.9795254465284013,0.5526377703639412,0.3614687568419056
BIF-UCB (hot),3523986,17,0.9795254465284013,0.5512036086826135,0.47758404319311265
BIF-UCB (hot),3523986,18,0.9795254465284013,0.5460204982913196,0.3578190450224306
BIF-UCB (hot),3523986,19,0.9795254465284013,0.4585265611650579,0.329195178646414
BIF-UCB (hot),3224638,0,0.567173868390065,0.02786883006924588,0.36597097696085235
BIF-UCB (hot),3224638,1,0.974519541314212,0.05309116478488938,0.271167303729177
BIF-UCB (hot),3224638,2,0.8874157747424267,0.011166778598988993,0.5502327928432251
BIF-UCB (hot),3224638,3,0.9236458760984505,0.02719186788944968,0.5568533309633341
BIF-UCB (hot),3224638,4,0.9525152559132957,0.19604215532459754,0.5621403929638338
BIF-UCB (hot),3224638,5,0.8939161701896735,0.22331849172213472,0.5211397441998407
BIF-UCB (hot),3224638,6,0.8939161701896735,0.25468792632413867,0.4945497098825276
BIF-UCB (hot),3224638,7,0.8939161701896735,0.3007575557785458,0.5707632549096886
BIF-UCB (hot),3224638,8,0.9277939049626113,0.3180123770611437,0.5529289911663442
BIF-UCB (hot),3224638,9,0.9277939049626113,0.3766962906669772,0.558341102543413
BIF-UCB (hot),3224638,10,0.9277939049626113,0.29601905873683454,0.5461054129074191
BIF-UCB (hot),3224638,11,0.9092015736089728,0.4734539483461232,0.5040165906137591
BIF-UCB (hot),3224638,12,0.9361014791500433,0.48919211779480476,0.4067565012410033
BIF-UCB (hot),3224638,13,0.9361014791500433,0.5438983868360797,0.5463722009571014
BIF-UCB (hot),3224638,14,0.9361014791500433,0.5619225089663541,0.47563134003064794
BIF-UCB (hot),3224638,15,0.9361014791500433,0.5791471440755956,0.396258386124227
BIF-UCB (hot),3224638,16,0.9317845244671634,0.41459567321250435,0.3890360185262868
BIF-UCB (hot),3224638,17,0.93489005416224,0.39272748411711567,0.39853505341628426
BIF-UCB (hot),3224638,18,0.93489005416224,0.35471554721463616,0.40621749353659214
BIF-UCB (hot),3224638,19,0.9298726324889404,0.309702641416714,0.4260323044809177
BIF-UCB (hot),9729091,0,0.9525152559132957,0.002966512751790996,0.4755324522422031
BIF-UCB (hot),9729091,1,0.9236458760984505,0.11130073705965178,0.450154319606874
BIF-UCB (hot),9729091,2,0.9179925461748767,0.15923438898523543,0.38022105288349073
BIF-UCB (hot),9729091,3,0.9179925461748767,0.058216792215876494,0.30709981144899073
BIF-UCB (hot),9729091,4,0.9632865268931554,0.02349706250076805,0.25642704263069344
BIF-UCB (hot),9729091,5,0.6346979170200377,0.07565070212409102,0.2582679514126686
BIF-UCB (hot),9729091,6,0.9549475387343122,0.14360183131404575,0.44719200324127284
BIF-UCB (hot),9729091,7,0.9361014791500433,0.21534448265208225,0.45830273916607367
BIF-UCB (hot),9729091,8,0.3544690491633246,0.4009109078729685,0.4715827251697468
BIF-UCB (hot),9729091,9,0.9203742164880226,0.4866473986763334,0.3642724638862742
BIF-UCB (hot),9729091,10,0.9203742164880226,0.45195129370785075,0.4826561244884587
BIF-UCB (hot),9729091,11,0.9203742164880226,0.5163452603217632,0.46343737969181453
BIF-UCB (hot),9729091,12,0.9179925461748767,0.502470811497004,0.29460160016525266
BIF-UCB (hot),9729091,13,0.9203742164880226,0.5058500382254111,0.49665980344515465
BIF-UCB (hot),9729091,14,0.93489005416224,0.23811645846562585,0.45082521199879744
BIF-UCB (hot),9729091,15,0.8923372303610821,0.26287882958155845,0.31419047167767905
BIF-UCB (hot),9729091,16,0.8923372303610821,0.25330728839921923,0.30632169882667737
BIF-UCB (hot),9729091,17,0.9298726324889404,0.2335714263240842,0.28596757739679673
BIF-UCB (hot),9729091,18,0.9298726324889404,0.2087370895311223,0.30014144727253034
BIF-UCB (hot),9729091,19,0.9298726324889404,0.18808779269586867,0.3222114972622081
BIF-UCB (hot),5830471,0,0.9525152559132957,0.004185793443576233,0.3820248497101107
BIF-UCB (hot),5830471,1,0.9236458760984505,0.07435213713122492,0.35146529743508603
BIF-UCB (hot),5830471,2,0.8878457713665732,0.0974651103338514,0.29552388838642185
BIF-UCB (hot),5830471,3,0.9277939049626113,0.15013453915155459,0.5115280843915879
BIF-UCB (hot),5830471,4,0.9277939049626113,0.1370835703979634,0.46497077595266423
BIF-UCB (hot),5830471,5,0.9271782470410156,0.16908808417540439,0.34873227446125865
BIF-UCB (hot),5830471,6,0.9271782470410156,0.18719441336458392,0.44561035644125296
BIF-UCB (hot),5830471,7,0.9271782470410156,0.2681856442987671,0.3941503381183735
BIF-UCB (hot),5830471,8,0.9271782470410156,0.2515202778596652,0.49344595363155785
BIF-UCB (hot),5830471,9,0.9343166276953241,0.2767467659815158,0.3951354018523105
BIF-UCB (hot),5830471,10,0.9343166276953241,0.31313818799330834,0.377404769386407
BIF-UCB (hot),5830471,11,0.9343166276953241,0.3314046262710872,0.3703199417534525
BIF-UCB (hot),5830471,12,0.9286887671200486,0.4998916677570923,0.36119007216557897
BIF-UCB (hot),5830471,13,0.9320679225580567,0.5222693075851002,0.3620776803942704
BIF-UCB (hot),5830471,14,0.9320679225580567,0.553053028623354,0.3508162194249364
BIF-UCB (hot),5830471,15,0.9320679225580567,0.5604447248355835,0.4104881869951105
BIF-UCB (hot),5830471,16,0.9320679225580567,0.576076864479576,0.4692143996122406
BIF-UCB (hot),5830471,17,0.9320679225580567,0.5869244129438115,0.43681302079875317
BIF-UCB (hot),5830471,18,0.9320679225580567,0.6033686739821125,0.4911271668463965
BIF-UCB (hot),5830471,19,0.9322609330872157,0.634891339770813,0.48569049752514293
BIF-UCB (hot),5343420,0,0.31743935938557866,0.05138524290226205,0.5190237859846292
BIF-UCB (hot),5343420,1,0.9672534211605577,0.09041509411757527,0.4895656988640945
BIF-UCB (hot),5343420,2,0.9207298553964104,0.0220572068623205,0.32086090797967304
BIF-UCB (hot),5343420,3,0.9583514712016894,0.1264572407049974,0.40150421450912527
BIF-UCB (hot),5343420,4,0.9017386152013106,0.07645281300544868,0.4180774169986776
BIF-UCB (hot),5343420,5,0.9027901943994274,0.24668292391186344,0.40533371901040144
BIF-UCB (hot),5343420,6,0.9672171210151653,0.37060619300257364,0.5781895422296319
BIF-UCB (hot),5343420,7,0.9027901943994274,0.37981638358030045,0.61451780698984
BIF-UCB (hot),5343420,8,0.9232668447985519,0.38823151654171195,0.604392493239241
BIF-UCB (hot),5343420,9,0.9235282484496183,0.45466598828926913,0.6089347412159382
BIF-UCB (hot),5343420,10,0.8939161701896735,0.46463847513174117,0.6150639620366789
BIF-UCB (hot),5343420,11,0.9620248422138591,0.47162957906711783,0.6103939162928678
BIF-UCB (hot),5343420,12,0.9620248422138591,0.4964156115924829,0.6102799626338876
BIF-UCB (hot),5343420,13,0.9620248422138591,0.514970843465921,0.6449787360786772
BIF-UCB (hot),5343420,14,0.8977699768227599,0.5132093094751993,0.6279722170803184
BIF-UCB (hot),5343420,15,0.9195648557183387,0.5143170745360736,0.6390521429247606
BIF-UCB (hot),5343420,16,0.9195648557183387,0.5416455944734065,0.647947102578522
BIF-UCB (hot),5343420,17,0.9620248422138591,0.5446562242399212,0.6471972213124884
BIF-UCB (hot),5343420,18,0.9620248422138591,0.5502673633823673,0.6608933356266705
BIF-UCB (hot),5343420,19,0.9620248422138591,0.5500113753242082,0.660303695262556
BIF-UCB (hot),2417321,0,0.54825273880037,0.005832644688222551,0.3749819256235273
BIF-UCB (hot),2417321,1,0.6458646219328873,0.005624730148399927,0.4861871698546314
BIF-UCB (hot),2417321,2,0.9328462221727066,0.01711399989595958,0.5620193103739255
BIF-UCB (hot),2417321,3,0.9070338564725935,0.04411583602271501,0.5021626758909065
BIF-UCB (hot),2417321,4,0.8900089484884361,0.04486025896684446,0.5148896429931522
BIF-UCB (hot),2417321,5,0.8900089484884361,0.08119033468573078,0.5534712374671154
BIF-UCB (hot),2417321,6,0.9070338564725935,0.10227996417692958,0.5333068560355445
BIF-UCB (hot),2417321,7,0.9070338564725935,0.15176395054308198,0.5300646862471442
BIF-UCB (hot),2417321,8,0.9070338564725935,0.16251481308495572,0.326131140879293
BIF-UCB (hot),2417321,9,0.9070338564725935,0.16215814047968136,0.3145217627590783
BIF-UCB (hot),2417321,10,0.9070338564725935,0.17572028651285918,0.3254908812167255
BIF-UCB (hot),2417321,11,0.9070338564725935,0.2058995622386369,0.34926318897549335
BIF-UCB (hot),2417321,12,0.9180920137656435,0.19870265277063168,0.33134436611713
BIF-UCB (hot),2417321,13,0.9180920137656435,0.1743168489901825,0.3397205026578552
BIF-UCB (hot),2417321,14,0.9179925461748767,0.21174759880392297,0.32534150518502647
BIF-UCB (hot),2417321,15,0.9195648557183387,0.2493095787176488,0.37458285827148374
BIF-UCB (hot),2417321,16,0.9195648557183387,0.2554764612321464,0.41658371736736405
BIF-UCB (hot),2417321,17,0.9195648557183387,0.26151060100147755,0.4278113933672215
BIF-UCB (hot),2417321,18,0.9195648557183387,0.2949124797636061,0.40190265456689295
BIF-UCB (hot),2417321,19,0.9179925461748767,0.2972083784663263,0.38469003361213117
BIF-UCB (hot),9891788,0,0.9382793281076746,0.005892621858129234,0.07052197639512572
BIF-UCB (hot),9891788,1,0.9680945420611176,0.01762129670782509,0.1672823675392571
BIF-UCB (hot),9891788,2,0.966906848967377,0.03690335805909603,0.042975195715281356
BIF-UCB (hot),9891788,3,0.9665679521946323,0.05401920605074073,0.04998461378868128
BIF-UCB (hot),9891788,4,0.9665679521946323,0.06851411278228915,0.24501548773408544
BIF-UCB (hot),9891788,5,0.9665679521946323,0.17789932764147592,0.3107668288999457
BIF-UCB (hot),9891788,6,0.8966635979186337,0.2118889734514494,0.1342956207888329
BIF-UCB (hot),9891788,7,0.8891758624816023,0.22783099621656827,0.24656052138511936
BIF-UCB (hot),9891788,8,0.9588240321261545,0.17283124654817916,0.2140142389295332
BIF-UCB (hot),9891788,9,0.9723587939655138,0.21500946661012182,0.22316406388160434
BIF-UCB (hot),9891788,10,0.9672171210151653,0.2340056656752309,0.20828975142035017
BIF-UCB (hot),9891788,11,0.9672171210151653,0.29146589705941994,0.21405655838182827
BIF-UCB (hot),9891788,12,0.9672171210151653,0.30790029838849947,0.26097275995250463
BIF-UCB (hot),9891788,13,0.9672171210151653,0.3408685844112568,0.2796523544882253
BIF-UCB (hot),9891788,14,0.8949429590445956,0.35514205428508155,0.2673834538323554
BIF-UCB (hot),9891788,15,0.896907560458215,0.3582364395070564,0.2717692318307073
BIF-UCB (hot),9891788,16,0.896907560458215,0.35167703204373296,0.31082042538213245
BIF-UCB (hot),9891788,17,0.896907560458215,0.29903711407929656,0.31177316491856955
BIF-UCB (hot),9891788,18,0.9709320245061729,0.3908433677470203,0.3022703471295298
BIF-UCB (hot),9891788,19,0.9709320245061729,0.3760299904746063,0.3399130398979591
BIF-UCB (hot),9314146,0,0.17133024236008754,8.922360964945632e-05,0.05441582855857153
BIF-UCB (hot),9314146,1,0.9871147531406382,0.033360267462770425,0.043318249794116685
BIF-UCB (hot),9314146,2,0.9871147531406382,0.0339261492820935,0.20534328098841195
BIF-UCB (hot),9314146,3,0.9871147531406382,0.03332704376127485,0.3682070175706123
BIF-UCB (hot),9314146,4,0.9871147531406382,0.03847361514870988,0.4867862143486445
BIF-UCB (hot),9314146,5,0.9871147531406382,0.08019141668963178,0.5990090756841999
BIF-UCB (hot),9314146,6,0.9871147531406382,0.12948014432106092,0.6049087039116208
BIF-UCB (hot),9314146,7,0.9027901943994274,0.14684027344722164,0.6280570895463607
BIF-UCB (hot),9314146,8,0.8900089484884361,0.2264825012804496,0.6157512044185542
BIF-UCB (hot),9314146,9,0.8898494488582143,0.23850869140142153,0.5943842550240556
BIF-UCB (hot),9314146,10,0.8898494488582143,0.22999475540920464,0.5824769695678633
BIF-UCB (hot),9314146,11,0.8900089484884361,0.24598534026852767,0.6071939028887043
BIF-UCB (hot),9314146,12,0.8900089484884361,0.2660428721992508,0.6075812504534507
BIF-UCB (hot),9314146,13,0.8900089484884361,0.2983143386931711,0.6024669922723279
BIF-UCB (hot),9314146,14,0.8977699768227599,0.36374461526767815,0.6024980659213859
BIF-UCB (hot),9314146,15,0.8977699768227599,0.3915582908413898,0.6129311312315948
BIF-UCB (hot),9314146,16,0.8977699768227599,0.40906822907729024,0.6133073585380302
BIF-UCB (hot),9314146,17,0.8977699768227599,0.43335858952062684,0.6149293541000628
BIF-UCB (hot),9314146,18,0.8977699768227599,0.4279804168576871,0.6170739866511861
BIF-UCB (hot),9314146,19,0.8876967364032423,0.4616702905353496,0.6105840254873847
BIF-UCB (hot),9488226,0,0.9382793281076746,0.002442947024924284,0.34997639732967817
BIF-UCB (hot),9488226,1,0.9060915172132055,0.008445859119364796,0.4151294719216874
BIF-UCB (hot),9488226,2,0.9060915172132055,0.013843540990833568,0.3509099612254595
BIF-UCB (hot),9488226,3,0.9060915172132055,0.02329040839650093,0.28731069580935953
BIF-UCB (hot),9488226,4,0.9060915172132055,0.030517379393601995,0.2783491443145852
BIF-UCB (hot),9488226,5,0.9060915172132055,0.07377103589953085,0.24803838803518202
BIF-UCB (hot),9488226,6,0.9060915172132055,0.08324774200526487,0.25506735053096286
BIF-UCB (hot),9488226,7,0.9060915172132055,0.46821952605788425,0.26728557751802046
BIF-UCB (hot),9488226,8,0.9027901943994274,0.48905691789908695,0.5915844693941991
BIF-UCB (hot),9488226,9,0.9027901943994274,0.506153757374713,0.5934268800567629
BIF-UCB (hot),9488226,10,0.9027901943994274,0.5233299152245244,0.5929785498700313
BIF-UCB (hot),9488226,11,0.9027901943994274,0.5214930142541006,0.56613670361419
BIF-UCB (hot),9488226,12,0.9027901943994274,0.44744011835248126,0.5336082128282071
BIF-UCB (hot),9488226,13,0.9027901943994274,0.5348901367277656,0.5173944578700627
BIF-UCB (hot),9488226,14,0.9017386152013106,0.5444032009828608,0.5731137756121513
BIF-UCB (hot),9488226,15,0.9017386152013106,0.5562550376213968,0.597879749303394
BIF-UCB (hot),9488226,16,0.9017386152013106,0.5024866093576142,0.6028924997624092
BIF-UCB (hot),9488226,17,0.9017386152013106,0.4857537818200903,0.5723623283864234
BIF-UCB (hot),9488226,18,0.9017386152013106,0.4772177810943108,0.5817024729939693
BIF-UCB (hot),9488226,19,0.9228853637547502,0.4791955667140998,0.5706884839759945
BIF-UCB (hot),2697408,0,0.417248636171651,0.003640890212075704,0.2598890010756326
BIF-UCB (hot),2697408,1,0.9184406762294373,0.05686171765120468,0.1998164054587625
BIF-UCB (hot),2697408,2,0.9184406762294373,0.08332973897463276,0.2213267155556029
BIF-UCB (hot),2697408,3,0.8900089484884361,0.19364288555015907,0.5058800250118825
BIF-UCB (hot),2697408,4,0.9588240321261545,0.28451567689846874,0.5312280509309553
BIF-UCB (hot),2697408,5,0.8878457713665732,0.4009383077860553,0.4880870772477689
BIF-UCB (hot),2697408,6,0.8878457713665732,0.4147970260313106,0.5263000158703608
BIF-UCB (hot),2697408,7,0.9017386152013106,0.43602031019244475,0.5535296401584877
BIF-UCB (hot),2697408,8,0.8900089484884361,0.4435644090912306,0.5491249078096905
BIF-UCB (hot),2697408,9,0.8900089484884361,0.45505217841027207,0.5568064780805908
BIF-UCB (hot),2697408,10,0.8900089484884361,0.45460422091105884,0.5365771916013136
BIF-UCB (hot),2697408,11,0.8900089484884361,0.4484840262894585,0.5647153955986177
BIF-UCB (hot),2697408,12,0.8900089484884361,0.5217676472181096,0.5637384652251243
BIF-UCB (hot),2697408,13,0.8900089484884361,0.5472365413022398,0.6291549454024621
BIF-UCB (hot),2697408,14,0.8900089484884361,0.5557242426259767,0.6198467785827885
BIF-UCB (hot),2697408,15,0.8900089484884361,0.5692126478072105,0.6254892401525212
BIF-UCB (hot),2697408,16,0.8900089484884361,0.5803773920926728,0.6291992206475924
BIF-UCB (hot),2697408,17,0.9277939049626113,0.5861723064651031,0.6326636559373506
BIF-UCB (hot),2697408,18,0.926554547568781,0.5445349221080118,0.6465879176601439
BIF-UCB (hot),2697408,19,0.9761414049164123,0.5322025360644604,0.6308806154794426
BIF-UCB (hot),5135059,0,0.9310488024666578,8.704052250319915e-05,0.22710030686161506
BIF-UCB (hot),5135059,1,0.9583514712016894,0.11730564435168259,0.19920223415990618
BIF-UCB (hot),5135059,2,0.8876967364032423,0.14101475069943567,0.42895633702053326
BIF-UCB (hot),5135059,3,0.8900089484884361,0.2194088630013299,0.5465706439690052
BIF-UCB (hot),5135059,4,0.8900089484884361,0.26012041493459986,0.5621667744482575
BIF-UCB (hot),5135059,5,0.8900089484884361,0.2854869014030804,0.5222738632256727
BIF-UCB (hot),5135059,6,0.8900089484884361,0.29048999565542305,0.5235884646734323
BIF-UCB (hot),5135059,7,0.8900089484884361,0.3993174658883982,0.5404198185346842
BIF-UCB (hot),5135059,8,0.8900089484884361,0.4123933159675156,0.5392711930412779
BIF-UCB (hot),5135059,9,0.8900089484884361,0.4314058953463601,0.49005871158910436
BIF-UCB (hot),5135059,10,0.9070338564725935,0.44321774801576086,0.5085270245042401
BIF-UCB (hot),5135059,11,0.8900089484884361,0.42423346761102504,0.5024683357756455
BIF-UCB (hot),5135059,12,0.9070338564725935,0.4196311125429848,0.5410386408184952
BIF-UCB (hot),5135059,13,0.9548843646320248,0.4198075723582804,0.5702952058039
BIF-UCB (hot),5135059,14,0.9575054574702357,0.420975468825847,0.5607025437416819
BIF-UCB (hot),5135059,15,0.9575054574702357,0.4221611024777726,0.5602002613745642
BIF-UCB (hot),5135059,16,0.9718597052436182,0.39964909107481045,0.5711353463296935
BIF-UCB (hot),5135059,17,0.9718597052436182,0.43028347969103836,0.5698267161160704
BIF-UCB (hot),5135059,18,0.9718597052436182,0.42771358350112704,0.594823306082814
BIF-UCB (hot),5135059,19,0.9614999246703749,0.4276914610654435,0.5858218633864951
BIF-UCB (hot),6813578,0,0.6069422387133775,0.008311240668507039,0.19683836740020655
BIF-UCB (hot),6813578,1,0.9184406762294373,0.08361291929583378,0.21920098511775918
BIF-UCB (hot),6813578,2,0.9184406762294373,0.12714374114698568,0.3819366926285943
BIF-UCB (hot),6813578,3,0.9184406762294373,0.20579386373299213,0.44514611374960245
BIF-UCB (hot),6813578,4,0.9157581534000875,0.45086707513703594,0.5252416041787824
BIF-UCB (hot),6813578,5,0.896153345554005,0.4811111141326205,0.4605496575801452
BIF-UCB (hot),6813578,6,0.8950288199056391,0.49089704012896557,0.48593796155965213
BIF-UCB (hot),6813578,7,0.9672171210151653,0.5442436801444605,0.42787202336570485
BIF-UCB (hot),6813578,8,0.9672171210151653,0.5414847688120737,0.5509495248302984
BIF-UCB (hot),6813578,9,0.9672171210151653,0.5438454342459184,0.5120006823625309
BIF-UCB (hot),6813578,10,0.9672171210151653,0.5851708872169644,0.546364332293723
BIF-UCB (hot),6813578,11,0.9689635887107919,0.5848152835954131,0.5788943602194578
BIF-UCB (hot),6813578,12,0.9689635887107919,0.586653892517473,0.5696141549346152
BIF-UCB (hot),6813578,13,0.9689635887107919,0.5879353961533469,0.5783738532953573
BIF-UCB (hot),6813578,14,0.9689635887107919,0.5887371472517369,0.5624127873646303
BIF-UCB (hot),6813578,15,0.9689635887107919,0.595653370243058,0.4995961675858478
BIF-UCB (hot),6813578,16,0.9689635887107919,0.5921237482232657,0.49403878168953996
BIF-UCB (hot),6813578,17,0.9689635887107919,0.5900013842227789,0.49486204888455737
BIF-UCB (hot),6813578,18,0.9689635887107919,0.5875285656142593,0.540703107498953
BIF-UCB (hot),6813578,19,0.9689635887107919,0.5837144175130556,0.5921243654202808
BIF-UCB (hot),430826,0,0.567173868390065,0.004708458811372599,0.4575563570542114
BIF-UCB (hot),430826,1,0.94895077868039,0.010733591694494277,0.2974678125616324
BIF-UCB (hot),430826,2,0.94895077868039,0.04662669621977735,0.401312352614244
BIF-UCB (hot),430826,3,0.878697415781133,0.11420294394609702,0.43485444472768986
BIF-UCB (hot),430826,4,0.9060915172132055,0.4888216411786148,0.4733421002107566
BIF-UCB (hot),430826,5,0.8810019457889781,0.4983118570147872,0.5151562280289939
BIF-UCB (hot),430826,6,0.8810019457889781,0.5096048647444178,0.5805077247874249
BIF-UCB (hot),430826,7,0.9027901943994274,0.5236027135633926,0.5987732176388305
BIF-UCB (hot),430826,8,0.9017386152013106,0.5282944549822906,0.590292259597978
BIF-UCB (hot),430826,9,0.9017386152013106,0.537386047754224,0.6217038364444671
BIF-UCB (hot),430826,10,0.9017386152013106,0.5438970974258727,0.6203247497621921
BIF-UCB (hot),430826,11,0.9228853637547502,0.5453441955399393,0.6027055666246484
BIF-UCB (hot),430826,12,0.9228853637547502,0.5616611197919027,0.6114247529484067
BIF-UCB (hot),430826,13,0.9228853637547502,0.5667385223116232,0.6217540900942303
BIF-UCB (hot),430826,14,0.9228853637547502,0.5622677431562823,0.6267236525780142
BIF-UCB (hot),430826,15,0.9748563411594308,0.5835149346218723,0.6283364333070136
BIF-UCB (hot),430826,16,0.9748563411594308,0.5820703273087339,0.6338484084542202
BIF-UCB (hot),430826,17,0.9748563411594308,0.581081999637096,0.6508807520479678
BIF-UCB (hot),430826,18,0.9748563411594308,0.5805993117154563,0.6592041495690073
BIF-UCB (hot),430826,19,0.9748563411594308,0.5718413266714185,0.659296544313656
BIF-UCB (hot),6192331,0,0.0,0.017056898049140096,0.3166470793930677
BIF-UCB (hot),6192331,1,0.942444112421304,0.024137166563425447,0.27395788509033886
BIF-UCB (hot),6192331,2,0.942444112421304,0.038845881708910776,0.33727665175883825
BIF-UCB (hot),6192331,3,0.942444112421304,0.04408100207681426,0.31365195620681047
BIF-UCB (hot),6192331,4,0.942444112421304,0.26478910861748195,0.24713677463707429
BIF-UCB (hot),6192331,5,0.9588240321261545,0.3234364584073659,0.39402087723264795
BIF-UCB (hot),6192331,6,0.9588240321261545,0.3343404332384475,0.4357529339264017
BIF-UCB (hot),6192331,7,0.9588240321261545,0.4247287760641653,0.393032676339483
BIF-UCB (hot),6192331,8,0.9672171210151653,0.4128894322295553,0.4227969263527839
BIF-UCB (hot),6192331,9,0.9672171210151653,0.412555593827242,0.45806403970328624
BIF-UCB (hot),6192331,10,0.9672171210151653,0.5349134547976141,0.4931626837602027
BIF-UCB (hot),6192331,11,0.8966635979186337,0.5414016863695335,0.5675031027354859
BIF-UCB (hot),6192331,12,0.8966635979186337,0.5601974666666675,0.5745481938041785
BIF-UCB (hot),6192331,13,0.8966635979186337,0.5596769551671003,0.5818186663638985
BIF-UCB (hot),6192331,14,0.9588240321261545,0.5235711011419572,0.5550125826783541
BIF-UCB (hot),6192331,15,0.9672171210151653,0.5274928621884764,0.475682235287062
BIF-UCB (hot),6192331,16,0.9672171210151653,0.5273032396358609,0.4953778079205524
BIF-UCB (hot),6192331,17,0.9672171210151653,0.5727595784968629,0.45401601387628066
BIF-UCB (hot),6192331,18,0.9618196229066606,0.5795004759158512,0.46447202490533906
BIF-UCB (hot),6192331,19,0.9767183262625381,0.5887399394347154,0.5010104117747216
BIF-UCB (hot),8026546,0,0.31743935938557866,0.054668008132170036,0.5536948664127002
BIF-UCB (hot),8026546,1,0.8876967364032423,0.06317463670420993,0.5447602633009502
BIF-UCB (hot),8026546,2,0.8876967364032423,0.07038191712880196,0.5164707213781
BIF-UCB (hot),8026546,3,0.8876967364032423,0.08323922484112556,0.5939554299186951
BIF-UCB (hot),8026546,4,0.8876967364032423,0.12085532253293477,0.592127692809781
BIF-UCB (hot),8026546,5,0.8876967364032423,0.1411747799358295,0.5721525384821368
BIF-UCB (hot),8026546,6,0.8876967364032423,0.14786804270301898,0.5644911288077825
BIF-UCB (hot),8026546,7,0.9589095401708206,0.24840359596218606,0.603433020242908
BIF-UCB (hot),8026546,8,0.9070338564725935,0.27755900136963374,0.6166498132607474
BIF-UCB (hot),8026546,9,0.9070338564725935,0.375618862440008,0.6187185428204213
BIF-UCB (hot),8026546,10,0.9142497235916676,0.3034105026201677,0.5995965394049387
BIF-UCB (hot),8026546,11,0.9852328705252299,0.29537547024305777,0.5684132683423735
BIF-UCB (hot),8026546,12,0.9852328705252299,0.29587961374134697,0.5786055512035909
BIF-UCB (hot),8026546,13,0.9697774894949922,0.32627564997189745,0.6042226887913027
BIF-UCB (hot),8026546,14,0.9852328705252299,0.3689182654729965,0.5613182124367619
BIF-UCB (hot),8026546,15,0.9852328705252299,0.34204107533819533,0.5144906270346159
BIF-UCB (hot),8026546,16,0.9722478099156366,0.4028703856563689,0.523905137524362
BIF-UCB (hot),8026546,17,0.9732704182293326,0.411541959282258,0.5505302723297848
BIF-UCB (hot),8026546,18,0.9940887513192004,0.405585823485252,0.5089073141401901
BIF-UCB (hot),8026546,19,0.9940887513192004,0.385654793478127,0.5082085523215232
BIF-UCB (hot),6735254,0,0.31743935938557866,0.011330818991397465,0.33368057855085764
BIF-UCB (hot),6735254,1,0.899694090892848,0.020260589110025384,0.3923130718500565
BIF-UCB (hot),6735254,2,0.899694090892848,0.04128449119970226,0.5447083193990244
BIF-UCB (hot),6735254,3,0.974519541314212,0.04950167081889397,0.34352923080265874
BIF-UCB (hot),6735254,4,0.974519541314212,0.276525029308159,0.37288102821279434
BIF-UCB (hot),6735254,5,0.8966635979186337,0.3800027990941152,0.4074766391496003
BIF-UCB (hot),6735254,6,0.8966635979186337,0.3825923151852635,0.4559859337410669
BIF-UCB (hot),6735254,7,0.8966635979186337,0.4833410993768207,0.5300430812699035
BIF-UCB (hot),6735254,8,0.8966635979186337,0.5032503361288387,0.42344186364428865
BIF-UCB (hot),6735254,9,0.8949429590445956,0.4689747262278399,0.4526370014867861
BIF-UCB (hot),6735254,10,0.878361654414308,0.4889971604096495,0.37983728103954584
BIF-UCB (hot),6735254,11,0.878361654414308,0.4918225643103796,0.37600236508837337
BIF-UCB (hot),6735254,12,0.9757435345533448,0.4940457968460746,0.3443705632766217
BIF-UCB (hot),6735254,13,0.9757435345533448,0.488629358018197,0.36651722798051634
BIF-UCB (hot),6735254,14,0.9712754546365211,0.48879106008864176,0.4170944967470228
BIF-UCB (hot),6735254,15,0.9711470161613334,0.47563152442977114,0.41388015923496213
BIF-UCB (hot),6735254,16,0.9711470161613334,0.46069875700837537,0.4202787522445275
BIF-UCB (hot),6735254,17,0.975081804138395,0.5088307494191334,0.34893379327931906
BIF-UCB (hot),6735254,18,0.9707348334357877,0.5778654275834256,0.3601354348674052
BIF-UCB (hot),6735254,19,0.973682607611791,0.5849654978185393,0.3845689616751627
BIF-UCB (hot),1112898,0,0.5786878245011988,0.030708948001944854,0.427181715832726
BIF-UCB (hot),1112898,1,0.8876967364032423,0.04411530689154173,0.38169182615141184
BIF-UCB (hot),1112898,2,0.8876967364032423,0.06300145730657429,0.3051358991802878
BIF-UCB (hot),1112898,3,0.8876967364032423,0.16833759436885679,0.5168143621517607
BIF-UCB (hot),1112898,4,0.8876967364032423,0.2250780060645357,0.4781656080230278
BIF-UCB (hot),1112898,5,0.8876967364032423,0.3847798931662041,0.4885025681399231
BIF-UCB (hot),1112898,6,0.8876967364032423,0.3733860617737832,0.3443047483933833
BIF-UCB (hot),1112898,7,0.8876967364032423,0.39370214383707425,0.5306847600980764
BIF-UCB (hot),1112898,8,0.8900089484884361,0.407742365558798,0.5665207149349679
BIF-UCB (hot),1112898,9,0.8900089484884361,0.4208797158660184,0.583137003737794
BIF-UCB (hot),1112898,10,0.8900089484884361,0.4407973445489792,0.6035581698319041
BIF-UCB (hot),1112898,11,0.8900089484884361,0.45699654820334146,0.622935507722729
BIF-UCB (hot),1112898,12,0.8900089484884361,0.46919349913588254,0.6241298700012213
BIF-UCB (hot),1112898,13,0.8900089484884361,0.4589882049259062,0.6244265714979558
BIF-UCB (hot),1112898,14,0.8900089484884361,0.4616998125136358,0.6238576192967873
BIF-UCB (hot),1112898,15,0.8977699768227599,0.5047406754480421,0.6266725035352188
BIF-UCB (hot),1112898,16,0.9748563411594308,0.5040133816370831,0.636895832852316
BIF-UCB (hot),1112898,17,0.9761414049164123,0.5310449481271208,0.6123535090489952
BIF-UCB (hot),1112898,18,0.9761414049164123,0.5420808404956536,0.6423430467872748
BIF-UCB (hot),1112898,19,0.9761414049164123,0.5458655076387818,0.617028505893268
BIF-UCB (hot),5609958,0,0.9525152559132957,1.7893662402463745e-05,0.2672978607668792
BIF-UCB (hot),5609958,1,0.9236458760984505,0.1117263633889564,0.372216876048892
BIF-UCB (hot),5609958,2,0.8849147459831256,0.16538955544709483,0.3165359190260665
BIF-UCB (hot),5609958,3,0.9304729262558386,0.26072534386749263,0.49548084859035557
BIF-UCB (hot),5609958,4,0.9027901943994274,0.30364371603613455,0.44861604421070156
BIF-UCB (hot),5609958,5,0.8943339314081293,0.33742637729463487,0.34591772251182495
BIF-UCB (hot),5609958,6,0.8943339314081293,0.3543836297732776,0.3381341017869831
BIF-UCB (hot),5609958,7,0.8898494488582143,0.3815857197214601,0.3844812579713644
BIF-UCB (hot),5609958,8,0.8900089484884361,0.4121612664590428,0.4280508086190813
BIF-UCB (hot),5609958,9,0.8898494488582143,0.4244531318523067,0.407279425931996
BIF-UCB (hot),5609958,10,0.8966635979186337,0.4521508127926933,0.37137799781931113
BIF-UCB (hot),5609958,11,0.8966635979186337,0.4669091859553631,0.4267459309466439
BIF-UCB (hot),5609958,12,0.9588240321261545,0.47432839305027236,0.41833084362490913
BIF-UCB (hot),5609958,13,0.9588240321261545,0.4869236357487173,0.4432657318114798
BIF-UCB (hot),5609958,14,0.9658936601852656,0.43026913483904883,0.36901323196133895
BIF-UCB (hot),5609958,15,0.9640728547446187,0.504716685449711,0.3730738456323084
BIF-UCB (hot),5609958,16,0.9658936601852656,0.5046706415524701,0.4161172880961029
BIF-UCB (hot),5609958,17,0.9658936601852656,0.5011518830491073,0.41463200103740555
BIF-UCB (hot),5609958,18,0.9640728547446187,0.49576945452372045,0.44958436457868145
BIF-UCB (hot),5609958,19,0.9709320245061729,0.5039747977689448,0.4474824337010963
BIF-UCB (hot),4736968,0,0.567173868390065,0.006712521641568344,0.05382688601016662
BIF-UCB (hot),4736968,1,0.9791355977452344,0.00871698357288599,0.0676890890082078
BIF-UCB (hot),4736968,2,0.9791355977452344,0.014170232524007453,0.23809295940149883
BIF-UCB (hot),4736968,3,0.9791355977452344,0.2798191365033266,0.09505897280056072
BIF-UCB (hot),4736968,4,0.9791355977452344,0.3624816012671278,0.18928033319957313
BIF-UCB (hot),4736968,5,0.9791355977452344,0.4053411315171855,0.20127392696076737
BIF-UCB (hot),4736968,6,0.9791355977452344,0.4276616988162599,0.20340531536345854
BIF-UCB (hot),4736968,7,0.9588240321261545,0.36366294651931896,0.20153207392504704
BIF-UCB (hot),4736968,8,0.9767183262625381,0.36457500457221936,0.3486823024504533
BIF-UCB (hot),4736968,9,0.9767183262625381,0.3807692463685512,0.20929839115148052
BIF-UCB (hot),4736968,10,0.8989950218541121,0.35147453820488495,0.29513592041123804
BIF-UCB (hot),4736968,11,0.8770190083617748,0.3515891611512784,0.3609776531752626
BIF-UCB (hot),4736968,12,0.8910748400490311,0.36754907684575117,0.32523889308573406
BIF-UCB (hot),4736968,13,0.8899803370773054,0.39207269425375463,0.3960824232288348
BIF-UCB (hot),4736968,14,0.8967602829198583,0.4424006852390445,0.3954768044093939
BIF-UCB (hot),4736968,15,0.8909544298106566,0.4567085154517195,0.5303344048883292
BIF-UCB (hot),4736968,16,0.8909544298106566,0.45415918319732757,0.4315577827739514
BIF-UCB (hot),4736968,17,0.9107805134375643,0.4658924460475331,0.4332480728881747
BIF-UCB (hot),4736968,18,0.9107805134375643,0.4762217825777327,0.35310183272504075
BIF-UCB (hot),4736968,19,0.9724837442184047,0.5262980429224889,0.3377659978501543
BIF-UCB (hot),617977,0,0.6367588439615917,0.00027228931621508634,0.0019864652598943853
BIF-UCB (hot),617977,1,0.9871147531406382,0.0644382423264131,0.04358022296203415
BIF-UCB (hot),617977,2,0.8876967364032423,0.08082691538180477,0.1413501896373398
BIF-UCB (hot),617977,3,0.9665679521946323,0.10813803185326613,0.2684953682431626
BIF-UCB (hot),617977,4,0.8900089484884361,0.3394399223663274,0.3727456136846369
BIF-UCB (hot),617977,5,0.8966635979186337,0.34196896068264143,0.37289935767886406
BIF-UCB (hot),617977,6,0.8900089484884361,0.3671815323163372,0.5044948969664097
BIF-UCB (hot),617977,7,0.8900089484884361,0.3913810207975059,0.5114548827083606
BIF-UCB (hot),617977,8,0.8898494488582143,0.4623022132730432,0.5240537001000203
BIF-UCB (hot),617977,9,0.8898494488582143,0.4835146975075537,0.543296894690557
BIF-UCB (hot),617977,10,0.8900089484884361,0.4888728414159971,0.5381450537750465
BIF-UCB (hot),617977,11,0.8900089484884361,0.4909336817540914,0.535767869562271
BIF-UCB (hot),617977,12,0.8900089484884361,0.5048238845553863,0.5520106771683492
BIF-UCB (hot),617977,13,0.8900089484884361,0.5288137598482916,0.5536690052949003
BIF-UCB (hot),617977,14,0.9723587939655138,0.5425677563372298,0.5083114788926263
BIF-UCB (hot),617977,15,0.9723587939655138,0.549995903422327,0.49539897589383375
BIF-UCB (hot),617977,16,0.9728142599379587,0.5763342970363268,0.4964617992482959
BIF-UCB (hot),617977,17,0.9728142599379587,0.5786272485420574,0.5639556305767811
BIF-UCB (hot),617977,18,0.9728142599379587,0.5797647970319253,0.5503723066547735
BIF-UCB (hot),617977,19,0.9728142599379587,0.6168264746861423,0.5717766650343516
BIF-UCB (hot),8500888,0,0.446665267472359,0.09465834269276352,0.4249063926772961
BIF-UCB (hot),8500888,1,0.8952172904202818,0.11753592145279604,0.3542620752836283
BIF-UCB (hot),8500888,2,0.8952172904202818,0.1243110887105834,0.2837671044556937
BIF-UCB (hot),8500888,3,0.8952172904202818,0.20862764003544812,0.5023074043199125
BIF-UCB (hot),8500888,4,0.8952172904202818,0.44271045783324,0.534163614133326
BIF-UCB (hot),8500888,5,0.8878457713665732,0.4799273832488362,0.35147531373874963
BIF-UCB (hot),8500888,6,0.8878457713665732,0.4841435204173315,0.3915852073334439
BIF-UCB (hot),8500888,7,0.8878457713665732,0.5171571102410379,0.3202743649397645
BIF-UCB (hot),8500888,8,0.9017386152013106,0.5267226967445493,0.33809413557161605
BIF-UCB (hot),8500888,9,0.9017386152013106,0.5307744136773567,0.4865475881603888
BIF-UCB (hot),8500888,10,0.8900089484884361,0.538316920672388,0.5462125591504474
BIF-UCB (hot),8500888,11,0.8900089484884361,0.5222854761223731,0.5949587663987683
BIF-UCB (hot),8500888,12,0.8977699768227599,0.5228727092331614,0.6061674843492233
BIF-UCB (hot),8500888,13,0.8977699768227599,0.5269122169195578,0.5900376718463365
BIF-UCB (hot),8500888,14,0.8977699768227599,0.5326534498488488,0.5739989305463198
BIF-UCB (hot),8500888,15,0.8977699768227599,0.5652897922244075,0.549043063950664
BIF-UCB (hot),8500888,16,0.8977699768227599,0.5800624681814565,0.6023650798166549
BIF-UCB (hot),8500888,17,0.8977699768227599,0.5982872717296674,0.6409983448983001
BIF-UCB (hot),8500888,18,0.8977699768227599,0.6123579539652134,0.6332921265832256
BIF-UCB (hot),8500888,19,0.8977699768227599,0.6132263688548567,0.6613376084004234
BIF-UCB (hot),4205117,0,0.6662013040838882,0.007473005235520031,0.43369684298208144
BIF-UCB (hot),4205117,1,0.94895077868039,0.022297371644069062,0.4381079351579484
BIF-UCB (hot),4205117,2,0.9207298553964104,0.07649474071888776,0.31170497933138785
BIF-UCB (hot),4205117,3,0.8943339314081293,0.03624277117123734,0.41370137538906127
BIF-UCB (hot),4205117,4,0.980467432971412,0.22260081959087338,0.35628939804781784
BIF-UCB (hot),4205117,5,0.980467432971412,0.2776630930023462,0.2764949240962129
BIF-UCB (hot),4205117,6,0.980467432971412,0.30386466468460455,0.2921028354158562
BIF-UCB (hot),4205117,7,0.9767183262625381,0.37882297864888387,0.30033743335149593
BIF-UCB (hot),4205117,8,0.8943339314081293,0.4216322317663693,0.28073093148039435
BIF-UCB (hot),4205117,9,0.9232668447985519,0.4300340292759419,0.279075225349241
BIF-UCB (hot),4205117,10,0.904832628437277,0.42577350819097587,0.26427550933417204
BIF-UCB (hot),4205117,11,0.9359810689116688,0.5350490624053988,0.25940387225548783
BIF-UCB (hot),4205117,12,0.9657973346573312,0.5240256889298635,0.38738416278315785
BIF-UCB (hot),4205117,13,0.9657973346573312,0.5299026019157488,0.37741224490928466
BIF-UCB (hot),4205117,14,0.9657973346573312,0.4434418642539218,0.43522703109784655
BIF-UCB (hot),4205117,15,0.9657973346573312,0.5432986493092375,0.44220443770211115
BIF-UCB (hot),4205117,16,0.9549475387343122,0.5382980558662873,0.4796655294145816
BIF-UCB (hot),4205117,17,0.9630847958082539,0.5468111864539232,0.4817575403890242
BIF-UCB (hot),4205117,18,0.9390516964130371,0.5750374061467809,0.33312562068812035
BIF-UCB (hot),4205117,19,0.9546952017984529,0.5085643307802655,0.32633311629620193
BIF-UCB (hot),756214,0,0.6367588439615917,0.01756469027523951,0.4319716355735653
BIF-UCB (hot),756214,1,0.9264407809293614,0.03764052237315654,0.4248568225539846
BIF-UCB (hot),756214,2,0.8982603383320003,0.025869922461901257,0.22965119110289686
BIF-UCB (hot),756214,3,0.9583514712016894,0.044669299781826995,0.2832943237739203
BIF-UCB (hot),756214,4,0.9207298553964104,0.014128194339757176,0.31351489604374766
BIF-UCB (hot),756214,5,0.8793148178138773,0.041065539958808926,0.28160254512375094
BIF-UCB (hot),756214,6,0.9157581534000875,0.10341390810031532,0.4019692685279549
BIF-UCB (hot),756214,7,0.9271782470410156,0.1351041796773861,0.5318150394224695
BIF-UCB (hot),756214,8,0.9157581534000875,0.2868164451593258,0.43871073251139525
BIF-UCB (hot),756214,9,0.9157581534000875,0.24454641881797845,0.35029337486857426
BIF-UCB (hot),756214,10,0.9207298553964104,0.3374354199977211,0.33649563035100233
BIF-UCB (hot),756214,11,0.9157581534000875,0.48051828691182025,0.33996129002587083
BIF-UCB (hot),756214,12,0.8943339314081293,0.49777805105435907,0.3418170479253155
BIF-UCB (hot),756214,13,0.8967602829198583,0.5098427705506824,0.34709645676309403
BIF-UCB (hot),756214,14,0.9207298553964104,0.5190528802567661,0.34204512456159963
BIF-UCB (hot),756214,15,0.9195404248484341,0.5189396851570186,0.3389767612529452
BIF-UCB (hot),756214,16,0.9653122054815363,0.5086668556730225,0.3180591243161824
BIF-UCB (hot),756214,17,0.9653122054815363,0.5082539586288857,0.3533743959162702
BIF-UCB (hot),756214,18,0.9653122054815363,0.5000427511606358,0.3485627479915162
BIF-UCB (hot),756214,19,0.9653122054815363,0.5178537021707759,0.31556591667503353
BIF-UCB (hot),4283694,0,0.9525152559132957,9.048186393811957e-06,0.06419908627187301
BIF-UCB (hot),4283694,1,0.9359810689116688,0.000759888675893325,0.11797963894316135
BIF-UCB (hot),4283694,2,0.8967602829198583,0.0035021686926667663,0.13168367962823002
BIF-UCB (hot),4283694,3,0.9343166276953241,0.0014872557944445738,0.13731829116500927
BIF-UCB (hot),4283694,4,0.980467432971412,0.08867924340693427,0.10921495927969258
BIF-UCB (hot),4283694,5,0.980467432971412,0.12402173193000851,0.17140156154735245
BIF-UCB (hot),4283694,6,0.980467432971412,0.32385146942824444,0.20392732060728985
BIF-UCB (hot),4283694,7,0.8989950218541121,0.35826516759005356,0.24529436888867318
BIF-UCB (hot),4283694,8,0.8910748400490311,0.3843930861979609,0.23531515322973076
BIF-UCB (hot),4283694,9,0.904832628437277,0.41358033766527513,0.2598295279391512
BIF-UCB (hot),4283694,10,0.904832628437277,0.42596228408713227,0.2592116616747068
BIF-UCB (hot),4283694,11,0.8967602829198583,0.4439567500542413,0.2066408917132681
BIF-UCB (hot),4283694,12,0.8967602829198583,0.487895180392767,0.2416924611710626
BIF-UCB (hot),4283694,13,0.9207298553964104,0.48602975318052405,0.24303525316573626
BIF-UCB (hot),4283694,14,0.9207298553964104,0.47346828449472333,0.2600102719394533
BIF-UCB (hot),4283694,15,0.9207298553964104,0.4672705638774454,0.2612296180670591
BIF-UCB (hot),4283694,16,0.9343166276953241,0.45679719381867057,0.2264787338654664
BIF-UCB (hot),4283694,17,0.9940887513192004,0.5392295868480786,0.2254358123267815
BIF-UCB (hot),4283694,18,0.9940887513192004,0.5383058752342406,0.2896635751475108
BIF-UCB (hot),4283694,19,0.9940887513192004,0.5561848679884243,0.2974387727537329
BIF-UCB (hot),7449696,0,0.9401933170134235,0.04016324075427269,0.40856915498119306
BIF-UCB (hot),7449696,1,0.956093000373373,0.10297468324668932,0.5012518324931654
BIF-UCB (hot),7449696,2,0.8991817349437807,0.12240163378855025,0.2912444461392068
BIF-UCB (hot),7449696,3,0.8940781062499731,0.2720336501307029,0.21539573138026535
BIF-UCB (hot),7449696,4,0.9899752751608271,0.28824885662176436,0.269252379838383
BIF-UCB (hot),7449696,5,0.9899752751608271,0.40153505435272296,0.30427541117258233
BIF-UCB (hot),7449696,6,0.9899752751608271,0.5232946153747093,0.4590938328747065
BIF-UCB (hot),7449696,7,0.980467432971412,0.5432831942189168,0.5339165618866297
BIF-UCB (hot),7449696,8,0.980467432971412,0.5061289235776513,0.5241846591623469
BIF-UCB (hot),7449696,9,0.980467432971412,0.4929589119805537,0.5415217263017337
BIF-UCB (hot),7449696,10,0.9767183262625381,0.5146901921917887,0.5234576255039289
BIF-UCB (hot),7449696,11,0.980467432971412,0.4576400656827755,0.391036390532122
BIF-UCB (hot),7449696,12,0.9736414212924178,0.45613865036479334,0.27134164786404996
BIF-UCB (hot),7449696,13,0.9736414212924178,0.5542682675372868,0.25751255080126967
BIF-UCB (hot),7449696,14,0.9754695559940361,0.5592184329694662,0.29597131057774445
BIF-UCB (hot),7449696,15,0.9754695559940361,0.5552280703165057,0.36833261011248536
BIF-UCB (hot),7449696,16,0.9736414212924178,0.5815697698256406,0.3628497605197406
BIF-UCB (hot),7449696,17,0.9804827904691968,0.5852467265884446,0.45019871643124354
BIF-UCB (hot),7449696,18,0.980467432971412,0.5683587414680757,0.443365246176682
BIF-UCB (hot),7449696,19,0.9309664431417369,0.558159402077008,0.42563083114964617
BIF-UCB (hot),9848369,0,0.9254021028282133,0.0018513769483415252,0.2107386723200454
BIF-UCB (hot),9848369,1,0.939378024934452,0.007239761441076331,0.35332962934275447
BIF-UCB (hot),9848369,2,0.9184406762294373,0.005124086223279766,0.4031480541672967
BIF-UCB (hot),9848369,3,0.9275227156497575,0.0050908331599592,0.2657595193719847
BIF-UCB (hot),9848369,4,0.9275227156497575,0.002254371844111197,0.25313419985649577
BIF-UCB (hot),9848369,5,0.9328462221727066,0.00021658485592551547,0.3224431466846896
BIF-UCB (hot),9848369,6,0.9328462221727066,0.015546482384088931,0.2869924024289225
BIF-UCB (hot),9848369,7,0.9070338564725935,0.046847747093278214,0.32114318021160565
BIF-UCB (hot),9848369,8,0.9070338564725935,0.011147138199593115,0.3322268856596738
BIF-UCB (hot),9848369,9,0.9157581534000875,0.016192127512142822,0.2758253333378873
BIF-UCB (hot),9848369,10,0.9157581534000875,0.017810713896926008,0.37715462269914907
BIF-UCB (hot),9848369,11,0.9157581534000875,0.06842191074254259,0.3314120598819329
BIF-UCB (hot),9848369,12,0.8943339314081293,0.049848771190383,0.3077147346831287
BIF-UCB (hot),9848369,13,0.8943339314081293,0.059993238480509734,0.2736035008814804
BIF-UCB (hot),9848369,14,0.9027901943994274,0.07937675480145125,0.275959091861754
BIF-UCB (hot),9848369,15,0.9027901943994274,0.10420180156314476,0.27613778274784456
BIF-UCB (hot),9848369,16,0.9027901943994274,0.10583816780940045,0.2875515054343625
BIF-UCB (hot),9848369,17,0.897880268553708,0.16580979027258863,0.2986692981343127
BIF-UCB (hot),9848369,18,0.8840729261067237,0.16252839624429727,0.33930822080878636
BIF-UCB (hot),9848369,19,0.8840729261067237,0.1780571298007655,0.3362199767080601
BIF-EI (hot),9049607,0,0.6705203623512067,0.08748386286958865,0.1993282600073185
BIF-EI (hot),9049607,1,0.8881912917675344,0.10383581134045586,0.20646326056073436
BIF-EI (hot),9049607,2,0.9640201519661352,0.11618218941432439,0.4407281271896891
BIF-EI (hot),9049607,3,0.9640201519661352,0.17229264550162746,0.4577967269517851
BIF-EI (hot),9049607,4,0.9640201519661352,0.3854976255204355,0.467874927040559
BIF-EI (hot),9049607,5,0.9640201519661352,0.43946711429051677,0.4590851239686692
BIF-EI (hot),9049607,6,0.9640201519661352,0.4441594201674736,0.38545634922863903
BIF-EI (hot),9049607,7,0.9640201519661352,0.45671119215841366,0.3393714480749508
BIF-EI (hot),9049607,8,0.8891758624816023,0.3949308925945648,0.41399863373142076
BIF-EI (hot),9049607,9,0.899694090892848,0.3877577122441144,0.49783352475269627
BIF-EI (hot),9049607,10,0.9805292091220155,0.47969807667074965,0.5303334726730943
BIF-EI (hot),9049607,11,0.8874157747424267,0.4754460409072544,0.4421203073589702
BIF-EI (hot),9049607,12,0.8874157747424267,0.5333662224411471,0.3653347951007283
BIF-EI (hot),9049607,13,0.8874157747424267,0.5282684245440772,0.3234253318588268
BIF-EI (hot),9049607,14,0.8874157747424267,0.5262905795999703,0.49659384886651753
BIF-EI (hot),9049607,15,0.8874157747424267,0.4906942910255542,0.4321632368941747
BIF-EI (hot),9049607,16,0.8874157747424267,0.4958271249621354,0.3433795417661051
BIF-EI (hot),9049607,17,0.899694090892848,0.501760691316385,0.35098534828055106
BIF-EI (hot),9049607,18,0.8874157747424267,0.5006511864234019,0.34524295495463525
BIF-EI (hot),9049607,19,0.8874157747424267,0.49420641317415226,0.3721190289161277
BIF-EI (hot),2402697,0,0.0,0.09078621635250214,0.49061930122590414
BIF-EI (hot),2402697,1,0.8891758624816023,0.10465717907799234,0.45066998057357455
BIF-EI (hot),2402697,2,0.8891758624816023,0.11810482581782339,0.3280856897299629
BIF-EI (hot),2402697,3,0.9781883723118654,0.15093134629295146,0.5993478197943445
BIF-EI (hot),2402697,4,0.9781883723118654,0.3086165265189953,0.608750935991484
BIF-EI (hot),2402697,5,0.8881912917675344,0.3631160938634492,0.5338470815219325
BIF-EI (hot),2402697,6,0.8881912917675344,0.4408073847995364,0.547298034557987
BIF-EI (hot),2402697,7,0.8881912917675344,0.45322340612468887,0.46833165961317524
BIF-EI (hot),2402697,8,0.8881912917675344,0.44356820903384747,0.4666654173667115
BIF-EI (hot),2402697,9,0.8881912917675344,0.45920061893794356,0.5665609225180922
BIF-EI (hot),2402697,10,0.8881912917675344,0.47602404487942407,0.5977015113957602
BIF-EI (hot),2402697,11,0.8881912917675344,0.4923382614923555,0.5900635144184923
BIF-EI (hot),2402697,12,0.8881912917675344,0.4882270302517101,0.6071105496290002
BIF-EI (hot),2402697,13,0.8881912917675344,0.45634762092562847,0.6034032999679675
BIF-EI (hot),2402697,14,0.8881912917675344,0.459105274035297,0.5913910601615473
BIF-EI (hot),2402697,15,0.9791355977452344,0.4878275673859077,0.5423117734361009
BIF-EI (hot),2402697,16,0.9589095401708206,0.48767707061045207,0.6075714589122972
BIF-EI (hot),2402697,17,0.9589095401708206,0.5526081714513622,0.6025011288283353
BIF-EI (hot),2402697,18,0.974519541314212,0.5528392919693446,0.5822635512492312
BIF-EI (hot),2402697,19,0.974519541314212,0.5714993205836105,0.5775404837392418
BIF-EI (hot),6510749,0,0.4448102255292818,0.02546485821545763,0.5100540567840359
BIF-EI (hot),6510749,1,0.8807468262635766,0.0474342810942782,0.5263508377971687
BIF-EI (hot),6510749,2,0.9653122054815363,0.06092111429101178,0.27756316043120416
BIF-EI (hot),6510749,3,0.9653122054815363,0.017311810100632607,0.2686524404176956
BIF-EI (hot),6510749,4,0.9653122054815363,0.27402154320645655,0.31159297344690157
BIF-EI (hot),6510749,5,0.8881912917675344,0.2821322617319391,0.5213560305890473
BIF-EI (hot),6510749,6,0.8881912917675344,0.41405450302996566,0.5599303685823322
BIF-EI (hot),6510749,7,0.8881912917675344,0.4613907481521369,0.5649822937682967
BIF-EI (hot),6510749,8,0.9653122054815363,0.511373875585407,0.5749329266988714
BIF-EI (hot),6510749,9,0.9653122054815363,0.5210692573718868,0.5892673268760544
BIF-EI (hot),6510749,10,0.9653122054815363,0.5189459111876448,0.5953896992860584
BIF-EI (hot),6510749,11,0.9653122054815363,0.5193961234236937,0.5931269286996479
BIF-EI (hot),6510749,12,0.9653122054815363,0.45704730254879206,0.5945836964946081
BIF-EI (hot),6510749,13,0.9653122054815363,0.40312587070936046,0.6240091275570303
BIF-EI (hot),6510749,14,0.9653122054815363,0.3892799395262866,0.5987299220617448
BIF-EI (hot),6510749,15,0.9653122054815363,0.36546365886669274,0.5899428833438987
BIF-EI (hot),6510749,16,0.9653122054815363,0.44536545702647257,0.5764106352581859
BIF-EI (hot),6510749,17,0.9653122054815363,0.43617397365696475,0.5857594532127006
BIF-EI (hot),6510749,18,0.9653122054815363,0.4370532962386681,0.5544304035633216
BIF-EI (hot),6510749,19,0.9653122054815363,0.4509579002759284,0.5487584528293855
BIF-EI (hot),758529,0,0.4448102255292818,0.015717049547693793,0.5030176321950665
BIF-EI (hot),758529,1,0.8807468262635766,0.03509762448239705,0.3476912126224805
BIF-EI (hot),758529,2,0.9653122054815363,0.05375816029240088,0.280781011221642
BIF-EI (hot),758529,3,0.9653122054815363,0.030271193589890746,0.3043458692090499
BIF-EI (hot),758529,4,0.9653122054815363,0.36993582195390423,0.29551992806826555
BIF-EI (hot),758529,5,0.8881912917675344,0.38341368363651046,0.41157651460778655
BIF-EI (hot),758529,6,0.8881912917675344,0.4816319705503154,0.47018106895205397
BIF-EI (hot),758529,7,0.8881912917675344,0.5058400270403963,0.5011311388985128
BIF-EI (hot),758529,8,0.9653122054815363,0.4793499637601412,0.48588332540955925
BIF-EI (hot),758529,9,0.899694090892848,0.47496437072724446,0.5568926194262025
BIF-EI (hot),758529,10,0.9184406762294373,0.4678258474265156,0.49272342601558133
BIF-EI (hot),758529,11,0.9184406762294373,0.4973967659404613,0.4726334940590753
BIF-EI (hot),758529,12,0.8952172904202818,0.5189884162810188,0.5306250212962709
BIF-EI (hot),758529,13,0.8952172904202818,0.5030359721864293,0.5757561107348682
BIF-EI (hot),758529,14,0.9556242738306693,0.4976385503819623,0.5438135054452409
BIF-EI (hot),758529,15,0.9751777835068648,0.49718788574860123,0.5420161879467836
BIF-EI (hot),758529,16,0.9556242738306693,0.4946031647384677,0.539956782197162
BIF-EI (hot),758529,17,0.9751777835068648,0.5673757410108375,0.5717761331417999
BIF-EI (hot),758529,18,0.9568158079630843,0.5741873837084447,0.6048744565931683
BIF-EI (hot),758529,19,0.9568158079630843,0.5771217564390227,0.6101812590192968
BIF-EI (hot),3523986,0,0.4448102255292818,0.007801943483447695,0.4115497164078292
BIF-EI (hot),3523986,1,0.8807468262635766,0.014337776807567842,0.3807283345695929
BIF-EI (hot),3523986,2,0.8807468262635766,0.02273850036582075,0.2877129516521804
BIF-EI (hot),3523986,3,0.8807468262635766,0.37945937639296234,0.17195529489531192
BIF-EI (hot),3523986,4,0.8881912917675344,0.245608353380513,0.4753195016379569
BIF-EI (hot),3523986,5,0.8881912917675344,0.2666840606456484,0.4375070251174278
BIF-EI (hot),3523986,6,0.8881912917675344,0.4137639159296955,0.5035990609542619
BIF-EI (hot),3523986,7,0.8881912917675344,0.43151058390998825,0.5262760697655953
BIF-EI (hot),3523986,8,0.8966468491260778,0.4491340645994097,0.5141633385240609
BIF-EI (hot),3523986,9,0.8966468491260778,0.4731915629413845,0.5313400479494349
BIF-EI (hot),3523986,10,0.8966468491260778,0.4877274975029971,0.5499664372727155
BIF-EI (hot),3523986,11,0.8881912917675344,0.4962239439851465,0.5569156509724147
BIF-EI (hot),3523986,12,0.8966468491260778,0.5144392516429825,0.5304600907741137
BIF-EI (hot),3523986,13,0.8881912917675344,0.5072355391954262,0.5228603903497393
BIF-EI (hot),3523986,14,0.8881912917675344,0.5358650598869528,0.5474219793146086
BIF-EI (hot),3523986,15,0.8881912917675344,0.5351868481936702,0.5943103823639126
BIF-EI (hot),3523986,16,0.8881912917675344,0.5355828584041681,0.5948626335859029
BIF-EI (hot),3523986,17,0.8881912917675344,0.5322016279546465,0.581215998425785
BIF-EI (hot),3523986,18,0.8881912917675344,0.5320080610587301,0.5811798998528467
BIF-EI (hot),3523986,19,0.8881912917675344,0.5324173828614623,0.5795256929557528
BIF-EI (hot),3224638,0,0.6705203623512067,0.1113036319714608,0.4147875408344471
BIF-EI (hot),3224638,1,0.8881912917675344,0.16145305315939107,0.31013552896926283
BIF-EI (hot),3224638,2,0.9640201519661352,0.1409152634870769,0.5651363623105966
BIF-EI (hot),3224638,3,0.9640201519661352,0.20438781801518024,0.5889798821477
BIF-EI (hot),3224638,4,0.9640201519661352,0.12615796654935518,0.5969774908105963
BIF-EI (hot),3224638,5,0.9640201519661352,0.12988051064384232,0.5975599965973031
BIF-EI (hot),3224638,6,0.9640201519661352,0.44697899013396114,0.521009202185445
BIF-EI (hot),3224638,7,0.9640201519661352,0.46827818027341117,0.33210756094244853
BIF-EI (hot),3224638,8,0.9640201519661352,0.4749454900128945,0.33906151728231376
BIF-EI (hot),3224638,9,0.9640201519661352,0.5236213110899328,0.33588335635153577
BIF-EI (hot),3224638,10,0.9640201519661352,0.428843321642125,0.3926836795201613
BIF-EI (hot),3224638,11,0.9640201519661352,0.43451892812828297,0.43787950901218203
BIF-EI (hot),3224638,12,0.9640201519661352,0.46176429656175727,0.4633820900344898
BIF-EI (hot),3224638,13,0.9640201519661352,0.4902625948146524,0.44342204826114856
BIF-EI (hot),3224638,14,0.9640201519661352,0.5529885778356338,0.5143835733378035
BIF-EI (hot),3224638,15,0.9640201519661352,0.6227625397156893,0.4892175542455503
BIF-EI (hot),3224638,16,0.9640201519661352,0.624033578311497,0.5217686670922143
BIF-EI (hot),3224638,17,0.9640201519661352,0.6230712186583482,0.4909453896959064
BIF-EI (hot),3224638,18,0.9640201519661352,0.6061358937263276,0.4635282608890743
BIF-EI (hot),3224638,19,0.9630847958082539,0.6030729786996432,0.4685790376492853
BIF-EI (hot),9729091,0,0.4448102255292818,0.026077154422180067,0.4042834028072301
BIF-EI (hot),9729091,1,0.8807468262635766,0.03360091128128515,0.4100048692792229
BIF-EI (hot),9729091,2,0.950857092165703,0.038946656376164054,0.35794877590194035
BIF-EI (hot),9729091,3,0.950857092165703,0.11098325311917945,0.3620047340244049
BIF-EI (hot),9729091,4,0.9653122054815363,0.11899421116181177,0.3807251171758914
BIF-EI (hot),9729091,5,0.9653122054815363,0.4212860353750819,0.35851326167251385
BIF-EI (hot),9729091,6,0.9653122054815363,0.437508504304712,0.5122300041252639
BIF-EI (hot),9729091,7,0.9653122054815363,0.4415885782615522,0.5546294437537544
BIF-EI (hot),9729091,8,0.9653122054815363,0.4511966773441134,0.5420357922807969
BIF-EI (hot),9729091,9,0.9653122054815363,0.4435671315499191,0.5732180000640487
BIF-EI (hot),9729091,10,0.9653122054815363,0.43326907782688906,0.5478718040567347
BIF-EI (hot),9729091,11,0.9653122054815363,0.44434376670473635,0.5400529826870958
BIF-EI (hot),9729091,12,0.9653122054815363,0.4392892540211706,0.5310976899305856
BIF-EI (hot),9729091,13,0.9653122054815363,0.3996895368693412,0.5464562433218609
BIF-EI (hot),9729091,14,0.9653122054815363,0.38796703183228903,0.5348591822682325
BIF-EI (hot),9729091,15,0.9653122054815363,0.41664319827048446,0.48866421509697666
BIF-EI (hot),9729091,16,0.9653122054815363,0.385837064384675,0.5170352573974175
BIF-EI (hot),9729091,17,0.9653122054815363,0.44721730656482406,0.5247090651686578
BIF-EI (hot),9729091,18,0.9653122054815363,0.45299395381610225,0.5836848868238635
BIF-EI (hot),9729091,19,0.9653122054815363,0.46588494980501005,0.5867084428764882
BIF-EI (hot),5830471,0,0.4448102255292818,0.037205430173280096,0.37250108755179334
BIF-EI (hot),5830471,1,0.8807468262635766,0.053597685496002904,0.31861548924988076
BIF-EI (hot),5830471,2,0.950857092165703,0.06195770213738173,0.305434012778673
BIF-EI (hot),5830471,3,0.950857092165703,0.12432354021857188,0.36256821749114165
BIF-EI (hot),5830471,4,0.9653122054815363,0.428267198601704,0.24343674396265289
BIF-EI (hot),5830471,5,0.8881912917675344,0.4404638927511191,0.5040697518147784
BIF-EI (hot),5830471,6,0.9653122054815363,0.4541560092960952,0.47649131255827604
BIF-EI (hot),5830471,7,0.9653122054815363,0.4769519113726784,0.5207346310078278
BIF-EI (hot),5830471,8,0.9653122054815363,0.4179089459383298,0.5138432237892714
BIF-EI (hot),5830471,9,0.9309004731360817,0.5010150872679936,0.5277032953153895
BIF-EI (hot),5830471,10,0.8952172904202818,0.49656973276574107,0.5979328437034757
BIF-EI (hot),5830471,11,0.910333435175223,0.4744959633399219,0.5864868602531248
BIF-EI (hot),5830471,12,0.910333435175223,0.5174963587972502,0.6115349303528412
BIF-EI (hot),5830471,13,0.910333435175223,0.5198656766268516,0.6027409194423958
BIF-EI (hot),5830471,14,0.9601851910531305,0.5085456318288545,0.584525038285217
BIF-EI (hot),5830471,15,0.9601851910531305,0.5839420977884012,0.57910965507937
BIF-EI (hot),5830471,16,0.9601851910531305,0.5738036185683129,0.6268672947769702
BIF-EI (hot),5830471,17,0.9601851910531305,0.5559085070669467,0.6426787724443376
BIF-EI (hot),5830471,18,0.9556242738306693,0.538366826765292,0.5921223511191405
BIF-EI (hot),5830471,19,0.9805292091220155,0.6086105503831859,0.5777310958761741
BIF-EI (hot),5343420,0,0.4448102255292818,0.03379328772350682,0.47232755964411355
BIF-EI (hot),5343420,1,0.8807468262635766,0.04779296507914647,0.47685871780975253
BIF-EI (hot),5343420,2,0.950857092165703,0.07726573854048059,0.37241421033490146
BIF-EI (hot),5343420,3,0.950857092165703,0.19571928366598929,0.4430109725772273
BIF-EI (hot),5343420,4,0.9525278241646253,0.4162063232483415,0.499949526030933
BIF-EI (hot),5343420,5,0.950857092165703,0.4109277429512436,0.5052279384525988
BIF-EI (hot),5343420,6,0.9653122054815363,0.5141069948001875,0.40368766838207626
BIF-EI (hot),5343420,7,0.9653122054815363,0.5354235488645029,0.5776481892126015
BIF-EI (hot),5343420,8,0.9653122054815363,0.5164479072220146,0.5704140330633362
BIF-EI (hot),5343420,9,0.8952172904202818,0.5169685397662307,0.5873170082453472
BIF-EI (hot),5343420,10,0.910333435175223,0.5604267513312795,0.5793745229860257
BIF-EI (hot),5343420,11,0.8952172904202818,0.5585671913076851,0.5152759444039772
BIF-EI (hot),5343420,12,0.8952172904202818,0.5488093459089215,0.48187783949126695
BIF-EI (hot),5343420,13,0.9549796450246527,0.5523826460108194,0.49551047140006665
BIF-EI (hot),5343420,14,0.9549796450246527,0.5186166362947195,0.47892108052704524
BIF-EI (hot),5343420,15,0.9568158079630843,0.5231837247140534,0.36530804526183086
BIF-EI (hot),5343420,16,0.9568158079630843,0.5240675166007158,0.38693709861640513
BIF-EI (hot),5343420,17,0.9613714861951872,0.514036145603651,0.41573243275623994
BIF-EI (hot),5343420,18,0.9385023479996483,0.5828096665598943,0.33030782725486235
BIF-EI (hot),5343420,19,0.9568158079630843,0.5842119263744876,0.42270251702959927
BIF-EI (hot),2417321,0,0.5938301176095421,0.017514515895315785,0.2109386243030608
BIF-EI (hot),2417321,1,0.8800236592005751,0.011941445766872257,0.19774385271259526
BIF-EI (hot),2417321,2,0.8800236592005751,0.007143867715454331,0.23967381165419588
BIF-EI (hot),2417321,3,0.9376406306109454,0.011067797754588717,0.2767573309531607
BIF-EI (hot),2417321,4,0.9640201519661352,0.10017953242084521,0.25230685532216596
BIF-EI (hot),2417321,5,0.9640201519661352,0.11466016047527236,0.37329194873301363
BIF-EI (hot),2417321,6,0.9640201519661352,0.13274591463467494,0.4157473735213311
BIF-EI (hot),2417321,7,0.8891758624816023,0.14996722313362876,0.4173730292169646
BIF-EI (hot),2417321,8,0.9640201519661352,0.1535993448716843,0.44093954804535984
BIF-EI (hot),2417321,9,0.9376406306109454,0.17744470191340347,0.45336616085237436
BIF-EI (hot),2417321,10,0.9376406306109454,0.2509395046874149,0.47941714116748735
BIF-EI (hot),2417321,11,0.9376406306109454,0.2646633545498662,0.487059507034297
BIF-EI (hot),2417321,12,0.9376406306109454,0.3067166820519581,0.48849840175531456
BIF-EI (hot),2417321,13,0.9376406306109454,0.4705385374612335,0.5407922565733795
BIF-EI (hot),2417321,14,0.9618517291970011,0.549989571717383,0.5498558353503911
BIF-EI (hot),2417321,15,0.8876967364032423,0.5626068066783836,0.5257428503429709
BIF-EI (hot),2417321,16,0.9559415289799644,0.5443935655111181,0.5585768307324421
BIF-EI (hot),2417321,17,0.9791355977452344,0.5445176992491825,0.5998393424153918
BIF-EI (hot),2417321,18,0.9791355977452344,0.5385097889725746,0.5974947759791316
BIF-EI (hot),2417321,19,0.9791355977452344,0.5423530701756105,0.5824950069508961
BIF-EI (hot),9891788,0,0.4448102255292818,0.02757591880920884,0.38603252702528507
BIF-EI (hot),9891788,1,0.8807468262635766,0.041547197072800815,0.3314265630987674
BIF-EI (hot),9891788,2,0.950857092165703,0.049257698394766604,0.4591637726569756
BIF-EI (hot),9891788,3,0.950857092165703,0.1429071740425003,0.4820758253776205
BIF-EI (hot),9891788,4,0.9653122054815363,0.4698474220614001,0.4827454810772632
BIF-EI (hot),9891788,5,0.8881912917675344,0.4911838285763445,0.5315365836197825
BIF-EI (hot),9891788,6,0.8881912917675344,0.5022843354259849,0.5798101461459708
BIF-EI (hot),9891788,7,0.9653122054815363,0.511040957697682,0.6057547954374977
BIF-EI (hot),9891788,8,0.9653122054815363,0.5228549921717596,0.6086328046808035
BIF-EI (hot),9891788,9,0.9653122054815363,0.5303709956351118,0.625685468925794
BIF-EI (hot),9891788,10,0.9653122054815363,0.5206531100447233,0.6113663163014562
BIF-EI (hot),9891788,11,0.9309004731360817,0.5170696225682397,0.6090770044524574
BIF-EI (hot),9891788,12,0.9640201519661352,0.5657837295529442,0.6100312113866726
BIF-EI (hot),9891788,13,0.9640201519661352,0.5518719470239263,0.5976330091609443
BIF-EI (hot),9891788,14,0.9640201519661352,0.5542066055558416,0.5942024281322276
BIF-EI (hot),9891788,15,0.9640201519661352,0.5551955929201497,0.5845495137428817
BIF-EI (hot),9891788,16,0.9640201519661352,0.5605684233498575,0.5548771842968313
BIF-EI (hot),9891788,17,0.9309004731360817,0.5597955844376953,0.5571355035071758
BIF-EI (hot),9891788,18,0.9309004731360817,0.5794553010272554,0.5839908228987104
BIF-EI (hot),9891788,19,0.9309004731360817,0.5786233040995086,0.6315900493775584
BIF-EI (hot),9314146,0,0.6705203623512067,0.22295214708272276,0.03725638724991506
BIF-EI (hot),9314146,1,0.8881912917675344,0.24475063042643477,0.051910257422401324
BIF-EI (hot),9314146,2,0.8894505267029275,0.27990513560252217,0.14707642579906527
BIF-EI (hot),9314146,3,0.9525278241646253,0.2844890088720299,0.04494018081405502
BIF-EI (hot),9314146,4,0.9525278241646253,0.36511640682048774,0.02168859717648718
BIF-EI (hot),9314146,5,0.9525278241646253,0.20624895891469622,0.03666605530561142
BIF-EI (hot),9314146,6,0.9755697225606449,0.1767883787463715,0.019822644693260345
BIF-EI (hot),9314146,7,0.9755697225606449,0.30805372641805234,0.01748468203911137
BIF-EI (hot),9314146,8,0.9755697225606449,0.2730633382371604,0.028097225536064606
BIF-EI (hot),9314146,9,0.9709773980236851,0.2659339578827398,0.1682127210977448
BIF-EI (hot),9314146,10,0.1719437966972446,0.3074854977962273,0.18764209674284232
BIF-EI (hot),9314146,11,0.9676314006682368,0.26512134076484395,0.19274543448858095
BIF-EI (hot),9314146,12,0.9755697225606449,0.20748694987864244,0.2232165687550231
BIF-EI (hot),9314146,13,0.9755697225606449,0.34701706871615984,0.18865402341688509
BIF-EI (hot),9314146,14,0.9755697225606449,0.3584530550213728,0.2753868953425709
BIF-EI (hot),9314146,15,0.9755697225606449,0.3367049717533376,0.2263453598484904
BIF-EI (hot),9314146,16,0.9755697225606449,0.3545262787837656,0.20379838717490598
BIF-EI (hot),9314146,17,0.9755697225606449,0.42740425301997476,0.16871235610573873
BIF-EI (hot),9314146,18,0.9755697225606449,0.45995878558517117,0.18756915039232133
BIF-EI (hot),9314146,19,0.9755697225606449,0.46646632115583564,0.21739220307736581
BIF-EI (hot),9488226,0,0.4448102255292818,0.07240774407402759,0.11302095912200147
BIF-EI (hot),9488226,1,0.8807468262635766,0.10841859757049602,0.10227775927213292
BIF-EI (hot),9488226,2,0.8807468262635766,0.1405955902399205,0.2067497082763086
BIF-EI (hot),9488226,3,0.878361654414308,0.19245972564939942,0.1881665900665126
BIF-EI (hot),9488226,4,0.878361654414308,0.5059289356666598,0.19803918660360303
BIF-EI (hot),9488226,5,0.8881912917675344,0.49518534943239084,0.26419468206677943
BIF-EI (hot),9488226,6,0.8891758624816023,0.5257358631180779,0.3756296933416823
BIF-EI (hot),9488226,7,0.8881912917675344,0.5213817485238688,0.4348125209721399
BIF-EI (hot),9488226,8,0.8891758624816023,0.5156351830177934,0.49262362817185323
BIF-EI (hot),9488226,9,0.8881912917675344,0.5070106839621438,0.48474718386737403
BIF-EI (hot),9488226,10,0.8966468491260778,0.4997341181371513,0.5054589429412236
BIF-EI (hot),9488226,11,0.8966468491260778,0.49860859242449845,0.45076466391465975
BIF-EI (hot),9488226,12,0.8849716359597481,0.4967261201362085,0.5050126428476924
BIF-EI (hot),9488226,13,0.8849716359597481,0.4989826158629913,0.4472041725947608
BIF-EI (hot),9488226,14,0.8849716359597481,0.49902601959347165,0.5352367664352132
BIF-EI (hot),9488226,15,0.8849716359597481,0.4994764995880251,0.5418542941537547
BIF-EI (hot),9488226,16,0.8849716359597481,0.498912186307547,0.5256934783226402
BIF-EI (hot),9488226,17,0.8849716359597481,0.4991960773255962,0.5432970604223337
BIF-EI (hot),9488226,18,0.899694090892848,0.49944705683525964,0.5545763119438685
BIF-EI (hot),9488226,19,0.899694090892848,0.49978642905227666,0.5306316811434924
BIF-EI (hot),2697408,0,0.6705203623512067,0.14442488339712056,0.35301536960701796
BIF-EI (hot),2697408,1,0.8881912917675344,0.15685578773755143,0.3025212125816629
BIF-EI (hot),2697408,2,0.9640201519661352,0.10559310355364171,0.5204140514128706
BIF-EI (hot),2697408,3,0.9640201519661352,0.09829557516260412,0.30552884504437194
BIF-EI (hot),2697408,4,0.9640201519661352,0.20810166179806777,0.3020579164653703
BIF-EI (hot),2697408,5,0.9640201519661352,0.3005219664989343,0.2809706343855139
BIF-EI (hot),2697408,6,0.9382793281076746,0.33309942443458185,0.2695455291169092
BIF-EI (hot),2697408,7,0.9640201519661352,0.34392985463384085,0.2709676473328326
BIF-EI (hot),2697408,8,0.9382793281076746,0.40629327995507936,0.3122483369094747
BIF-EI (hot),2697408,9,0.9640201519661352,0.4178291013239022,0.33464528760125384
BIF-EI (hot),2697408,10,0.9552609528449328,0.45127795522264985,0.350897867270283
BIF-EI (hot),2697408,11,0.9640201519661352,0.4954209461348888,0.348388928726973
BIF-EI (hot),2697408,12,0.9640201519661352,0.49195321038670736,0.3537292232804988
BIF-EI (hot),2697408,13,0.9640201519661352,0.4808069002972865,0.3578617484286106
BIF-EI (hot),2697408,14,0.9640201519661352,0.4811970681819767,0.3678741945043313
BIF-EI (hot),2697408,15,0.9309004731360817,0.5021502146080183,0.36670604463799245
BIF-EI (hot),2697408,16,0.9309004731360817,0.4472517875852884,0.3974307322880443
BIF-EI (hot),2697408,17,0.9552609528449328,0.4292762258026675,0.3521901851345293
BIF-EI (hot),2697408,18,0.8891758624816023,0.3973227121695116,0.3448830846560843
BIF-EI (hot),2697408,19,0.8891758624816023,0.39820178232504994,0.33241756783166376
BIF-EI (hot),5135059,0,0.5938301176095421,0.0577184305963269,0.43039968549538016
BIF-EI (hot),5135059,1,0.8800236592005751,0.09006061499120932,0.49558644674280916
BIF-EI (hot),5135059,2,0.9640201519661352,0.12405723297918042,0.37374145075503307
BIF-EI (hot),5135059,3,0.9640201519661352,0.06738342706133701,0.33732399022381815
BIF-EI (hot),5135059,4,0.9376406306109454,0.31525981224608746,0.3414227063118886
BIF-EI (hot),5135059,5,0.8891758624816023,0.33653627507521755,0.46633172518285115
BIF-EI (hot),5135059,6,0.8891758624816023,0.41338736082791766,0.4744579608571624
BIF-EI (hot),5135059,7,0.8966468491260778,0.43101970712599236,0.3971272086162152
BIF-EI (hot),5135059,8,0.9653122054815363,0.43311185559744747,0.43254419035590497
BIF-EI (hot),5135059,9,0.9653122054815363,0.39415594141240523,0.4298486719775169
BIF-EI (hot),5135059,10,0.9653122054815363,0.5315898635928621,0.4316270055805867
BIF-EI (hot),5135059,11,0.9653122054815363,0.5245968537846073,0.4580242612812056
BIF-EI (hot),5135059,12,0.9653122054815363,0.5295554038861121,0.45367533542093896
BIF-EI (hot),5135059,13,0.962214005047431,0.5263664317113886,0.46679030325012716
BIF-EI (hot),5135059,14,0.962214005047431,0.5039959744138205,0.4321698940598196
BIF-EI (hot),5135059,15,0.962214005047431,0.5088666435869927,0.421178738414779
BIF-EI (hot),5135059,16,0.962214005047431,0.5187926219035344,0.43495590462679584
BIF-EI (hot),5135059,17,0.9630847958082539,0.4980474319871568,0.501336727508253
BIF-EI (hot),5135059,18,0.9916651990392956,0.47815485008840286,0.48504318969145616
BIF-EI (hot),5135059,19,0.8852766690171782,0.4539122938413475,0.4671984465305296
BIF-EI (hot),6813578,0,0.6705203623512067,0.01738854223310954,0.2726164123126155
BIF-EI (hot),6813578,1,0.8881912917675344,0.01177769731988149,0.3599593256461347
BIF-EI (hot),6813578,2,0.8881912917675344,0.01991648348644923,0.4739940314479316
BIF-EI (hot),6813578,3,0.9376406306109454,0.02645065443535577,0.4058998794582019
BIF-EI (hot),6813578,4,0.9640201519661352,0.10532704963333411,0.43237321664518624
BIF-EI (hot),6813578,5,0.9640201519661352,0.1443295027035743,0.4347830802129309
BIF-EI (hot),6813578,6,0.8891758624816023,0.34846748208544664,0.38555174818731835
BIF-EI (hot),6813578,7,0.8891758624816023,0.40608291531679647,0.3819956121441195
BIF-EI (hot),6813578,8,0.8966635979186337,0.35836661196310804,0.3894573294176643
BIF-EI (hot),6813578,9,0.9552609528449328,0.3214623824864472,0.4330429432034398
BIF-EI (hot),6813578,10,0.9376406306109454,0.3328987241541006,0.4861775607729375
BIF-EI (hot),6813578,11,0.9376406306109454,0.20830170862500183,0.5037088331801671
BIF-EI (hot),6813578,12,0.8949429590445956,0.3576725613173791,0.4258631877143405
BIF-EI (hot),6813578,13,0.8966468491260778,0.4117151679573548,0.3391506374367617
BIF-EI (hot),6813578,14,0.8966468491260778,0.4342115782080079,0.3278744116809366
BIF-EI (hot),6813578,15,0.8894505267029275,0.43385550357868763,0.32890605246232196
BIF-EI (hot),6813578,16,0.9670646044864504,0.44245774588927067,0.3210909345711376
BIF-EI (hot),6813578,17,0.9670646044864504,0.4561760728078446,0.3178039737960327
BIF-EI (hot),6813578,18,0.9670646044864504,0.48084412044560604,0.31889255509490966
BIF-EI (hot),6813578,19,0.9299138121514008,0.5483932158606726,0.3494345752512079
BIF-EI (hot),430826,0,0.4448102255292818,0.0012433756049296813,0.5548318592452619
BIF-EI (hot),430826,1,0.8807468262635766,0.005587231389707656,0.3605920346662588
BIF-EI (hot),430826,2,0.8807468262635766,0.011563579710384124,0.33582423605063166
BIF-EI (hot),430826,3,0.8807468262635766,0.00867691638651589,0.33242720462031206
BIF-EI (hot),430826,4,0.9653122054815363,0.3549483744639549,0.34369302651634276
BIF-EI (hot),430826,5,0.8881912917675344,0.3795638153882726,0.5159935215149885
BIF-EI (hot),430826,6,0.8881912917675344,0.4841958269328812,0.5817156027395891
BIF-EI (hot),430826,7,0.8881912917675344,0.501719800982631,0.6015746749944806
BIF-EI (hot),430826,8,0.8949429590445956,0.5148542647999917,0.5966103570799973
BIF-EI (hot),430826,9,0.8949429590445956,0.5245943536713675,0.5835846708931827
BIF-EI (hot),430826,10,0.8949429590445956,0.5415472998130412,0.6082375252647341
BIF-EI (hot),430826,11,0.9653122054815363,0.5484343491214548,0.591509915578244
BIF-EI (hot),430826,12,0.9653122054815363,0.554415479555901,0.5933377036727279
BIF-EI (hot),430826,13,0.8849716359597481,0.5480034097419483,0.6312100541821544
BIF-EI (hot),430826,14,0.8876967364032423,0.552754874019139,0.6062374355236406
BIF-EI (hot),430826,15,0.9559415289799644,0.5511061820891179,0.6101416824361308
BIF-EI (hot),430826,16,0.9559415289799644,0.5620745689102064,0.6308332056186623
BIF-EI (hot),430826,17,0.9559415289799644,0.589812977731067,0.6035583902737598
BIF-EI (hot),430826,18,0.9552609528449328,0.5742487077445202,0.6132073155664932
BIF-EI (hot),430826,19,0.9552609528449328,0.5720291642582849,0.6070507588170002
BIF-EI (hot),6192331,0,0.5938301176095421,0.00332463183739567,0.16864594411256512
BIF-EI (hot),6192331,1,0.8800236592005751,0.0030633982676184623,0.20963779854572168
BIF-EI (hot),6192331,2,0.8800236592005751,0.005170130712561115,0.45250711289758916
BIF-EI (hot),6192331,3,0.8800236592005751,0.036965999567529335,0.14252440503631267
BIF-EI (hot),6192331,4,0.9640201519661352,0.033145992024069613,0.35413970001517747
BIF-EI (hot),6192331,5,0.9640201519661352,0.10982529181895134,0.4826097142044325
BIF-EI (hot),6192331,6,0.9640201519661352,0.1349126343686211,0.5469443133906694
BIF-EI (hot),6192331,7,0.9640201519661352,0.1389618501035937,0.5507716513392308
BIF-EI (hot),6192331,8,0.9640201519661352,0.22275522590877378,0.5543145113337846
BIF-EI (hot),6192331,9,0.9640201519661352,0.22411029859676557,0.506999352845782
BIF-EI (hot),6192331,10,0.9640201519661352,0.23896880922003957,0.5121291091987901
BIF-EI (hot),6192331,11,0.9640201519661352,0.25192715876145855,0.5198683302635717
BIF-EI (hot),6192331,12,0.9640201519661352,0.27989489501834364,0.5326217486064674
BIF-EI (hot),6192331,13,0.9640201519661352,0.2965636509098655,0.5516545495785135
BIF-EI (hot),6192331,14,0.9640201519661352,0.3154484384208081,0.5528877275413808
BIF-EI (hot),6192331,15,0.8881912917675344,0.3311855995751718,0.546347197585412
BIF-EI (hot),6192331,16,0.8881912917675344,0.3381398090655194,0.5370360003200966
BIF-EI (hot),6192331,17,0.8881912917675344,0.3630160073538529,0.5363562469018655
BIF-EI (hot),6192331,18,0.8881912917675344,0.3962299868115413,0.5318602162611481
BIF-EI (hot),6192331,19,0.8881912917675344,0.39338386621103244,0.49087023110302985
BIF-EI (hot),8026546,0,0.0,0.06993331236810764,0.22958684854191821
BIF-EI (hot),8026546,1,0.8891758624816023,0.08526009476951305,0.27364538052919757
BIF-EI (hot),8026546,2,0.8891758624816023,0.10727592999212147,0.04616831405400807
BIF-EI (hot),8026546,3,0.8891758624816023,0.3552919339083965,0.2255037068330596
BIF-EI (hot),8026546,4,0.8891758624816023,0.40665619597955527,0.1833035053107293
BIF-EI (hot),8026546,5,0.8891758624816023,0.4381067557000324,0.22584657366840447
BIF-EI (hot),8026546,6,0.8891758624816023,0.5106673514366733,0.2645451330245758
BIF-EI (hot),8026546,7,0.8881912917675344,0.5293492858675866,0.155334441809597
BIF-EI (hot),8026546,8,0.8891758624816023,0.5366926738850403,0.18700142161264421
BIF-EI (hot),8026546,9,0.8891758624816023,0.537135558274516,0.34169293178315735
BIF-EI (hot),8026546,10,0.8966635979186337,0.5173443481530494,0.453699649892239
BIF-EI (hot),8026546,11,0.8849716359597481,0.45404787462801305,0.42759852594737574
BIF-EI (hot),8026546,12,0.9568158079630843,0.4515482015674562,0.45361041847669725
BIF-EI (hot),8026546,13,0.8952172904202818,0.46577725360201605,0.47511605408182156
BIF-EI (hot),8026546,14,0.8952172904202818,0.3525207572546802,0.521067844914141
BIF-EI (hot),8026546,15,0.9568158079630843,0.326661291709664,0.5252104962557119
BIF-EI (hot),8026546,16,0.9601851910531305,0.38322624263340604,0.5312616500558186
BIF-EI (hot),8026546,17,0.8952172904202818,0.38020834966418304,0.5304107677149216
BIF-EI (hot),8026546,18,0.9568158079630843,0.35138873353742933,0.5347398070714582
BIF-EI (hot),8026546,19,0.9556242738306693,0.41251235130123415,0.5480846651994608
BIF-EI (hot),6735254,0,0.6705203623512067,0.024842535971921494,0.3860194568809223
BIF-EI (hot),6735254,1,0.8881912917675344,0.019214295498575493,0.3793648187491463
BIF-EI (hot),6735254,2,0.9525278241646253,0.03637064591192186,0.39291521625432363
BIF-EI (hot),6735254,3,0.9376406306109454,0.03778868374508276,0.38270660355820035
BIF-EI (hot),6735254,4,0.9376406306109454,0.27835267575544537,0.36836868828895425
BIF-EI (hot),6735254,5,0.8891758624816023,0.263144150155887,0.3456130443706875
BIF-EI (hot),6735254,6,0.8807468262635766,0.24592385678793627,0.3209862235381348
BIF-EI (hot),6735254,7,0.8686360379801904,0.2534346843341499,0.32558456091056104
BIF-EI (hot),6735254,8,0.8807468262635766,0.24431002292495607,0.35376076498794184
BIF-EI (hot),6735254,9,0.8686360379801904,0.1982034759833593,0.3394075865793853
BIF-EI (hot),6735254,10,0.732502451208424,0.2326040020374222,0.30508785403153693
BIF-EI (hot),6735254,11,0.732502451208424,0.28231361334386673,0.30235052652964267
BIF-EI (hot),6735254,12,0.9612297871497405,0.29700295283936434,0.3155962828782037
BIF-EI (hot),6735254,13,0.9376406306109454,0.3018281265193787,0.5998698156974616
BIF-EI (hot),6735254,14,0.9376406306109454,0.3345315825585881,0.6322090588896135
BIF-EI (hot),6735254,15,0.9376406306109454,0.3498656754704143,0.6087627611393144
BIF-EI (hot),6735254,16,0.9376406306109454,0.37021958486613377,0.6371810967568509
BIF-EI (hot),6735254,17,0.9376406306109454,0.3617200997901222,0.572153577761817
BIF-EI (hot),6735254,18,0.9376406306109454,0.33000187294176064,0.5581879389745609
BIF-EI (hot),6735254,19,0.9376406306109454,0.3181094300148114,0.6087387875142034
BIF-EI (hot),1112898,0,0.0,0.16499311730243696,0.46846990743033134
BIF-EI (hot),1112898,1,0.8891758624816023,0.1999683510211988,0.36907328243639226
BIF-EI (hot),1112898,2,0.8891758624816023,0.2546608202978745,0.2995450916403333
BIF-EI (hot),1112898,3,0.8849562718050507,0.2999024439413244,0.46746001733026654
BIF-EI (hot),1112898,4,0.9653122054815363,0.4764055227124032,0.5886513103387316
BIF-EI (hot),1112898,5,0.9299138121514008,0.5036044132448738,0.36536631110732765
BIF-EI (hot),1112898,6,0.9184406762294373,0.5108444666971275,0.38808893304231173
BIF-EI (hot),1112898,7,0.9299138121514008,0.49393028082712187,0.30871532206995045
BIF-EI (hot),1112898,8,0.899694090892848,0.5009902500359684,0.3015628192223625
BIF-EI (hot),1112898,9,0.899694090892848,0.5033476055699336,0.43013982208903917
BIF-EI (hot),1112898,10,0.899694090892848,0.5030276080648738,0.4124171039094084
BIF-EI (hot),1112898,11,0.899694090892848,0.463946626978885,0.49651963922368414
BIF-EI (hot),1112898,12,0.899694090892848,0.47142586202757086,0.4751919309264397
BIF-EI (hot),1112898,13,0.899694090892848,0.4734241118469633,0.5133061745318781
BIF-EI (hot),1112898,14,0.899694090892848,0.475785215413871,0.49012200220877183
BIF-EI (hot),1112898,15,0.899694090892848,0.47829673490233865,0.4066993223617843
BIF-EI (hot),1112898,16,0.899694090892848,0.476252905199188,0.39445530763150016
BIF-EI (hot),1112898,17,0.9184406762294373,0.4640305748205882,0.46321455495008745
BIF-EI (hot),1112898,18,0.9184406762294373,0.4852133792712171,0.4342322080505707
BIF-EI (hot),1112898,19,0.9184406762294373,0.47314731626784373,0.5139623993988525
BIF-EI (hot),5609958,0,0.4448102255292818,0.009771864221942516,0.3863651735049991
BIF-EI (hot),5609958,1,0.8807468262635766,0.01571505035514397,0.3015250664799023
BIF-EI (hot),5609958,2,0.8807468262635766,0.029395241055138743,0.39085473850230146
BIF-EI (hot),5609958,3,0.8817488380891294,0.0733172621056936,0.4097639205945988
BIF-EI (hot),5609958,4,0.9653122054815363,0.4331701255884675,0.4000284650068502
BIF-EI (hot),5609958,5,0.8891758624816023,0.46195291917870424,0.5536545019023225
BIF-EI (hot),5609958,6,0.8881912917675344,0.47956711104486494,0.5804707422862385
BIF-EI (hot),5609958,7,0.8881912917675344,0.5019502313838544,0.6153526516227896
BIF-EI (hot),5609958,8,0.8881912917675344,0.5027373532038918,0.6096503077260366
BIF-EI (hot),5609958,9,0.8881912917675344,0.5249290676498188,0.6331899692228484
BIF-EI (hot),5609958,10,0.8881912917675344,0.5350948262946541,0.6340232358921278
BIF-EI (hot),5609958,11,0.9640201519661352,0.5153694709441733,0.625453135031883
BIF-EI (hot),5609958,12,0.899694090892848,0.5119055902367715,0.61905796121999
BIF-EI (hot),5609958,13,0.899694090892848,0.5042351303383752,0.623793243675143
BIF-EI (hot),5609958,14,0.904832628437277,0.38698014321164315,0.6061416199426666
BIF-EI (hot),5609958,15,0.8952172904202818,0.37506818010374027,0.5836682918003242
BIF-EI (hot),5609958,16,0.910333435175223,0.4000888237988007,0.585398926681574
BIF-EI (hot),5609958,17,0.910333435175223,0.3849997863217631,0.6166230974917997
BIF-EI (hot),5609958,18,0.910333435175223,0.39164418024918857,0.6086619463795442
BIF-EI (hot),5609958,19,0.910333435175223,0.41460651027045853,0.6123517064235457
BIF-EI (hot),4736968,0,0.6705203623512067,0.10408014090917173,0.06991043581523984
BIF-EI (hot),4736968,1,0.8881912917675344,0.06914241673639136,0.030495552355446626
BIF-EI (hot),4736968,2,0.8881912917675344,0.08329770680398511,0.19522864836999992
BIF-EI (hot),4736968,3,0.8881912917675344,0.33232770475501966,0.05771900638329908
BIF-EI (hot),4736968,4,0.8800236592005751,0.32656143946656896,0.21193651420283338
BIF-EI (hot),4736968,5,0.8807468262635766,0.3347353486161943,0.2605779999575688
BIF-EI (hot),4736968,6,0.8807468262635766,0.35353503120041135,0.3020774763775628
BIF-EI (hot),4736968,7,0.8807468262635766,0.34969901369020134,0.29983654105691177
BIF-EI (hot),4736968,8,0.8807468262635766,0.34173509549518283,0.40425608409768826
BIF-EI (hot),4736968,9,0.8807468262635766,0.2762219243421363,0.4010121389948119
BIF-EI (hot),4736968,10,0.8807468262635766,0.2557881207017384,0.40101722249289207
BIF-EI (hot),4736968,11,0.94895077868039,0.4997624578858592,0.451200195978816
BIF-EI (hot),4736968,12,0.9791355977452344,0.5000250835237708,0.3245537127093458
BIF-EI (hot),4736968,13,0.9791355977452344,0.528448983490955,0.4505970204102997
BIF-EI (hot),4736968,14,0.9791355977452344,0.5176409322163523,0.5175298770375536
BIF-EI (hot),4736968,15,0.9791355977452344,0.5907031880282573,0.5389293677433724
BIF-EI (hot),4736968,16,0.9563058951010075,0.5911858908648391,0.5646311172157725
BIF-EI (hot),4736968,17,0.9563058951010075,0.5963175765280438,0.54864843518872
BIF-EI (hot),4736968,18,0.9563058951010075,0.5937545762894838,0.5364943201546242
BIF-EI (hot),4736968,19,0.9791355977452344,0.42346746572628885,0.548675812572891
BIF-EI (hot),617977,0,0.6705203623512067,0.023141194723926117,0.021508940081785853
BIF-EI (hot),617977,1,0.8881912917675344,0.020792276946868776,0.043144781713382506
BIF-EI (hot),617977,2,0.8881912917675344,0.0373400616167421,0.13944841823529341
BIF-EI (hot),617977,3,0.8881912917675344,0.38222794054475084,0.008703363937530262
BIF-EI (hot),617977,4,0.8891758624816023,0.42367263399173755,0.031160224833134992
BIF-EI (hot),617977,5,0.8891758624816023,0.425422248789616,0.0627998261758858
BIF-EI (hot),617977,6,0.8891758624816023,0.41922073761379763,0.06350676440177326
BIF-EI (hot),617977,7,0.8891758624816023,0.45202910440921484,0.05179154662204159
BIF-EI (hot),617977,8,0.8807468262635766,0.4841185110853648,0.08395687051312362
BIF-EI (hot),617977,9,0.9525278241646253,0.4922278320597351,0.08982626460823787
BIF-EI (hot),617977,10,0.9525278241646253,0.4946588000735953,0.10802073169270596
BIF-EI (hot),617977,11,0.9525278241646253,0.4968152985307844,0.0979822973296199
BIF-EI (hot),617977,12,0.9653122054815363,0.3183528027514158,0.0860414136589358
BIF-EI (hot),617977,13,0.9653122054815363,0.43494914688198705,0.22564232686948169
BIF-EI (hot),617977,14,0.9653122054815363,0.45102650222728524,0.3302136085904941
BIF-EI (hot),617977,15,0.9653122054815363,0.46132932969316504,0.3521778514333203
BIF-EI (hot),617977,16,0.9653122054815363,0.477151119077546,0.3437960257994953
BIF-EI (hot),617977,17,0.9653122054815363,0.4914346783178838,0.22966141912420768
BIF-EI (hot),617977,18,0.9653122054815363,0.5530446766677128,0.21869919684136147
BIF-EI (hot),617977,19,0.9653122054815363,0.5817539198464149,0.29414459299949886
BIF-EI (hot),8500888,0,0.0,0.27327706855633327,0.4739346332292979
BIF-EI (hot),8500888,1,0.8891758624816023,0.31443640084694885,0.349889250136211
BIF-EI (hot),8500888,2,0.8891758624816023,0.3582347546339117,0.3243879471058637
BIF-EI (hot),8500888,3,0.8891758624816023,0.40657050768308306,0.5302382049250279
BIF-EI (hot),8500888,4,0.8891758624816023,0.41026355738333414,0.575604387004651
BIF-EI (hot),8500888,5,0.8891758624816023,0.5146987872751577,0.5586011321516349
BIF-EI (hot),8500888,6,0.8891758624816023,0.5154359425506104,0.43257883462377783
BIF-EI (hot),8500888,7,0.8891758624816023,0.5200233666168115,0.4256554998405392
BIF-EI (hot),8500888,8,0.8891758624816023,0.5257865179201175,0.4672944811460831
BIF-EI (hot),8500888,9,0.8891758624816023,0.5302675944191341,0.4406147379058293
BIF-EI (hot),8500888,10,0.8891758624816023,0.5214983936951372,0.4643644915717846
BIF-EI (hot),8500888,11,0.8891758624816023,0.5344503909317894,0.5631530815683065
BIF-EI (hot),8500888,12,0.8891758624816023,0.60083328174138,0.5841847414867708
BIF-EI (hot),8500888,13,0.8891758624816023,0.5819923544791065,0.5172373277706016
BIF-EI (hot),8500888,14,0.8952172904202818,0.5797453710108184,0.5180463405319213
BIF-EI (hot),8500888,15,0.8952172904202818,0.5567814499027669,0.3893176217328956
BIF-EI (hot),8500888,16,0.8876967364032423,0.555930858682558,0.5826601526564806
BIF-EI (hot),8500888,17,0.8876967364032423,0.5527343477672952,0.629566536551066
BIF-EI (hot),8500888,18,0.8876967364032423,0.5507040559853307,0.6402239364692022
BIF-EI (hot),8500888,19,0.8891758624816023,0.5753953764284949,0.6355391749447135
BIF-EI (hot),4205117,0,0.4448102255292818,0.08338462466168375,0.4720579555354707
BIF-EI (hot),4205117,1,0.8807468262635766,0.1039998951716906,0.36745059990588935
BIF-EI (hot),4205117,2,0.950857092165703,0.1134680138667951,0.4310988308835906
BIF-EI (hot),4205117,3,0.9781883723118654,0.1810428934464106,0.4021241056760981
BIF-EI (hot),4205117,4,0.9653122054815363,0.42504254719970824,0.37968546778392803
BIF-EI (hot),4205117,5,0.8891758624816023,0.45538016457689073,0.5042100700343728
BIF-EI (hot),4205117,6,0.8891758624816023,0.42870441810793347,0.5681668268113017
BIF-EI (hot),4205117,7,0.9299138121514008,0.41567142980227834,0.5908176809624384
BIF-EI (hot),4205117,8,0.9299138121514008,0.39848142609458137,0.5389619664089718
BIF-EI (hot),4205117,9,0.9657973346573312,0.3936396349518607,0.5435254814153951
BIF-EI (hot),4205117,10,0.9657973346573312,0.4447700546227083,0.5249818125182992
BIF-EI (hot),4205117,11,0.9299138121514008,0.3315681744861752,0.518771762047036
BIF-EI (hot),4205117,12,0.9657973346573312,0.2929310747790607,0.47369028312517203
BIF-EI (hot),4205117,13,0.9657973346573312,0.2608503572043337,0.4750318129883651
BIF-EI (hot),4205117,14,0.9657973346573312,0.19036201966137042,0.47937462069958625
BIF-EI (hot),4205117,15,0.9657973346573312,0.18049612032618548,0.4586586487849942
BIF-EI (hot),4205117,16,0.9657973346573312,0.26582903401717306,0.4713515042670927
BIF-EI (hot),4205117,17,0.9657973346573312,0.3156951598389381,0.5261884431582234
BIF-EI (hot),4205117,18,0.8881912917675344,0.33719917242077524,0.573157500622872
BIF-EI (hot),4205117,19,0.8881912917675344,0.3478104172440636,0.6072414764160541
BIF-EI (hot),756214,0,0.0,0.043897130092062135,0.5545077340948082
BIF-EI (hot),756214,1,0.8891758624816023,0.04088604964655637,0.5569098950792977
BIF-EI (hot),756214,2,0.950857092165703,0.04659676264631492,0.33167128798009027
BIF-EI (hot),756214,3,0.950857092165703,0.07328407321997835,0.4711269973352364
BIF-EI (hot),756214,4,0.950857092165703,0.1300400990804718,0.5614394283388013
BIF-EI (hot),756214,5,0.9584052191154795,0.37414915003954174,0.5967331720677626
BIF-EI (hot),756214,6,0.9584052191154795,0.4262900513730489,0.6100929461477486
BIF-EI (hot),756214,7,0.9584052191154795,0.4354178896788594,0.5847559952616099
BIF-EI (hot),756214,8,0.9653122054815363,0.44656225654721127,0.5698577255469899
BIF-EI (hot),756214,9,0.9653122054815363,0.47228699720182,0.5771166677872573
BIF-EI (hot),756214,10,0.9584052191154795,0.47440521426359356,0.5731139274254822
BIF-EI (hot),756214,11,0.9640201519661352,0.49515386865514277,0.5929808475418723
BIF-EI (hot),756214,12,0.9640201519661352,0.5134414848035717,0.5953623567151926
BIF-EI (hot),756214,13,0.9640201519661352,0.5210222103208658,0.5994709936476401
BIF-EI (hot),756214,14,0.9640201519661352,0.5242888505502786,0.5778712813259332
BIF-EI (hot),756214,15,0.9640201519661352,0.5554754959237937,0.5882715752641419
BIF-EI (hot),756214,16,0.9640201519661352,0.5545183680836693,0.6279540886195316
BIF-EI (hot),756214,17,0.8952172904202818,0.5870278016382154,0.6193083432976815
BIF-EI (hot),756214,18,0.8952172904202818,0.6045162635729439,0.6244244053600259
BIF-EI (hot),756214,19,0.8952172904202818,0.6077928876554227,0.639871156897962
BIF-EI (hot),4283694,0,0.5938301176095421,0.0040046466699246615,0.15694325526797273
BIF-EI (hot),4283694,1,0.8800236592005751,0.010554612173140515,0.28191430485730384
BIF-EI (hot),4283694,2,0.9640201519661352,0.012953578509021766,0.2675505689962899
BIF-EI (hot),4283694,3,0.9640201519661352,0.010529530295259068,0.2182984328144945
BIF-EI (hot),4283694,4,0.9640201519661352,0.0811905364194972,0.27511737705923967
BIF-EI (hot),4283694,5,0.9640201519661352,0.09090744230454834,0.4345694447109143
BIF-EI (hot),4283694,6,0.9640201519661352,0.1357810766620892,0.46893214952350704
BIF-EI (hot),4283694,7,0.9640201519661352,0.13946554226313007,0.3383201338973567
BIF-EI (hot),4283694,8,0.9640201519661352,0.13813064738728914,0.351250046227494
BIF-EI (hot),4283694,9,0.9640201519661352,0.1435511698253538,0.35567139730347946
BIF-EI (hot),4283694,10,0.9640201519661352,0.2945416148589438,0.3587160606267076
BIF-EI (hot),4283694,11,0.9653122054815363,0.34940692638151694,0.2973673246905804
BIF-EI (hot),4283694,12,0.9653122054815363,0.2444228271050554,0.29473282561739905
BIF-EI (hot),4283694,13,0.9653122054815363,0.28221147071869673,0.3476660519580823
BIF-EI (hot),4283694,14,0.9653122054815363,0.3064936914971488,0.3491352288887921
BIF-EI (hot),4283694,15,0.9653122054815363,0.3385014548169224,0.3775401955589122
BIF-EI (hot),4283694,16,0.9653122054815363,0.2833825830377638,0.4085955040549753
BIF-EI (hot),4283694,17,0.9299138121514008,0.30965977890501095,0.3505740361270634
BIF-EI (hot),4283694,18,0.9299138121514008,0.3298771502134588,0.33301894568471346
BIF-EI (hot),4283694,19,0.9299138121514008,0.3689693404136455,0.3389034118706704
BIF-EI (hot),7449696,0,0.0,0.04639815152039388,0.37341955450943715
BIF-EI (hot),7449696,1,0.8891758624816023,0.05445211906336348,0.3445011963342408
BIF-EI (hot),7449696,2,0.8891758624816023,0.06142632571873762,0.2715345843905292
BIF-EI (hot),7449696,3,0.8891758624816023,0.07255404195978071,0.5718951003907087
BIF-EI (hot),7449696,4,0.8891758624816023,0.12622973420708758,0.5818517436891513
BIF-EI (hot),7449696,5,0.8891758624816023,0.15933839836356717,0.5609481681698835
BIF-EI (hot),7449696,6,0.8891758624816023,0.3912967388466155,0.5544099194441781
BIF-EI (hot),7449696,7,0.8881912917675344,0.4406517170073525,0.4960183776035027
BIF-EI (hot),7449696,8,0.8891758624816023,0.44980524559673146,0.5024758202407691
BIF-EI (hot),7449696,9,0.8891758624816023,0.46998582566693503,0.5522903068373279
BIF-EI (hot),7449696,10,0.8891758624816023,0.4833949564055971,0.5785338007038239
BIF-EI (hot),7449696,11,0.8891758624816023,0.5124791292689814,0.59115338948363
BIF-EI (hot),7449696,12,0.8891758624816023,0.522885515617106,0.548428899636656
BIF-EI (hot),7449696,13,0.8891758624816023,0.5293780397334855,0.5444236778061587
BIF-EI (hot),7449696,14,0.8891758624816023,0.557525701238742,0.5736302319903057
BIF-EI (hot),7449696,15,0.8891758624816023,0.562664039282105,0.6275013660026638
BIF-EI (hot),7449696,16,0.8891758624816023,0.56101611534339,0.6334188619277987
BIF-EI (hot),7449696,17,0.8849716359597481,0.5581128443987089,0.6335333671053608
BIF-EI (hot),7449696,18,0.8849716359597481,0.53487519852027,0.6314704193984932
BIF-EI (hot),7449696,19,0.8891758624816023,0.5340603088460727,0.6324897682554202
BIF-EI (hot),9848369,0,0.0,0.03927810025498678,0.45480912766864223
BIF-EI (hot),9848369,1,0.8891758624816023,0.040890800345755825,0.38650753890790834
BIF-EI (hot),9848369,2,0.8891758624816023,0.05476913816206698,0.31743696481854927
BIF-EI (hot),9848369,3,0.8891758624816023,0.10912756073420893,0.5366079661297718
BIF-EI (hot),9848369,4,0.8891758624816023,0.1428068392333975,0.5368992934472447
BIF-EI (hot),9848369,5,0.8891758624816023,0.16834455428082726,0.5917669654220173
BIF-EI (hot),9848369,6,0.8891758624816023,0.364750619490163,0.5545450127138606
BIF-EI (hot),9848369,7,0.8891758624816023,0.38350103047485085,0.4795496860599385
BIF-EI (hot),9848369,8,0.8891758624816023,0.4250150947317973,0.4794050884596539
BIF-EI (hot),9848369,9,0.8891758624816023,0.4541439023454208,0.5105001554163616
BIF-EI (hot),9848369,10,0.8891758624816023,0.4690717305224972,0.5570745370837233
BIF-EI (hot),9848369,11,0.8891758624816023,0.4764623980585412,0.5084534885301566
BIF-EI (hot),9848369,12,0.8891758624816023,0.48551285056792837,0.5099636726644029
BIF-EI (hot),9848369,13,0.8891758624816023,0.5095103907976681,0.48400538991394226
BIF-EI (hot),9848369,14,0.8891758624816023,0.5186245511691481,0.5342115597633162
BIF-EI (hot),9848369,15,0.8891758624816023,0.528583176362322,0.5260015713575115
BIF-EI (hot),9848369,16,0.8891758624816023,0.5672422340299553,0.5479111109550476
BIF-EI (hot),9848369,17,0.8891758624816023,0.5810400835144044,0.629204408857551
BIF-EI (hot),9848369,18,0.8891758624816023,0.5852808201863686,0.6397429177427669
BIF-EI (hot),9848369,19,0.8891758624816023,0.5891079324155009,0.6252327064520442
BIF-PI (hot),9049607,0,0.4448102255292818,0.0764120113736846,0.2718406505800627
BIF-PI (hot),9049607,1,0.8807468262635766,0.10415499436070622,0.345477050957591
BIF-PI (hot),9049607,2,0.8979315667235949,0.15431088358336714,0.41021635086958275
BIF-PI (hot),9049607,3,0.8979315667235949,0.12959972653578822,0.44588312746442255
BIF-PI (hot),9049607,4,0.9653122054815363,0.3033945230174059,0.3436551996622822
BIF-PI (hot),9049607,5,0.9299138121514008,0.313742930116176,0.4118549348181661
BIF-PI (hot),9049607,6,0.9299138121514008,0.40672812749425313,0.36812565802385117
BIF-PI (hot),9049607,7,0.9299138121514008,0.44177954028366556,0.5386987139609576
BIF-PI (hot),9049607,8,0.8881912917675344,0.45031659999399126,0.4893598743010992
BIF-PI (hot),9049607,9,0.8874157747424267,0.46121041046865363,0.5419571345802356
BIF-PI (hot),9049607,10,0.8874157747424267,0.4688365463248561,0.5270596698307127
BIF-PI (hot),9049607,11,0.8874157747424267,0.4717171246215899,0.5730387726555567
BIF-PI (hot),9049607,12,0.8874157747424267,0.4872181519198983,0.5792131886920249
BIF-PI (hot),9049607,13,0.974519541314212,0.43291820674460463,0.5986014974538193
BIF-PI (hot),9049607,14,0.8966635979186337,0.4275867344492898,0.6388667380138137
BIF-PI (hot),9049607,15,0.8966635979186337,0.4133544861217396,0.6402790832069805
BIF-PI (hot),9049607,16,0.8966635979186337,0.42827553621709813,0.6467706938602544
BIF-PI (hot),9049607,17,0.9640201519661352,0.4226298689934188,0.64759146935368
BIF-PI (hot),9049607,18,0.8966635979186337,0.42100462971424907,0.6500827204508655
BIF-PI (hot),9049607,19,0.8966635979186337,0.4217792616886601,0.6589574276030223
BIF-PI (hot),2402697,0,0.4448102255292818,0.0028807164552041497,0.5685391959362109
BIF-PI (hot),2402697,1,0.8807468262635766,0.00437789248537097,0.5727715921901553
BIF-PI (hot),2402697,2,0.8807468262635766,0.00578789506920589,0.34727058658669774
BIF-PI (hot),2402697,3,0.9781883723118654,0.007661205159550812,0.35727091808702544
BIF-PI (hot),2402697,4,0.9781883723118654,0.27581394433961576,0.34989147849920793
BIF-PI (hot),2402697,5,0.8881912917675344,0.3004398693864034,0.5606525830145987
BIF-PI (hot),2402697,6,0.8891758624816023,0.3180414286642992,0.5995604343279223
BIF-PI (hot),2402697,7,0.8891758624816023,0.34329338709042934,0.6311989054157
BIF-PI (hot),2402697,8,0.8881912917675344,0.36653229311227764,0.6111364524177616
BIF-PI (hot),2402697,9,0.8881912917675344,0.3721956069543777,0.622847748599768
BIF-PI (hot),2402697,10,0.8966635979186337,0.3939462422370169,0.6221071875878023
BIF-PI (hot),2402697,11,0.8966635979186337,0.4130437420846909,0.6258384220101842
BIF-PI (hot),2402697,12,0.8966635979186337,0.42289679510227757,0.6207469241444916
BIF-PI (hot),2402697,13,0.8966635979186337,0.42245210732484734,0.6244953088244464
BIF-PI (hot),2402697,14,0.8966635979186337,0.42631738574547895,0.6231936375633826
BIF-PI (hot),2402697,15,0.8966635979186337,0.46853521355536004,0.6259093204436126
BIF-PI (hot),2402697,16,0.8849716359597481,0.4890239875255522,0.6224232084902244
BIF-PI (hot),2402697,17,0.8849716359597481,0.4918394340268485,0.6326590341000176
BIF-PI (hot),2402697,18,0.8849716359597481,0.48067582104256756,0.6342064368742846
BIF-PI (hot),2402697,19,0.8849716359597481,0.4847507179377294,0.6316247264189891
BIF-PI (hot),6510749,0,0.4448102255292818,0.04679738604655916,0.5503997419651478
BIF-PI (hot),6510749,1,0.8807468262635766,0.06303697354758736,0.5490299999283716
BIF-PI (hot),6510749,2,0.950857092165703,0.063128826255036,0.4298580454639458
BIF-PI (hot),6510749,3,0.9781883723118654,0.08060854429835691,0.4094038398073317
BIF-PI (hot),6510749,4,0.9653122054815363,0.4123432401856876,0.39044160282423496
BIF-PI (hot),6510749,5,0.9653122054815363,0.44089319915108405,0.3002249461483605
BIF-PI (hot),6510749,6,0.9653122054815363,0.35042149441516474,0.3207302366942089
BIF-PI (hot),6510749,7,0.9299138121514008,0.3696779383562107,0.3524699037210716
BIF-PI (hot),6510749,8,0.9299138121514008,0.37639311858454677,0.364120628402176
BIF-PI (hot),6510749,9,0.9653122054815363,0.3767223724558212,0.4686878185665695
BIF-PI (hot),6510749,10,0.9653122054815363,0.3734145249283347,0.4849953233986317
BIF-PI (hot),6510749,11,0.9653122054815363,0.35801306561425045,0.46824070323048994
BIF-PI (hot),6510749,12,0.9653122054815363,0.3135493408366828,0.49053773744115986
BIF-PI (hot),6510749,13,0.9653122054815363,0.36963670546026245,0.4868341507630409
BIF-PI (hot),6510749,14,0.9653122054815363,0.4936129698012447,0.45503933734053215
BIF-PI (hot),6510749,15,0.9653122054815363,0.43587461139199696,0.5472261281767651
BIF-PI (hot),6510749,16,0.9653122054815363,0.45069510919410394,0.5242849009234889
BIF-PI (hot),6510749,17,0.9653122054815363,0.42914209413812215,0.5113001303245147
BIF-PI (hot),6510749,18,0.9653122054815363,0.45201624335213836,0.5272640916248493
BIF-PI (hot),6510749,19,0.9653122054815363,0.4451648348044223,0.5118567698736917
BIF-PI (hot),758529,0,0.4448102255292818,0.006790250084305759,0.44354722773404054
BIF-PI (hot),758529,1,0.8807468262635766,0.012055175305622858,0.3068658863277738
BIF-PI (hot),758529,2,0.950857092165703,0.013659424763793402,0.3432951049065245
BIF-PI (hot),758529,3,0.9781883723118654,0.021411012084129814,0.3063238340665758
BIF-PI (hot),758529,4,0.9781883723118654,0.38125646684893105,0.35875242080538566
BIF-PI (hot),758529,5,0.8881912917675344,0.408415347419481,0.3687055708482134
BIF-PI (hot),758529,6,0.8881912917675344,0.37122130692085364,0.43492159920212603
BIF-PI (hot),758529,7,0.8881912917675344,0.4351504916552666,0.4789503127366814
BIF-PI (hot),758529,8,0.9653122054815363,0.419425430826206,0.46853941836720925
BIF-PI (hot),758529,9,0.9299138121514008,0.43296228143925664,0.5625619249731182
BIF-PI (hot),758529,10,0.9299138121514008,0.4404026794502525,0.4649719308452622
BIF-PI (hot),758529,11,0.9299138121514008,0.4722449519804015,0.4579899840747542
BIF-PI (hot),758529,12,0.9299138121514008,0.4994643495330655,0.5075859734922656
BIF-PI (hot),758529,13,0.9299138121514008,0.5514841145512834,0.54075126899179
BIF-PI (hot),758529,14,0.9640201519661352,0.5611430938622755,0.597870775043137
BIF-PI (hot),758529,15,0.9640201519661352,0.5662901447842047,0.5905973947971626
BIF-PI (hot),758529,16,0.9640201519661352,0.5091346155037733,0.5611679631117941
BIF-PI (hot),758529,17,0.9640201519661352,0.504939605968393,0.5474194364474503
BIF-PI (hot),758529,18,0.9640201519661352,0.5317385505025514,0.5678291362172265
BIF-PI (hot),758529,19,0.9640201519661352,0.5377858113468595,0.5984025604914939
BIF-PI (hot),3523986,0,0.4448102255292818,0.007300641824331462,0.5161673586392774
BIF-PI (hot),3523986,1,0.8807468262635766,0.013240773790629075,0.39270821651206894
BIF-PI (hot),3523986,2,0.8807468262635766,0.023445704605726012,0.39920387962404774
BIF-PI (hot),3523986,3,0.8807468262635766,0.47254354131312126,0.4265372760325383
BIF-PI (hot),3523986,4,0.8800236592005751,0.5040951057562636,0.4810497894853719
BIF-PI (hot),3523986,5,0.8881912917675344,0.5103602580547789,0.5369588236155224
BIF-PI (hot),3523986,6,0.8881912917675344,0.5071497046434714,0.5907663279252306
BIF-PI (hot),3523986,7,0.8881912917675344,0.5152449517253824,0.6123587204364309
BIF-PI (hot),3523986,8,0.8881912917675344,0.523309050098848,0.5812280986294087
BIF-PI (hot),3523986,9,0.8881912917675344,0.5304529512795036,0.6046440390663026
BIF-PI (hot),3523986,10,0.8881912917675344,0.5358287541593306,0.616584324663439
BIF-PI (hot),3523986,11,0.8881912917675344,0.5287790752766471,0.6190247584362571
BIF-PI (hot),3523986,12,0.8966468491260778,0.5357646801400081,0.5749833501751499
BIF-PI (hot),3523986,13,0.8881912917675344,0.5542344281391137,0.5582793654173368
BIF-PI (hot),3523986,14,0.8881912917675344,0.552237176317227,0.6272529283369592
BIF-PI (hot),3523986,15,0.8881912917675344,0.5478621652715158,0.3960605090479784
BIF-PI (hot),3523986,16,0.8881912917675344,0.5500011407014789,0.3600359723222134
BIF-PI (hot),3523986,17,0.8881912917675344,0.5429972357359464,0.38095947227690496
BIF-PI (hot),3523986,18,0.8881912917675344,0.5402308476319119,0.3644462436069433
BIF-PI (hot),3523986,19,0.8881912917675344,0.5432347714466552,0.3833664409183566
BIF-PI (hot),3224638,0,0.4448102255292818,0.0010882368885218984,0.3417074757104688
BIF-PI (hot),3224638,1,0.8807468262635766,0.0023398148561066382,0.41145034998563934
BIF-PI (hot),3224638,2,0.950857092165703,0.004949535215273845,0.36311889652938306
BIF-PI (hot),3224638,3,0.950857092165703,0.06680580164841148,0.40350833075950715
BIF-PI (hot),3224638,4,0.9525278241646253,0.08072522486407081,0.3523577751056607
BIF-PI (hot),3224638,5,0.9525278241646253,0.3931392448275039,0.32351395759203755
BIF-PI (hot),3224638,6,0.9653122054815363,0.40822447013261,0.573957932856919
BIF-PI (hot),3224638,7,0.8891758624816023,0.42335165686663506,0.6101693368644789
BIF-PI (hot),3224638,8,0.8849716359597481,0.43132998310036447,0.6143395837928964
BIF-PI (hot),3224638,9,0.8849716359597481,0.4434443156662987,0.6222756065849296
BIF-PI (hot),3224638,10,0.8849716359597481,0.4394366897594373,0.6184675326794766
BIF-PI (hot),3224638,11,0.9299138121514008,0.4484323114832523,0.6161399674335997
BIF-PI (hot),3224638,12,0.9299138121514008,0.49752662063992464,0.5739230419202812
BIF-PI (hot),3224638,13,0.9299138121514008,0.507513146803889,0.6147598049849299
BIF-PI (hot),3224638,14,0.9299138121514008,0.5365982120970537,0.6202498216402583
BIF-PI (hot),3224638,15,0.9299138121514008,0.5675296726806189,0.5625803779613445
BIF-PI (hot),3224638,16,0.9299138121514008,0.5754121325102317,0.6188346477888895
BIF-PI (hot),3224638,17,0.9299138121514008,0.5831827856355959,0.6271832279148069
BIF-PI (hot),3224638,18,0.9299138121514008,0.5801989942721205,0.5972553041633112
BIF-PI (hot),3224638,19,0.9299138121514008,0.5456920390462998,0.5553101043101021
BIF-PI (hot),9729091,0,0.4448102255292818,0.01756437107793917,0.5090599204272076
BIF-PI (hot),9729091,1,0.8807468262635766,0.023578503152615032,0.48198467224275165
BIF-PI (hot),9729091,2,0.950857092165703,0.02804900669112614,0.4096262157648866
BIF-PI (hot),9729091,3,0.950857092165703,0.0945940583049486,0.4229899399794311
BIF-PI (hot),9729091,4,0.9653122054815363,0.10351835159846144,0.41240770423863765
BIF-PI (hot),9729091,5,0.9653122054815363,0.4040249511695432,0.3705960680238183
BIF-PI (hot),9729091,6,0.9653122054815363,0.42592742500160324,0.5233584960853357
BIF-PI (hot),9729091,7,0.9653122054815363,0.433249291910376,0.5645894782963501
BIF-PI (hot),9729091,8,0.9653122054815363,0.4470801366736366,0.5504335002093566
BIF-PI (hot),9729091,9,0.9653122054815363,0.4410865587643971,0.5802439409724689
BIF-PI (hot),9729091,10,0.9653122054815363,0.4361431856898299,0.5579415383450959
BIF-PI (hot),9729091,11,0.9653122054815363,0.4486089512502184,0.5511496445258517
BIF-PI (hot),9729091,12,0.9653122054815363,0.44644660996230984,0.5446195980004037
BIF-PI (hot),9729091,13,0.9653122054815363,0.40884679104646277,0.5578975608821967
BIF-PI (hot),9729091,14,0.9653122054815363,0.3905517035578768,0.5440618341849263
BIF-PI (hot),9729091,15,0.9653122054815363,0.3721842290164343,0.5076111769176684
BIF-PI (hot),9729091,16,0.9653122054815363,0.3199892024207698,0.4783895839154688
BIF-PI (hot),9729091,17,0.9653122054815363,0.308381388130952,0.4742406168989443
BIF-PI (hot),9729091,18,0.9653122054815363,0.3006466549450852,0.4784738256308377
BIF-PI (hot),9729091,19,0.9653122054815363,0.47525839761047756,0.49213888321845234
BIF-PI (hot),5830471,0,0.4448102255292818,0.23093235245278051,0.34253873227360054
BIF-PI (hot),5830471,1,0.8817488380891294,0.2399688010941129,0.2622070807594039
BIF-PI (hot),5830471,2,0.950857092165703,0.22395623613272786,0.25760802256061793
BIF-PI (hot),5830471,3,0.950857092165703,0.21616468814157463,0.29073231866375254
BIF-PI (hot),5830471,4,0.950857092165703,0.1682775757418622,0.3435747887068401
BIF-PI (hot),5830471,5,0.9784815494076333,0.39267124422586036,0.3684200802959707
BIF-PI (hot),5830471,6,0.9784815494076333,0.407815296822796,0.24495724335849806
BIF-PI (hot),5830471,7,0.9784815494076333,0.5458426973052976,0.295667611732443
BIF-PI (hot),5830471,8,0.9784815494076333,0.40835800721200355,0.335855886559119
BIF-PI (hot),5830471,9,0.904867177814608,0.37188733301484067,0.3746227512509479
BIF-PI (hot),5830471,10,0.904867177814608,0.5139816915464769,0.32127237549198284
BIF-PI (hot),5830471,11,0.904867177814608,0.5094381159341548,0.3811908327146286
BIF-PI (hot),5830471,12,0.904867177814608,0.3403054910904891,0.40413070677621343
BIF-PI (hot),5830471,13,0.904867177814608,0.4430955498474266,0.4565823602389356
BIF-PI (hot),5830471,14,0.904867177814608,0.3767462813917814,0.46257717019917743
BIF-PI (hot),5830471,15,0.904867177814608,0.30588540877450815,0.4039388229360049
BIF-PI (hot),5830471,16,0.904867177814608,0.3121085281865456,0.39314992259347575
BIF-PI (hot),5830471,17,0.904867177814608,0.3836669110694507,0.33677950415762004
BIF-PI (hot),5830471,18,0.9871147531406382,0.3883143671642894,0.3259046171263945
BIF-PI (hot),5830471,19,0.9871147531406382,0.48703667660387523,0.31967664004201457
BIF-PI (hot),5343420,0,0.4448102255292818,0.0009245164556622463,0.4321346117812249
BIF-PI (hot),5343420,1,0.8807468262635766,0.0018696212585327936,0.44608130997059303
BIF-PI (hot),5343420,2,0.950857092165703,0.004396860200670975,0.34712775768250415
BIF-PI (hot),5343420,3,0.950857092165703,0.04153426109493714,0.41660372136555124
BIF-PI (hot),5343420,4,0.9525278241646253,0.39497323614878804,0.48088007762312246
BIF-PI (hot),5343420,5,0.8800236592005751,0.41972553094971765,0.44784978808326115
BIF-PI (hot),5343420,6,0.8891758624816023,0.4387056774222477,0.5007122348631599
BIF-PI (hot),5343420,7,0.8891758624816023,0.4587419577159427,0.5767308631479524
BIF-PI (hot),5343420,8,0.8881912917675344,0.46329307241513945,0.5764937243219381
BIF-PI (hot),5343420,9,0.9640201519661352,0.48059168688563414,0.612095277163897
BIF-PI (hot),5343420,10,0.9640201519661352,0.502073479861628,0.5995161316549182
BIF-PI (hot),5343420,11,0.9640201519661352,0.5174364704416601,0.6000977613049323
BIF-PI (hot),5343420,12,0.9640201519661352,0.5250780668301422,0.611556848267185
BIF-PI (hot),5343420,13,0.9640201519661352,0.5309765134162793,0.6155875524156906
BIF-PI (hot),5343420,14,0.9640201519661352,0.5444520547727364,0.6240379059105363
BIF-PI (hot),5343420,15,0.9640201519661352,0.5290213084222014,0.6244443614733963
BIF-PI (hot),5343420,16,0.962214005047431,0.561516439381994,0.6191641654453988
BIF-PI (hot),5343420,17,0.9657973346573312,0.5061874278722568,0.5946902367371605
BIF-PI (hot),5343420,18,0.962214005047431,0.46968974291187926,0.6183412729197801
BIF-PI (hot),5343420,19,0.9297860793089677,0.46973168279036015,0.6051344074458704
BIF-PI (hot),2417321,0,0.4448102255292818,0.00018658722681796466,0.3372683640481526
BIF-PI (hot),2417321,1,0.8807468262635766,0.0002827101640255407,0.4237237810544203
BIF-PI (hot),2417321,2,0.8807468262635766,0.0001419103256147757,0.38757930777070004
BIF-PI (hot),2417321,3,0.9781883723118654,0.0005797398640067877,0.3424377857527016
BIF-PI (hot),2417321,4,0.9653122054815363,0.11082762617235332,0.30063406049242397
BIF-PI (hot),2417321,5,0.8881912917675344,0.12377316922675072,0.5912777960108242
BIF-PI (hot),2417321,6,0.8881912917675344,0.12279682705778323,0.6081336839343239
BIF-PI (hot),2417321,7,0.8881912917675344,0.1414444702117484,0.587821290106404
BIF-PI (hot),2417321,8,0.9653122054815363,0.16297318118115475,0.5778687910378455
BIF-PI (hot),2417321,9,0.8949429590445956,0.1814228554659771,0.5803425431821514
BIF-PI (hot),2417321,10,0.8949429590445956,0.26702604075873515,0.5920830142158646
BIF-PI (hot),2417321,11,0.8949429590445956,0.32665298627402134,0.6107523188638606
BIF-PI (hot),2417321,12,0.8949429590445956,0.3514768627979887,0.6250386825811114
BIF-PI (hot),2417321,13,0.896907560458215,0.3775056443380566,0.6235052230690575
BIF-PI (hot),2417321,14,0.896907560458215,0.3931690001253824,0.6255664385832049
BIF-PI (hot),2417321,15,0.896907560458215,0.45268171353588316,0.6141299537302569
BIF-PI (hot),2417321,16,0.9299138121514008,0.46616391650109334,0.5788254378495452
BIF-PI (hot),2417321,17,0.9299138121514008,0.4812508434210817,0.5873553681095198
BIF-PI (hot),2417321,18,0.9299138121514008,0.4914439632959241,0.5879149759226301
BIF-PI (hot),2417321,19,0.9299138121514008,0.4997339195384724,0.5901787168473938
BIF-PI (hot),9891788,0,0.4448102255292818,0.0011396786371120648,0.37494167257992306
BIF-PI (hot),9891788,1,0.8807468262635766,0.0021428156510749164,0.32022717367690695
BIF-PI (hot),9891788,2,0.950857092165703,0.003489291308513129,0.4497531119058745
BIF-PI (hot),9891788,3,0.950857092165703,0.03371862771623913,0.4713550963878846
BIF-PI (hot),9891788,4,0.9653122054815363,0.05471662346680116,0.4732979218236848
BIF-PI (hot),9891788,5,0.8817488380891294,0.4492008649664616,0.49066942963336857
BIF-PI (hot),9891788,6,0.8881912917675344,0.4643078454645455,0.49434610742950214
BIF-PI (hot),9891788,7,0.8891758624816023,0.4862317920692508,0.5815092456728053
BIF-PI (hot),9891788,8,0.8891758624816023,0.5059107429570371,0.5961888079767443
BIF-PI (hot),9891788,9,0.8891758624816023,0.5148347440519251,0.5657125325645745
BIF-PI (hot),9891788,10,0.8891758624816023,0.5097378512500721,0.5860618685658507
BIF-PI (hot),9891788,11,0.8891758624816023,0.5466661534658839,0.5840600684877506
BIF-PI (hot),9891788,12,0.8891758624816023,0.5479064636898456,0.57869515922918
BIF-PI (hot),9891788,13,0.8891758624816023,0.5484153728774176,0.5837020792002713
BIF-PI (hot),9891788,14,0.8891758624816023,0.542381187455261,0.6019166201074004
BIF-PI (hot),9891788,15,0.8891758624816023,0.5397835896946742,0.6248889043712806
BIF-PI (hot),9891788,16,0.8891758624816023,0.534166254800079,0.6214229480365892
BIF-PI (hot),9891788,17,0.8891758624816023,0.5126589421936789,0.6161119584281887
BIF-PI (hot),9891788,18,0.8891758624816023,0.5200288121314335,0.6054591251405073
BIF-PI (hot),9891788,19,0.8891758624816023,0.49716828235496563,0.596056377296571
BIF-PI (hot),9314146,0,0.4448102255292818,0.007269154903606894,0.11732533148473953
BIF-PI (hot),9314146,1,0.8807468262635766,0.011690354997863079,0.24021058799633865
BIF-PI (hot),9314146,2,0.8807468262635766,0.022653632951909215,0.28910340448616145
BIF-PI (hot),9314146,3,0.8807468262635766,0.08240541112135927,0.311915903898984
BIF-PI (hot),9314146,4,0.8807468262635766,0.4921331081675685,0.2630192208311132
BIF-PI (hot),9314146,5,0.8881912917675344,0.4601436618456197,0.3528990186003709
BIF-PI (hot),9314146,6,0.9653122054815363,0.4763026150384829,0.36586757360494626
BIF-PI (hot),9314146,7,0.9653122054815363,0.48734343392653806,0.48148830353484073
BIF-PI (hot),9314146,8,0.8881912917675344,0.49745217497412675,0.46984420564438323
BIF-PI (hot),9314146,9,0.8881912917675344,0.5045998411384528,0.5062497095281054
BIF-PI (hot),9314146,10,0.8881912917675344,0.5354739468788161,0.5229621740132014
BIF-PI (hot),9314146,11,0.8881912917675344,0.5425070248979066,0.5863841184986853
BIF-PI (hot),9314146,12,0.8881912917675344,0.5463528807821433,0.5754946248181497
BIF-PI (hot),9314146,13,0.8881912917675344,0.5880339296660054,0.5675413635488187
BIF-PI (hot),9314146,14,0.8881912917675344,0.5913373872778575,0.643664943217531
BIF-PI (hot),9314146,15,0.974519541314212,0.6065651344971107,0.6287566529457491
BIF-PI (hot),9314146,16,0.974519541314212,0.6085170441916323,0.560789190213328
BIF-PI (hot),9314146,17,0.9653122054815363,0.6059918628559771,0.5372681666985403
BIF-PI (hot),9314146,18,0.9653122054815363,0.5569819325511828,0.5118541881312524
BIF-PI (hot),9314146,19,0.9856523891686597,0.5365993161939505,0.530703428822039
BIF-PI (hot),9488226,0,0.4448102255292818,0.016711953029236927,0.3640811885836843
BIF-PI (hot),9488226,1,0.8807468262635766,0.027938734836591674,0.3229260919638075
BIF-PI (hot),9488226,2,0.8807468262635766,0.04444184749390716,0.4285944212916299
BIF-PI (hot),9488226,3,0.9672534211605577,0.05990188736986251,0.4325863011627973
BIF-PI (hot),9488226,4,0.878361654414308,0.4821051545096895,0.4481472282263723
BIF-PI (hot),9488226,5,0.8881912917675344,0.4966565174157386,0.4765814303998728
BIF-PI (hot),9488226,6,0.8881912917675344,0.5188588065252283,0.5456731887315578
BIF-PI (hot),9488226,7,0.8881912917675344,0.5296131116211139,0.5649759799557466
BIF-PI (hot),9488226,8,0.8966468491260778,0.53788608348556,0.5433205341625553
BIF-PI (hot),9488226,9,0.8966468491260778,0.5416576311489775,0.5813169193868442
BIF-PI (hot),9488226,10,0.8966468491260778,0.5448391515189515,0.5711192711664015
BIF-PI (hot),9488226,11,0.8966468491260778,0.5307301341789906,0.5831051726372276
BIF-PI (hot),9488226,12,0.8966468491260778,0.530748192523037,0.5955835549499575
BIF-PI (hot),9488226,13,0.8966468491260778,0.5062704789119283,0.5896872278953262
BIF-PI (hot),9488226,14,0.8966468491260778,0.5049826535477645,0.579692087842854
BIF-PI (hot),9488226,15,0.9647593621889378,0.4971116301405608,0.5656946450013061
BIF-PI (hot),9488226,16,0.9647593621889378,0.4993188748887159,0.5380515466553316
BIF-PI (hot),9488226,17,0.9647593621889378,0.5146713324899426,0.5380490540668388
BIF-PI (hot),9488226,18,0.9647593621889378,0.5093799394743962,0.5423172080271623
BIF-PI (hot),9488226,19,0.9647593621889378,0.5290914301869415,0.5003083998964604
BIF-PI (hot),2697408,0,0.4448102255292818,0.017698629166812672,0.27375205783141643
BIF-PI (hot),2697408,1,0.8807468262635766,0.02580908588992585,0.35676175488196643
BIF-PI (hot),2697408,2,0.950857092165703,0.024124542616981656,0.39699909413294737
BIF-PI (hot),2697408,3,0.9781883723118654,0.03745963049369499,0.28086630555520387
BIF-PI (hot),2697408,4,0.9781883723118654,0.41774914961290194,0.30863105831216037
BIF-PI (hot),2697408,5,0.8881912917675344,0.43477901829240767,0.4490027953909004
BIF-PI (hot),2697408,6,0.8881912917675344,0.4123279092121843,0.5197639604593884
BIF-PI (hot),2697408,7,0.8881912917675344,0.44489587008470394,0.5459540232400925
BIF-PI (hot),2697408,8,0.9299138121514008,0.4597700751583276,0.5437360568568831
BIF-PI (hot),2697408,9,0.9299138121514008,0.4397368332123827,0.5632332593646197
BIF-PI (hot),2697408,10,0.9299138121514008,0.4661548460604774,0.5351367128033507
BIF-PI (hot),2697408,11,0.9299138121514008,0.4656415247238893,0.552760355013924
BIF-PI (hot),2697408,12,0.9299138121514008,0.46556817273252166,0.5484204423044895
BIF-PI (hot),2697408,13,0.9299138121514008,0.4800321836568993,0.5106085392471104
BIF-PI (hot),2697408,14,0.9299138121514008,0.47826402311169364,0.5590176095799912
BIF-PI (hot),2697408,15,0.9299138121514008,0.48368699020814376,0.5673286640600737
BIF-PI (hot),2697408,16,0.9299138121514008,0.5006847906613919,0.5632272926322495
BIF-PI (hot),2697408,17,0.9299138121514008,0.5014127922055274,0.5136981825244706
BIF-PI (hot),2697408,18,0.9299138121514008,0.48959444504046745,0.5226938754068631
BIF-PI (hot),2697408,19,0.9871147531406382,0.4759626033088357,0.4650983888914585
BIF-PI (hot),5135059,0,0.4448102255292818,0.0011892824904156947,0.2711465329139937
BIF-PI (hot),5135059,1,0.8807468262635766,0.0023983721159765315,0.21333045790752186
BIF-PI (hot),5135059,2,0.950857092165703,0.0039328443790678565,0.35911632935965526
BIF-PI (hot),5135059,3,0.9781883723118654,0.011224155726250455,0.36602227846616814
BIF-PI (hot),5135059,4,0.9653122054815363,0.29458539069409134,0.4196356282679613
BIF-PI (hot),5135059,5,0.8881912917675344,0.32124999101615437,0.5201407845463359
BIF-PI (hot),5135059,6,0.8881912917675344,0.34092692257501683,0.550579200794737
BIF-PI (hot),5135059,7,0.8881912917675344,0.3676317307521863,0.5898741728897257
BIF-PI (hot),5135059,8,0.8966635979186337,0.3917102836231429,0.5936765235653666
BIF-PI (hot),5135059,9,0.8966635979186337,0.4151214542264083,0.6186293673057004
BIF-PI (hot),5135059,10,0.8966635979186337,0.46019195022808823,0.6179680107950924
BIF-PI (hot),5135059,11,0.8966635979186337,0.477054057788812,0.6226750452206282
BIF-PI (hot),5135059,12,0.899694090892848,0.48980081052144875,0.6260266413194762
BIF-PI (hot),5135059,13,0.899694090892848,0.4984368779463754,0.6293183016140261
BIF-PI (hot),5135059,14,0.899694090892848,0.5060856999610369,0.6274151988222505
BIF-PI (hot),5135059,15,0.899694090892848,0.5329589915700773,0.6271683731986464
BIF-PI (hot),5135059,16,0.8952172904202818,0.5356840899930273,0.6279339038468275
BIF-PI (hot),5135059,17,0.8876967364032423,0.5151841211004456,0.6293122084931557
BIF-PI (hot),5135059,18,0.910333435175223,0.43444736020068025,0.6430634064079424
BIF-PI (hot),5135059,19,0.910333435175223,0.4128409491637222,0.6218910651596707
BIF-PI (hot),6813578,0,0.4448102255292818,0.07606997066293374,0.040591304862011665
BIF-PI (hot),6813578,1,0.8807468262635766,0.11307501693390894,0.1264418370323288
BIF-PI (hot),6813578,2,0.8807468262635766,0.11738894276594122,0.20554773863487927
BIF-PI (hot),6813578,3,0.9781883723118654,0.14507145308126018,0.12448310970508301
BIF-PI (hot),6813578,4,0.9653122054815363,0.49625369026199223,0.1260697693866048
BIF-PI (hot),6813578,5,0.8881912917675344,0.47971317308118694,0.26216864145627533
BIF-PI (hot),6813578,6,0.8881912917675344,0.49528952240305935,0.39281251331815137
BIF-PI (hot),6813578,7,0.8881912917675344,0.49343945918109716,0.4186199856872642
BIF-PI (hot),6813578,8,0.9559415289799644,0.48845620828126657,0.4739930811505301
BIF-PI (hot),6813578,9,0.9559415289799644,0.4844121478509587,0.46406912234814784
BIF-PI (hot),6813578,10,0.9559415289799644,0.47836326702508347,0.4489139310846495
BIF-PI (hot),6813578,11,0.9559415289799644,0.47163142764080085,0.4587342632044698
BIF-PI (hot),6813578,12,0.9559415289799644,0.4700561889628995,0.46298139955762063
BIF-PI (hot),6813578,13,0.9559415289799644,0.4803253646962838,0.4115471268158013
BIF-PI (hot),6813578,14,0.9559415289799644,0.48678781042790764,0.3295009649844205
BIF-PI (hot),6813578,15,0.9559415289799644,0.5235489771955395,0.36209534301799184
BIF-PI (hot),6813578,16,0.9559415289799644,0.499910324787965,0.4678419210748801
BIF-PI (hot),6813578,17,0.9653122054815363,0.49238360115497287,0.4703264117297197
BIF-PI (hot),6813578,18,0.9309004731360817,0.490358860049698,0.4667474068134255
BIF-PI (hot),6813578,19,0.9309004731360817,0.4962782114919188,0.5262097419124774
BIF-PI (hot),430826,0,0.4448102255292818,0.0504660574396677,0.46375873687059843
BIF-PI (hot),430826,1,0.8807468262635766,0.0738740140975065,0.2946135309002699
BIF-PI (hot),430826,2,0.8807468262635766,0.10796629274147643,0.38711141834996965
BIF-PI (hot),430826,3,0.878361654414308,0.1443546349646537,0.3892905755048348
BIF-PI (hot),430826,4,0.878361654414308,0.49832451305452624,0.41312459249387307
BIF-PI (hot),430826,5,0.8881912917675344,0.5076707159766408,0.46694051535268644
BIF-PI (hot),430826,6,0.8881912917675344,0.535958596495526,0.5341742106848882
BIF-PI (hot),430826,7,0.8881912917675344,0.5381565829874779,0.567732176690358
BIF-PI (hot),430826,8,0.8881912917675344,0.5124779039041807,0.5559510578918359
BIF-PI (hot),430826,9,0.9184406762294373,0.5072173966144732,0.5833690175205726
BIF-PI (hot),430826,10,0.9299138121514008,0.4922468909540466,0.5908322380873875
BIF-PI (hot),430826,11,0.9657973346573312,0.4669378923741147,0.5906052103083363
BIF-PI (hot),430826,12,0.9657973346573312,0.4568455524953403,0.5824581062650278
BIF-PI (hot),430826,13,0.9657973346573312,0.503599155938007,0.5862590260414335
BIF-PI (hot),430826,14,0.9640201519661352,0.5155259590212515,0.598603144792202
BIF-PI (hot),430826,15,0.9640201519661352,0.5273006927636086,0.6014931887994921
BIF-PI (hot),430826,16,0.974519541314212,0.5238019078766245,0.5894206493734471
BIF-PI (hot),430826,17,0.974519541314212,0.5200919360420329,0.5538229859538296
BIF-PI (hot),430826,18,0.974519541314212,0.5169807629000063,0.5420450761690878
BIF-PI (hot),430826,19,0.974519541314212,0.5104854314390253,0.5594472683222478
BIF-PI (hot),6192331,0,0.4448102255292818,0.002008807628446065,0.32307395008304923
BIF-PI (hot),6192331,1,0.8807468262635766,0.0043914344996326725,0.3014795593469969
BIF-PI (hot),6192331,2,0.8807468262635766,0.007854393638080184,0.4053063979483505
BIF-PI (hot),6192331,3,0.8807468262635766,0.02282055232868501,0.40317487770589183
BIF-PI (hot),6192331,4,0.9653122054815363,0.3987971392248487,0.3845338085211815
BIF-PI (hot),6192331,5,0.8881912917675344,0.4235244517355618,0.5152613936819349
BIF-PI (hot),6192331,6,0.8881912917675344,0.38843509775579627,0.6049715797610364
BIF-PI (hot),6192331,7,0.8881912917675344,0.42066195885249136,0.5890995063777564
BIF-PI (hot),6192331,8,0.8949429590445956,0.4232731561586225,0.576130263506534
BIF-PI (hot),6192331,9,0.8891758624816023,0.45782021995398076,0.5930278991966043
BIF-PI (hot),6192331,10,0.8949429590445956,0.4693402313281025,0.6094831011338313
BIF-PI (hot),6192331,11,0.8949429590445956,0.48887818626517304,0.6195474524824841
BIF-PI (hot),6192331,12,0.8966635979186337,0.49873303233692456,0.6225172157248986
BIF-PI (hot),6192331,13,0.8966635979186337,0.5048711819183122,0.6249349990003343
BIF-PI (hot),6192331,14,0.8966635979186337,0.535508205115983,0.6237106381165191
BIF-PI (hot),6192331,15,0.8966635979186337,0.5519991513120531,0.6363283673645204
BIF-PI (hot),6192331,16,0.8966635979186337,0.5692603551638329,0.6373921149086348
BIF-PI (hot),6192331,17,0.8891758624816023,0.5862304997289745,0.6392847257364715
BIF-PI (hot),6192331,18,0.8891758624816023,0.5535526028326455,0.6342889143228652
BIF-PI (hot),6192331,19,0.8966635979186337,0.5792595287854254,0.633603105904287
BIF-PI (hot),8026546,0,0.4448102255292818,0.00011302561862391297,0.5148327804441191
BIF-PI (hot),8026546,1,0.8807468262635766,5.88178954193344e-09,0.5167361833891904
BIF-PI (hot),8026546,2,0.8807468262635766,2.1810784382850665e-06,0.299437204225759
BIF-PI (hot),8026546,3,0.8807468262635766,5.995626211795217e-06,0.30398058821189405
BIF-PI (hot),8026546,4,0.8807468262635766,0.03027406962291845,0.32643229746945734
BIF-PI (hot),8026546,5,0.8807468262635766,0.04538997059426056,0.3772033043749085
BIF-PI (hot),8026546,6,0.8807468262635766,0.04530767212699882,0.3613371996145474
BIF-PI (hot),8026546,7,0.8807468262635766,0.05699506209872095,0.3622376651413137
BIF-PI (hot),8026546,8,0.8807468262635766,0.09432377772092211,0.360590766350763
BIF-PI (hot),8026546,9,0.8807468262635766,0.08066314486905746,0.429688828164996
BIF-PI (hot),8026546,10,0.9525278241646253,0.044751504684408944,0.2763713982538112
BIF-PI (hot),8026546,11,0.9525278241646253,0.06492664224271097,0.31584385186902186
BIF-PI (hot),8026546,12,0.9525278241646253,0.08434579452511291,0.30372605954455195
BIF-PI (hot),8026546,13,0.8817488380891294,0.2318328886235148,0.32683794881949374
BIF-PI (hot),8026546,14,0.8817488380891294,0.28704538846763317,0.4093721143584538
BIF-PI (hot),8026546,15,0.8817488380891294,0.3218214986115387,0.5106190846929306
BIF-PI (hot),8026546,16,0.8817488380891294,0.40541117585300335,0.5108199928218489
BIF-PI (hot),8026546,17,0.8817488380891294,0.42462451118593875,0.45057751955027153
BIF-PI (hot),8026546,18,0.8817488380891294,0.43680241681918336,0.31921711750602016
BIF-PI (hot),8026546,19,0.8817488380891294,0.4457084841053996,0.32642727366814583
BIF-PI (hot),6735254,0,0.4448102255292818,0.00017938278927489212,0.18516740645612995
BIF-PI (hot),6735254,1,0.8807468262635766,3.365942216912732e-05,0.3374927639447606
BIF-PI (hot),6735254,2,0.8807468262635766,0.00016732943826323034,0.3770088129710262
BIF-PI (hot),6735254,3,0.9781883723118654,0.020528538790993194,0.2222568391003379
BIF-PI (hot),6735254,4,0.9653122054815363,0.02035512494140075,0.3104678203309291
BIF-PI (hot),6735254,5,0.9653122054815363,0.08845020097302919,0.33965265347351464
BIF-PI (hot),6735254,6,0.9653122054815363,0.17849522753183764,0.4251468196767852
BIF-PI (hot),6735254,7,0.9653122054815363,0.23460754498579567,0.5951964182160652
BIF-PI (hot),6735254,8,0.8891758624816023,0.2656198649425279,0.581007775931081
BIF-PI (hot),6735254,9,0.8891758624816023,0.26943690122103786,0.5861398448749592
BIF-PI (hot),6735254,10,0.8891758624816023,0.2962491138746863,0.607630381821803
BIF-PI (hot),6735254,11,0.8891758624816023,0.32448285929417997,0.6100126696611081
BIF-PI (hot),6735254,12,0.8891758624816023,0.3418897933898129,0.6151990564003623
BIF-PI (hot),6735254,13,0.8891758624816023,0.3575307188081696,0.6157169632628756
BIF-PI (hot),6735254,14,0.8891758624816023,0.3599398758539296,0.6039306144118524
BIF-PI (hot),6735254,15,0.8949429590445956,0.3631711347863159,0.6064026767178852
BIF-PI (hot),6735254,16,0.8949429590445956,0.3741449488102777,0.6059035841887408
BIF-PI (hot),6735254,17,0.8949429590445956,0.37653438960569996,0.6151537054492733
BIF-PI (hot),6735254,18,0.8949429590445956,0.38835755690161106,0.6296211251442105
BIF-PI (hot),6735254,19,0.8949429590445956,0.39984098378755367,0.6294100807496075
BIF-PI (hot),1112898,0,0.4448102255292818,0.017349976919629473,0.4279147726804415
BIF-PI (hot),1112898,1,0.8807468262635766,0.025642435262845212,0.4888919344570618
BIF-PI (hot),1112898,2,0.950857092165703,0.044876384047653095,0.28204024884812057
BIF-PI (hot),1112898,3,0.8807468262635766,0.09441157059453541,0.275740701209522
BIF-PI (hot),1112898,4,0.9653122054815363,0.44234208054660634,0.28441207025879367
BIF-PI (hot),1112898,5,0.8891758624816023,0.4684402315752401,0.5749143598402349
BIF-PI (hot),1112898,6,0.8881912917675344,0.4778720027596686,0.5865639580424445
BIF-PI (hot),1112898,7,0.8881912917675344,0.4899655030581372,0.5946773396777045
BIF-PI (hot),1112898,8,0.8949429590445956,0.4992357046308196,0.5963712534982077
BIF-PI (hot),1112898,9,0.8966468491260778,0.5208495312710785,0.6018532624102149
BIF-PI (hot),1112898,10,0.8849716359597481,0.4906844016027025,0.622270247864976
BIF-PI (hot),1112898,11,0.8952172904202818,0.4930091507297223,0.59074773737021
BIF-PI (hot),1112898,12,0.8952172904202818,0.4968272673836476,0.5910744226727569
BIF-PI (hot),1112898,13,0.8952172904202818,0.4746129956733949,0.6098088406423059
BIF-PI (hot),1112898,14,0.8952172904202818,0.42497044014041624,0.587711090385217
BIF-PI (hot),1112898,15,0.910333435175223,0.41321279210707385,0.578170202000782
BIF-PI (hot),1112898,16,0.9309004731360817,0.4095096353803851,0.5719959658898186
BIF-PI (hot),1112898,17,0.9309004731360817,0.38143943992769896,0.5845612357218777
BIF-PI (hot),1112898,18,0.974519541314212,0.33699533231944484,0.5576419375303105
BIF-PI (hot),1112898,19,0.9309004731360817,0.36088686298788136,0.5420330156254074
BIF-PI (hot),5609958,0,0.4448102255292818,0.05868491849981768,0.3896848832383192
BIF-PI (hot),5609958,1,0.8807468262635766,0.08425966037566364,0.304889577391785
BIF-PI (hot),5609958,2,0.8979315667235949,0.12481259386056145,0.36470984294918435
BIF-PI (hot),5609958,3,0.8979315667235949,0.17799086261439717,0.3760013772918777
BIF-PI (hot),5609958,4,0.9653122054815363,0.4875578142497182,0.3552338392054909
BIF-PI (hot),5609958,5,0.8891758624816023,0.5310432068548333,0.5232348602642649
BIF-PI (hot),5609958,6,0.8881912917675344,0.5350466887917251,0.5482121409132963
BIF-PI (hot),5609958,7,0.9653122054815363,0.5082695057025669,0.5691657541949158
BIF-PI (hot),5609958,8,0.899694090892848,0.48057702370002925,0.5434531096386589
BIF-PI (hot),5609958,9,0.9184406762294373,0.44959378763699664,0.5354448914850933
BIF-PI (hot),5609958,10,0.9184406762294373,0.4400899609078215,0.5252192918069373
BIF-PI (hot),5609958,11,0.8952172904202818,0.407318756465921,0.5332618838588095
BIF-PI (hot),5609958,12,0.8952172904202818,0.44532991099472286,0.5232469046613822
BIF-PI (hot),5609958,13,0.8952172904202818,0.422978887148776,0.5715875562348705
BIF-PI (hot),5609958,14,0.8952172904202818,0.43574455509832727,0.5613894600757017
BIF-PI (hot),5609958,15,0.980797948690966,0.47193731852755816,0.5391416772242383
BIF-PI (hot),5609958,16,0.9669996862730145,0.49302886390145145,0.4603950951020426
BIF-PI (hot),5609958,17,0.9669996862730145,0.49244533470484725,0.5396314918981528
BIF-PI (hot),5609958,18,0.9669996862730145,0.5031260091786709,0.5439958566703912
BIF-PI (hot),5609958,19,0.9669996862730145,0.499934060708297,0.5359001103294438
BIF-PI (hot),4736968,0,0.4448102255292818,0.0034592808909336805,0.26039593546829676
BIF-PI (hot),4736968,1,0.8807468262635766,0.006927331776527186,0.3324082294008935
BIF-PI (hot),4736968,2,0.8807468262635766,0.00922184052266397,0.35027813560020404
BIF-PI (hot),4736968,3,0.9781883723118654,0.01228334452377635,0.20645351339376822
BIF-PI (hot),4736968,4,0.9781883723118654,0.33403710732199554,0.2472055654825244
BIF-PI (hot),4736968,5,0.8881912917675344,0.37251001812724555,0.5387954318161428
BIF-PI (hot),4736968,6,0.8881912917675344,0.36319267246662806,0.5583084842150994
BIF-PI (hot),4736968,7,0.8881912917675344,0.38693606094296423,0.588887220812359
BIF-PI (hot),4736968,8,0.8949429590445956,0.40569275174183045,0.572581548567231
BIF-PI (hot),4736968,9,0.8949429590445956,0.42520347723188423,0.5994492632240295
BIF-PI (hot),4736968,10,0.8949429590445956,0.4286680610377092,0.6058258240071317
BIF-PI (hot),4736968,11,0.8949429590445956,0.445442790959145,0.5984102156476349
BIF-PI (hot),4736968,12,0.8949429590445956,0.4551685135461889,0.586398899333311
BIF-PI (hot),4736968,13,0.8949429590445956,0.44753016066868717,0.585670608676792
BIF-PI (hot),4736968,14,0.8949429590445956,0.48992937042225754,0.5814452443843624
BIF-PI (hot),4736968,15,0.8966635979186337,0.5089148195389636,0.5947201192025287
BIF-PI (hot),4736968,16,0.9552609528449328,0.49031281867825227,0.5700814164113313
BIF-PI (hot),4736968,17,0.9552609528449328,0.5114533918649193,0.5604818352841164
BIF-PI (hot),4736968,18,0.9618517291970011,0.5221353671946473,0.5976109768928332
BIF-PI (hot),4736968,19,0.8881912917675344,0.5328696257307105,0.5980518257688436
BIF-PI (hot),617977,0,0.4448102255292818,0.001120809409968966,0.13680783009187913
BIF-PI (hot),617977,1,0.8807468262635766,0.0024401455475002087,0.26426008579647375
BIF-PI (hot),617977,2,0.8807468262635766,0.005215173040220626,0.33584344480701506
BIF-PI (hot),617977,3,0.878361654414308,0.009441045039975067,0.34970026724197917
BIF-PI (hot),617977,4,0.878361654414308,0.4159459324168388,0.33001600883176774
BIF-PI (hot),617977,5,0.8881912917675344,0.43661410863542205,0.4955379070932704
BIF-PI (hot),617977,6,0.8881912917675344,0.45319700085107173,0.5615106225911745
BIF-PI (hot),617977,7,0.8881912917675344,0.48484474983355125,0.5557785258074567
BIF-PI (hot),617977,8,0.8949429590445956,0.495335871109406,0.5580339816285536
BIF-PI (hot),617977,9,0.8949429590445956,0.508463592642807,0.5732233665175894
BIF-PI (hot),617977,10,0.8949429590445956,0.5248936167656334,0.5726789450814784
BIF-PI (hot),617977,11,0.8949429590445956,0.5334446871080274,0.5795901016158067
BIF-PI (hot),617977,12,0.9653122054815363,0.5447792316341368,0.4996935448321671
BIF-PI (hot),617977,13,0.9653122054815363,0.5442078023512914,0.5025997584062964
BIF-PI (hot),617977,14,0.9653122054815363,0.5415796127011182,0.33381052530079486
BIF-PI (hot),617977,15,0.9525278241646253,0.5443126106525715,0.3572351770733342
BIF-PI (hot),617977,16,0.9525278241646253,0.5336549580380469,0.35984801725288523
BIF-PI (hot),617977,17,0.9563058951010075,0.5501726488940768,0.3832390924307448
BIF-PI (hot),617977,18,0.9563058951010075,0.5533320446547444,0.6268424876292984
BIF-PI (hot),617977,19,0.9563058951010075,0.5512709234156682,0.574681957639698
BIF-PI (hot),8500888,0,0.4448102255292818,0.10998018650797516,0.25759525705883735
BIF-PI (hot),8500888,1,0.8807468262635766,0.14675246247615437,0.32286228228519454
BIF-PI (hot),8500888,2,0.8807468262635766,0.18706048759637797,0.19749727202635625
BIF-PI (hot),8500888,3,0.8807468262635766,0.16763110027035383,0.14836007231872958
BIF-PI (hot),8500888,4,0.8807468262635766,0.49011294151480356,0.17643621148359737
BIF-PI (hot),8500888,5,0.8881912917675344,0.5002388812636878,0.4578565587793728
BIF-PI (hot),8500888,6,0.8881912917675344,0.5184970997878795,0.5801010659807965
BIF-PI (hot),8500888,7,0.8881912917675344,0.5123554872292844,0.5790571140504077
BIF-PI (hot),8500888,8,0.8881912917675344,0.5283724605820216,0.5831037169953168
BIF-PI (hot),8500888,9,0.8881912917675344,0.5282321443837797,0.6189666138805539
BIF-PI (hot),8500888,10,0.8881912917675344,0.5513726895305556,0.6128821537780302
BIF-PI (hot),8500888,11,0.8881912917675344,0.5340423336213463,0.6009797727098884
BIF-PI (hot),8500888,12,0.8881912917675344,0.554721186397347,0.5708764951927792
BIF-PI (hot),8500888,13,0.9647593621889378,0.5388308240718743,0.5610641869668208
BIF-PI (hot),8500888,14,0.974519541314212,0.5864991518994779,0.5394798719713247
BIF-PI (hot),8500888,15,0.9647593621889378,0.5933507200887091,0.5944308342921947
BIF-PI (hot),8500888,16,0.9647593621889378,0.5930159455872707,0.6138827445907384
BIF-PI (hot),8500888,17,0.9647593621889378,0.598332644078766,0.595689634146341
BIF-PI (hot),8500888,18,0.974519541314212,0.6016060211787302,0.6052646452523472
BIF-PI (hot),8500888,19,0.974519541314212,0.596118316641882,0.5885641842423834
BIF-PI (hot),4205117,0,0.4448102255292818,0.029565781898735946,0.4354974822004445
BIF-PI (hot),4205117,1,0.8807468262635766,0.039554697167480946,0.3356498364759344
BIF-PI (hot),4205117,2,0.950857092165703,0.03953702832177916,0.44291884253593006
BIF-PI (hot),4205117,3,0.9781883723118654,0.08440136280813282,0.39057774329097
BIF-PI (hot),4205117,4,0.9653122054815363,0.3756972867503606,0.40710672812904924
BIF-PI (hot),4205117,5,0.8891758624816023,0.4165868055763524,0.5321048879316758
BIF-PI (hot),4205117,6,0.9653122054815363,0.4017038531061795,0.5631952901541999
BIF-PI (hot),4205117,7,0.9299138121514008,0.4205747157988882,0.6023083952344221
BIF-PI (hot),4205117,8,0.9299138121514008,0.42085402567964775,0.5916022892647805
BIF-PI (hot),4205117,9,0.9299138121514008,0.5111173671891357,0.5928099132226471
BIF-PI (hot),4205117,10,0.910333435175223,0.5355873732593229,0.607200478076126
BIF-PI (hot),4205117,11,0.8952172904202818,0.5314701572121784,0.6016313256309236
BIF-PI (hot),4205117,12,0.9653122054815363,0.536868664013823,0.5994012462229421
BIF-PI (hot),4205117,13,0.9653122054815363,0.560647628059605,0.6059556662478922
BIF-PI (hot),4205117,14,0.9653122054815363,0.5526237310425332,0.6127563944390733
BIF-PI (hot),4205117,15,0.910333435175223,0.5516788348281786,0.6146418537230773
BIF-PI (hot),4205117,16,0.8876967364032423,0.5527082035859602,0.6143435212757353
BIF-PI (hot),4205117,17,0.8881912917675344,0.5529568884306238,0.6097695465520412
BIF-PI (hot),4205117,18,0.8881912917675344,0.5531785490956143,0.6072257531459668
BIF-PI (hot),4205117,19,0.8881912917675344,0.5545998986022597,0.6157628924289236
BIF-PI (hot),756214,0,0.4448102255292818,0.006294883300300752,0.25813187566339935
BIF-PI (hot),756214,1,0.8807468262635766,0.008071798751973454,0.30748428820808615
BIF-PI (hot),756214,2,0.950857092165703,0.015684437076621868,0.17277745607474645
BIF-PI (hot),756214,3,0.950857092165703,0.09586150872917582,0.152809879218975
BIF-PI (hot),756214,4,0.9653122054815363,0.1161747800956343,0.19010532680857822
BIF-PI (hot),756214,5,0.9653122054815363,0.42255054833011285,0.21132926466130322
BIF-PI (hot),756214,6,0.9653122054815363,0.44170826151995707,0.4084825611100578
BIF-PI (hot),756214,7,0.9653122054815363,0.46034561768124965,0.5171065970132394
BIF-PI (hot),756214,8,0.9653122054815363,0.4702557055061182,0.5194784458953572
BIF-PI (hot),756214,9,0.9653122054815363,0.5068329034362348,0.540114165883615
BIF-PI (hot),756214,10,0.9653122054815363,0.5368815191901368,0.5408437851704273
BIF-PI (hot),756214,11,0.8966635979186337,0.5347256247640407,0.5542748921829376
BIF-PI (hot),756214,12,0.8966468491260778,0.5604512684674559,0.5621843726586577
BIF-PI (hot),756214,13,0.8874157747424267,0.5681235129686615,0.5589523432573185
BIF-PI (hot),756214,14,0.8874157747424267,0.5737011426725593,0.5464501905549051
BIF-PI (hot),756214,15,0.8874157747424267,0.6147669726254389,0.5237613002039457
BIF-PI (hot),756214,16,0.9647593621889378,0.6139190180012019,0.4624695601504132
BIF-PI (hot),756214,17,0.8952172904202818,0.6143952240742995,0.5616773770627639
BIF-PI (hot),756214,18,0.8952172904202818,0.6031804460011634,0.6169898701127747
BIF-PI (hot),756214,19,0.899694090892848,0.6000136318895503,0.578234582004907
BIF-PI (hot),4283694,0,0.4448102255292818,0.1983142481826093,0.12236760253926407
BIF-PI (hot),4283694,1,0.8817488380891294,0.2613992293525063,0.15317053912074324
BIF-PI (hot),4283694,2,0.950857092165703,0.2891082357779596,0.24982752575523048
BIF-PI (hot),4283694,3,0.950857092165703,0.2688725420743768,0.30438391997294245
BIF-PI (hot),4283694,4,0.950857092165703,0.18937236153647047,0.35744827249567124
BIF-PI (hot),4283694,5,0.950857092165703,0.5047467000543903,0.3842927538517536
BIF-PI (hot),4283694,6,0.950857092165703,0.4982202101299701,0.24924106539602014
BIF-PI (hot),4283694,7,0.950857092165703,0.5535518577452835,0.2993139655020772
BIF-PI (hot),4283694,8,0.950857092165703,0.5829913681733009,0.4307172820025313
BIF-PI (hot),4283694,9,0.950857092165703,0.5508296427771738,0.47974314047360395
BIF-PI (hot),4283694,10,0.950857092165703,0.557539011227167,0.40766216887838574
BIF-PI (hot),4283694,11,0.950857092165703,0.5600947045664313,0.4537528813470536
BIF-PI (hot),4283694,12,0.950857092165703,0.5617751705239068,0.39786555049166084
BIF-PI (hot),4283694,13,0.974519541314212,0.5628777497471072,0.573858597739761
BIF-PI (hot),4283694,14,0.974519541314212,0.5604809765717861,0.47445781196252257
BIF-PI (hot),4283694,15,0.974519541314212,0.5611681605508415,0.49980521459635685
BIF-PI (hot),4283694,16,0.974519541314212,0.5432960865031147,0.5084170836726071
BIF-PI (hot),4283694,17,0.9305074889469952,0.5478089846654373,0.3251482558667461
BIF-PI (hot),4283694,18,0.9305074889469952,0.5426124510256684,0.36679797288216515
BIF-PI (hot),4283694,19,0.9305074889469952,0.5430090711641383,0.32008812157537353
BIF-PI (hot),7449696,0,0.4448102255292818,0.09896006986719458,0.42491104996480156
BIF-PI (hot),7449696,1,0.8807468262635766,0.1355931758638949,0.47376578939127767
BIF-PI (hot),7449696,2,0.8807468262635766,0.15079990355873554,0.4047442468565231
BIF-PI (hot),7449696,3,0.878361654414308,0.2022270050547446,0.32196010953574505
BIF-PI (hot),7449696,4,0.9672534211605577,0.3703449225639392,0.3159037169722983
BIF-PI (hot),7449696,5,0.8881912917675344,0.5304367592457828,0.3372077647548426
BIF-PI (hot),7449696,6,0.8881912917675344,0.5285523385131923,0.50184565263293
BIF-PI (hot),7449696,7,0.8881912917675344,0.5344290314401207,0.4904247682157883
BIF-PI (hot),7449696,8,0.9647593621889378,0.4923535261473337,0.5145594812708429
BIF-PI (hot),7449696,9,0.8881912917675344,0.498750915225759,0.5853507037816218
BIF-PI (hot),7449696,10,0.8881912917675344,0.49332210114401476,0.5632528060358802
BIF-PI (hot),7449696,11,0.8881912917675344,0.47897711527036807,0.5563766401075055
BIF-PI (hot),7449696,12,0.8881912917675344,0.4673260496849334,0.5746209922970865
BIF-PI (hot),7449696,13,0.8881912917675344,0.4988580805628178,0.5962645062247505
BIF-PI (hot),7449696,14,0.8881912917675344,0.4929568346663452,0.6123793363280194
BIF-PI (hot),7449696,15,0.9791355977452344,0.4862981341900193,0.6086291321906905
BIF-PI (hot),7449696,16,0.8881912917675344,0.46683956546134414,0.5922119209590828
BIF-PI (hot),7449696,17,0.8881912917675344,0.45487397819953534,0.5934661201576321
BIF-PI (hot),7449696,18,0.8894505267029275,0.4265000547877272,0.581957906695561
BIF-PI (hot),7449696,19,0.8894505267029275,0.4274928721808745,0.5486239205081459
BIF-PI (hot),9848369,0,0.4448102255292818,0.012941024336437375,0.46137996941667564
BIF-PI (hot),9848369,1,0.8807468262635766,0.021986013304794782,0.5017587121240163
BIF-PI (hot),9848369,2,0.8807468262635766,0.03693090433432333,0.4012600840459314
BIF-PI (hot),9848369,3,0.8807468262635766,0.09745323598786797,0.37571337431575014
BIF-PI (hot),9848369,4,0.8807468262635766,0.4808011128615415,0.36722724593957645
BIF-PI (hot),9848369,5,0.8891758624816023,0.49959192001958974,0.5077376987063024
BIF-PI (hot),9848369,6,0.8881912917675344,0.5095273233317709,0.5822331107699585
BIF-PI (hot),9848369,7,0.8881912917675344,0.5290891246167343,0.5966849938407968
BIF-PI (hot),9848369,8,0.8966635979186337,0.548113415974488,0.597976716534228
BIF-PI (hot),9848369,9,0.8949429590445956,0.5582736467221969,0.6050051587617813
BIF-PI (hot),9848369,10,0.8949429590445956,0.555767414641344,0.6016969587707055
BIF-PI (hot),9848369,11,0.8966468491260778,0.5540664234778317,0.5968239925224004
BIF-PI (hot),9848369,12,0.9647593621889378,0.5242603651345089,0.5950247851218156
BIF-PI (hot),9848369,13,0.8966635979186337,0.5216373812376898,0.6076365387526486
BIF-PI (hot),9848369,14,0.8966635979186337,0.4761521574184816,0.606950333983834
BIF-PI (hot),9848369,15,0.9552609528449328,0.4601643497168621,0.5846027222107048
BIF-PI (hot),9848369,16,0.9552609528449328,0.47759540996673355,0.5804313550295969
BIF-PI (hot),9848369,17,0.8949429590445956,0.457504639896951,0.612172576298543
BIF-PI (hot),9848369,18,0.9647593621889378,0.4698257817918786,0.5903342438850714
BIF-PI (hot),9848369,19,0.9647593621889378,0.46516760158918274,0.6104146313419311
Laferriere (hot),9049607,0,0.9871147531406382,0.0,0.0
Laferriere (hot),9049607,1,0.9871147531406382,0.0,0.0
Laferriere (hot),9049607,2,0.9871147531406382,0.0,0.0
Laferriere (hot),9049607,3,0.9003286011914383,0.005722988706484783,0.2681331531797836
Laferriere (hot),9049607,4,0.9003286011914383,0.0010725209955391348,0.2681331531797836
Laferriere (hot),9049607,5,0.878697415781133,0.005698276367598612,0.2681331531797836
Laferriere (hot),9049607,6,0.8849147459831256,0.006282784352006044,0.2681331531797836
Laferriere (hot),9049607,7,0.8849147459831256,1.3579173220219257e-05,0.2681331531797836
Laferriere (hot),9049607,8,0.9060915172132055,0.00014424377603989034,0.2681331531797836
Laferriere (hot),9049607,9,0.9060915172132055,0.0013198122424203128,0.2681331531797836
Laferriere (hot),9049607,10,0.9060915172132055,0.0017073544515475178,0.2681331531797836
Laferriere (hot),9049607,11,0.9060915172132055,0.020017104747053927,0.2681331531797836
Laferriere (hot),9049607,12,0.878697415781133,0.02142736654408703,0.2681331531797836
Laferriere (hot),9049607,13,0.878697415781133,0.017688302418160665,0.2681331531797836
Laferriere (hot),9049607,14,0.878697415781133,0.017340403405836737,0.2681331531797836
Laferriere (hot),9049607,15,0.878697415781133,0.0308057461941923,0.2681331531797836
Laferriere (hot),9049607,16,0.9184406762294373,0.031051464156212148,0.2681331531797836
Laferriere (hot),9049607,17,0.9184406762294373,0.0172280001628125,0.2681331531797836
Laferriere (hot),9049607,18,0.9060915172132055,0.3219581451272405,0.2681331531797836
Laferriere (hot),9049607,19,0.8874157747424267,0.4094402907372291,0.2681331531797836
Laferriere (hot),2402697,0,0.8966468491260778,0.0,0.0
Laferriere (hot),2402697,1,0.8966468491260778,0.0,0.0
Laferriere (hot),2402697,2,0.8966468491260778,0.0,0.0
Laferriere (hot),2402697,3,0.31743935938557866,0.01671395824183199,0.26160304189165695
Laferriere (hot),2402697,4,0.8966468491260778,0.012689316417999615,0.26160304189165695
Laferriere (hot),2402697,5,0.27422513135819715,0.009547138156492161,0.26160304189165695
Laferriere (hot),2402697,6,0.27422513135819715,0.0049408693378111095,0.26160304189165695
Laferriere (hot),2402697,7,0.9060915172132055,0.0009022155135817172,0.26160304189165695
Laferriere (hot),2402697,8,0.9060915172132055,0.00472795806385358,0.26160304189165695
Laferriere (hot),2402697,9,0.9060915172132055,0.03857684307999575,0.26160304189165695
Laferriere (hot),2402697,10,0.8817488380891294,0.04448345900464557,0.26160304189165695
Laferriere (hot),2402697,11,0.8817488380891294,0.04552935357009916,0.26160304189165695
Laferriere (hot),2402697,12,0.8817488380891294,0.044175915977109646,0.26160304189165695
Laferriere (hot),2402697,13,0.8817488380891294,0.05099809118093184,0.26160304189165695
Laferriere (hot),2402697,14,0.9060915172132055,0.05470777691479641,0.26160304189165695
Laferriere (hot),2402697,15,0.9060915172132055,0.039386256664598586,0.26160304189165695
Laferriere (hot),2402697,16,0.9060915172132055,0.0395049642868908,0.26160304189165695
Laferriere (hot),2402697,17,0.9060915172132055,0.09581004207060591,0.26160304189165695
Laferriere (hot),2402697,18,0.9060915172132055,0.09535308147992362,0.26160304189165695
Laferriere (hot),2402697,19,0.9060915172132055,0.09448715551552596,0.26160304189165695
Laferriere (hot),6510749,0,0.94895077868039,0.0,0.0
Laferriere (hot),6510749,1,0.94895077868039,0.0,0.0
Laferriere (hot),6510749,2,0.94895077868039,0.0,0.0
Laferriere (hot),6510749,3,0.9297860793089677,0.02159055646209589,0.19148804697218447
Laferriere (hot),6510749,4,0.94895077868039,0.02806140554941504,0.19148804697218447
Laferriere (hot),6510749,5,0.878697415781133,0.013319888758162665,0.19148804697218447
Laferriere (hot),6510749,6,0.878697415781133,0.054273237244902094,0.19148804697218447
Laferriere (hot),6510749,7,0.9304729262558386,0.43416294487052504,0.19148804697218447
Laferriere (hot),6510749,8,0.8692995191632016,0.43320147630569833,0.19148804697218447
Laferriere (hot),6510749,9,0.8692995191632016,0.4582320521305388,0.19148804697218447
Laferriere (hot),6510749,10,0.8849147459831256,0.46315496308629844,0.19148804697218447
Laferriere (hot),6510749,11,0.8966468491260778,0.4630721645947125,0.19148804697218447
Laferriere (hot),6510749,12,0.8966468491260778,0.47214398061590546,0.19148804697218447
Laferriere (hot),6510749,13,0.8966468491260778,0.4805925805424,0.19148804697218447
Laferriere (hot),6510749,14,0.8874157747424267,0.46668781069217474,0.19148804697218447
Laferriere (hot),6510749,15,0.8874157747424267,0.4697730659088036,0.19148804697218447
Laferriere (hot),6510749,16,0.8874157747424267,0.4672668545377194,0.19148804697218447
Laferriere (hot),6510749,17,0.8874157747424267,0.46777451505243384,0.19148804697218447
Laferriere (hot),6510749,18,0.9017386152013106,0.47304989888140164,0.19148804697218447
Laferriere (hot),6510749,19,0.9017386152013106,0.47618031826275403,0.19148804697218447
Laferriere (hot),758529,0,0.90402675588989,0.0,0.0
Laferriere (hot),758529,1,0.90402675588989,0.0,0.0
Laferriere (hot),758529,2,0.90402675588989,0.0,0.0
Laferriere (hot),758529,3,0.9299138121514008,0.0005390070693013725,0.25165374498244025
Laferriere (hot),758529,4,0.9299138121514008,0.06560840293579415,0.25165374498244025
Laferriere (hot),758529,5,0.8992414208237711,0.061555144333299984,0.25165374498244025
Laferriere (hot),758529,6,0.8898494488582143,0.0640709591694147,0.25165374498244025
Laferriere (hot),758529,7,0.8898494488582143,0.11834463598071321,0.25165374498244025
Laferriere (hot),758529,8,0.8989950218541121,0.12385195547063943,0.25165374498244025
Laferriere (hot),758529,9,0.8989950218541121,0.11593000761737432,0.25165374498244025
Laferriere (hot),758529,10,0.8966468491260778,0.1176415772920834,0.25165374498244025
Laferriere (hot),758529,11,0.8966468491260778,0.1822130329917345,0.25165374498244025
Laferriere (hot),758529,12,0.8966468491260778,0.19709465819456987,0.25165374498244025
Laferriere (hot),758529,13,0.8966468491260778,0.18660816404360353,0.25165374498244025
Laferriere (hot),758529,14,0.8966468491260778,0.18307342797039197,0.25165374498244025
Laferriere (hot),758529,15,0.8966468491260778,0.1735312156688128,0.25165374498244025
Laferriere (hot),758529,16,0.8966468491260778,0.19993493768080456,0.25165374498244025
Laferriere (hot),758529,17,0.8966468491260778,0.1936234332430392,0.25165374498244025
Laferriere (hot),758529,18,0.8966468491260778,0.1903334188581674,0.25165374498244025
Laferriere (hot),758529,19,0.8966468491260778,0.25536838193255773,0.25165374498244025
Laferriere (hot),3523986,0,0.9297860793089677,0.0,0.0
Laferriere (hot),3523986,1,0.9297860793089677,0.0,0.0
Laferriere (hot),3523986,2,0.9297860793089677,0.0,0.0
Laferriere (hot),3523986,3,0.9305074889469952,0.012531998900785067,0.11095184284150852
Laferriere (hot),3523986,4,0.9305074889469952,0.03491646040394998,0.11095184284150852
Laferriere (hot),3523986,5,0.974519541314212,0.031548748238073895,0.11095184284150852
Laferriere (hot),3523986,6,0.8881912917675344,0.07111079773106128,0.11095184284150852
Laferriere (hot),3523986,7,0.8881912917675344,0.031709586885713736,0.11095184284150852
Laferriere (hot),3523986,8,0.9304729262558386,0.16592916942943414,0.11095184284150852
Laferriere (hot),3523986,9,0.9304729262558386,0.3569771221407991,0.11095184284150852
Laferriere (hot),3523986,10,0.94895077868039,0.34990149354589806,0.11095184284150852
Laferriere (hot),3523986,11,0.94895077868039,0.27604116351022023,0.11095184284150852
Laferriere (hot),3523986,12,0.8817488380891294,0.2735982408694111,0.11095184284150852
Laferriere (hot),3523986,13,0.8817488380891294,0.29678785704135424,0.11095184284150852
Laferriere (hot),3523986,14,0.8817488380891294,0.29340432372039016,0.11095184284150852
Laferriere (hot),3523986,15,0.8817488380891294,0.48638839264578176,0.11095184284150852
Laferriere (hot),3523986,16,0.8817488380891294,0.49780077725370203,0.11095184284150852
Laferriere (hot),3523986,17,0.8817488380891294,0.49595998389257245,0.11095184284150852
Laferriere (hot),3523986,18,0.8817488380891294,0.4894747649233445,0.11095184284150852
Laferriere (hot),3523986,19,0.8817488380891294,0.48803460698031587,0.11095184284150852
Laferriere (hot),3224638,0,0.974519541314212,0.0,0.0
Laferriere (hot),3224638,1,0.974519541314212,0.0,0.0
Laferriere (hot),3224638,2,0.974519541314212,0.0,0.0
Laferriere (hot),3224638,3,0.5786878245011988,0.025746966197913383,0.2786627506104346
Laferriere (hot),3224638,4,0.974519541314212,0.014079833312846879,0.2786627506104346
Laferriere (hot),3224638,5,0.878697415781133,0.06257566387590735,0.2786627506104346
Laferriere (hot),3224638,6,0.878697415781133,0.0806755137812262,0.2786627506104346
Laferriere (hot),3224638,7,0.878697415781133,0.18130577140216922,0.2786627506104346
Laferriere (hot),3224638,8,0.8817488380891294,0.21778463437963297,0.2786627506104346
Laferriere (hot),3224638,9,0.8817488380891294,0.1824897079000058,0.2786627506104346
Laferriere (hot),3224638,10,0.878697415781133,0.24225835561868744,0.2786627506104346
Laferriere (hot),3224638,11,0.890583772907036,0.250161750709414,0.2786627506104346
Laferriere (hot),3224638,12,0.890583772907036,0.2518687607171826,0.2786627506104346
Laferriere (hot),3224638,13,0.9304729262558386,0.30537238917349735,0.2786627506104346
Laferriere (hot),3224638,14,0.9017386152013106,0.30626459270636175,0.2786627506104346
Laferriere (hot),3224638,15,0.8921735368758086,0.3236525026915065,0.2786627506104346
Laferriere (hot),3224638,16,0.8921735368758086,0.31233358554410157,0.2786627506104346
Laferriere (hot),3224638,17,0.9017815389749195,0.2974587277699219,0.2786627506104346
Laferriere (hot),3224638,18,0.8899265891635152,0.3220898335767362,0.2786627506104346
Laferriere (hot),3224638,19,0.8909544298106566,0.2579259590063895,0.2786627506104346
Laferriere (hot),9729091,0,0.9305074889469952,0.0,0.0
Laferriere (hot),9729091,1,0.9305074889469952,0.0,0.0
Laferriere (hot),9729091,2,0.9305074889469952,0.0,0.0
Laferriere (hot),9729091,3,0.9297860793089677,0.003139243265143234,0.3357948874999936
Laferriere (hot),9729091,4,0.9297860793089677,0.11825409485121886,0.3357948874999936
Laferriere (hot),9729091,5,0.8849716359597481,0.10976285499281055,0.3357948874999936
Laferriere (hot),9729091,6,0.910333435175223,0.11934411648646745,0.3357948874999936
Laferriere (hot),9729091,7,0.910333435175223,0.2456063289937869,0.3357948874999936
Laferriere (hot),9729091,8,0.910333435175223,0.24676069178736218,0.3357948874999936
Laferriere (hot),9729091,9,0.910333435175223,0.09510644290868304,0.3357948874999936
Laferriere (hot),9729091,10,0.9309004731360817,0.10312626606607449,0.3357948874999936
Laferriere (hot),9729091,11,0.9640201519661352,0.12012917772980079,0.3357948874999936
Laferriere (hot),9729091,12,0.9640201519661352,0.10988250502682123,0.3357948874999936
Laferriere (hot),9729091,13,0.9640201519661352,0.10026771949393533,0.3357948874999936
Laferriere (hot),9729091,14,0.9640201519661352,0.3074001539635457,0.3357948874999936
Laferriere (hot),9729091,15,0.9640201519661352,0.32117712933542847,0.3357948874999936
Laferriere (hot),9729091,16,0.910333435175223,0.32230288929470513,0.3357948874999936
Laferriere (hot),9729091,17,0.910333435175223,0.28915698269604456,0.3357948874999936
Laferriere (hot),9729091,18,0.910333435175223,0.28942239289313837,0.3357948874999936
Laferriere (hot),9729091,19,0.9060915172132055,0.3571527305681401,0.3357948874999936
Laferriere (hot),5830471,0,0.954987673261466,0.0,0.0
Laferriere (hot),5830471,1,0.954987673261466,0.0,0.0
Laferriere (hot),5830471,2,0.954987673261466,0.0,0.0
Laferriere (hot),5830471,3,0.9310488024666578,0.0022325363437123405,0.488407268906436
Laferriere (hot),5830471,4,0.417248636171651,0.07253277538734722,0.488407268906436
Laferriere (hot),5830471,5,0.8849147459831256,0.07135290044535712,0.488407268906436
Laferriere (hot),5830471,6,0.8876967364032423,0.03289791812454231,0.488407268906436
Laferriere (hot),5830471,7,0.9305074889469952,0.22823413013370816,0.488407268906436
Laferriere (hot),5830471,8,0.94895077868039,0.3103438986330352,0.488407268906436
Laferriere (hot),5830471,9,0.8881912917675344,0.3178449905200916,0.488407268906436
Laferriere (hot),5830471,10,0.8881912917675344,0.31413136658088137,0.488407268906436
Laferriere (hot),5830471,11,0.8881912917675344,0.21451328728188654,0.488407268906436
Laferriere (hot),5830471,12,0.896907560458215,0.26165338325365634,0.488407268906436
Laferriere (hot),5830471,13,0.896907560458215,0.2579871185016214,0.488407268906436
Laferriere (hot),5830471,14,0.8881912917675344,0.215090913895448,0.488407268906436
Laferriere (hot),5830471,15,0.974519541314212,0.22309157919894293,0.488407268906436
Laferriere (hot),5830471,16,0.8881912917675344,0.22700051187098946,0.488407268906436
Laferriere (hot),5830471,17,0.8881912917675344,0.24072713961547215,0.488407268906436
Laferriere (hot),5830471,18,0.974519541314212,0.22810929319577697,0.488407268906436
Laferriere (hot),5830471,19,0.974519541314212,0.19492273854120626,0.488407268906436
Laferriere (hot),5343420,0,0.9647593621889378,0.0,0.0
Laferriere (hot),5343420,1,0.9647593621889378,0.0,0.0
Laferriere (hot),5343420,2,0.9647593621889378,0.0,0.0
Laferriere (hot),5343420,3,0.6108602579271449,0.10387819720478131,0.6156702537978282
Laferriere (hot),5343420,4,0.9647593621889378,0.14781287014346453,0.6156702537978282
Laferriere (hot),5343420,5,0.910333435175223,0.15542157237409418,0.6156702537978282
Laferriere (hot),5343420,6,0.910333435175223,0.17164817789557454,0.6156702537978282
Laferriere (hot),5343420,7,0.910333435175223,0.411595928826545,0.6156702537978282
Laferriere (hot),5343420,8,0.8876967364032423,0.4051007282085762,0.6156702537978282
Laferriere (hot),5343420,9,0.8876967364032423,0.37695861586229384,0.6156702537978282
Laferriere (hot),5343420,10,0.8876967364032423,0.3903504626672721,0.6156702537978282
Laferriere (hot),5343420,11,0.8876967364032423,0.3780587545352113,0.6156702537978282
Laferriere (hot),5343420,12,0.8849716359597481,0.42562259693722476,0.6156702537978282
Laferriere (hot),5343420,13,0.8876967364032423,0.44613702523594084,0.6156702537978282
Laferriere (hot),5343420,14,0.9552609528449328,0.4941680342651346,0.6156702537978282
Laferriere (hot),5343420,15,0.8952172904202818,0.4944985974353078,0.6156702537978282
Laferriere (hot),5343420,16,0.8952172904202818,0.4843262602517889,0.6156702537978282
Laferriere (hot),5343420,17,0.910333435175223,0.4802834616608823,0.6156702537978282
Laferriere (hot),5343420,18,0.910333435175223,0.41819521052607167,0.6156702537978282
Laferriere (hot),5343420,19,0.910333435175223,0.42346583670041493,0.6156702537978282
Laferriere (hot),2417321,0,0.8876967364032423,0.0,0.0
Laferriere (hot),2417321,1,0.8876967364032423,0.0,0.0
Laferriere (hot),2417321,2,0.8876967364032423,0.0,0.0
Laferriere (hot),2417321,3,0.54825273880037,0.028913875438703645,0.3967418925215682
Laferriere (hot),2417321,4,0.8876967364032423,0.042436985128818876,0.3967418925215682
Laferriere (hot),2417321,5,0.8876967364032423,0.046410048005132314,0.3967418925215682
Laferriere (hot),2417321,6,0.8876967364032423,0.09903284671770468,0.3967418925215682
Laferriere (hot),2417321,7,0.8876967364032423,0.14114243402898935,0.3967418925215682
Laferriere (hot),2417321,8,0.8876967364032423,0.12753579208089527,0.3967418925215682
Laferriere (hot),2417321,9,0.8876967364032423,0.15518595361024787,0.3967418925215682
Laferriere (hot),2417321,10,0.8876967364032423,0.1524667316279818,0.3967418925215682
Laferriere (hot),2417321,11,0.8878457713665732,0.3164194994606694,0.3967418925215682
Laferriere (hot),2417321,12,0.8876967364032423,0.2709550340869059,0.3967418925215682
Laferriere (hot),2417321,13,0.8900089484884361,0.263306607298527,0.3967418925215682
Laferriere (hot),2417321,14,0.8900089484884361,0.24427182781765922,0.3967418925215682
Laferriere (hot),2417321,15,0.8977699768227599,0.2116862238454647,0.3967418925215682
Laferriere (hot),2417321,16,0.8960678308524263,0.20585182465024904,0.3967418925215682
Laferriere (hot),2417321,17,0.8960678308524263,0.20408920647709364,0.3967418925215682
Laferriere (hot),2417321,18,0.8977699768227599,0.20695211375646058,0.3967418925215682
Laferriere (hot),2417321,19,0.8960678308524263,0.22731371352517118,0.3967418925215682
Laferriere (hot),9891788,0,0.9275227156497575,0.0,0.0
Laferriere (hot),9891788,1,0.9275227156497575,0.0,0.0
Laferriere (hot),9891788,2,0.9275227156497575,0.0,0.0
Laferriere (hot),9891788,3,0.732502451208424,0.007538402444987174,0.011849500613244277
Laferriere (hot),9891788,4,0.9275227156497575,0.010723159840748238,0.011849500613244277
Laferriere (hot),9891788,5,0.9275227156497575,0.001164952808532617,0.011849500613244277
Laferriere (hot),9891788,6,0.9254021028282133,0.017848758291002957,0.011849500613244277
Laferriere (hot),9891788,7,0.9653122054815363,0.18366628618092534,0.011849500613244277
Laferriere (hot),9891788,8,0.9060915172132055,0.17918390858545746,0.011849500613244277
Laferriere (hot),9891788,9,0.9060915172132055,0.19242718129387765,0.011849500613244277
Laferriere (hot),9891788,10,0.9060915172132055,0.18122817132653884,0.011849500613244277
Laferriere (hot),9891788,11,0.910333435175223,0.2430755754204304,0.011849500613244277
Laferriere (hot),9891788,12,0.9060915172132055,0.226830135311349,0.011849500613244277
Laferriere (hot),9891788,13,0.9060915172132055,0.20723041902122852,0.011849500613244277
Laferriere (hot),9891788,14,0.9060915172132055,0.20676353064771863,0.011849500613244277
Laferriere (hot),9891788,15,0.9304729262558386,0.1878546397075176,0.011849500613244277
Laferriere (hot),9891788,16,0.9733325405394005,0.17200087343353854,0.011849500613244277
Laferriere (hot),9891788,17,0.9525278241646253,0.22587184109718084,0.011849500613244277
Laferriere (hot),9891788,18,0.9213238783514693,0.2409358212502768,0.011849500613244277
Laferriere (hot),9891788,19,0.9689866216290126,0.2405424383543111,0.011849500613244277
Laferriere (hot),9314146,0,0.90402675588989,0.0,0.0
Laferriere (hot),9314146,1,0.90402675588989,0.0,0.0
Laferriere (hot),9314146,2,0.90402675588989,0.0,0.0
Laferriere (hot),9314146,3,0.9522904919101735,0.006394515219293397,0.17433387331993452
Laferriere (hot),9314146,4,0.90402675588989,0.06371583509333424,0.17433387331993452
Laferriere (hot),9314146,5,0.8900089484884361,0.043030847852902204,0.17433387331993452
Laferriere (hot),9314146,6,0.9723587939655138,0.04050444880197657,0.17433387331993452
Laferriere (hot),9314146,7,0.9723587939655138,0.04233359110781854,0.17433387331993452
Laferriere (hot),9314146,8,0.9723587939655138,0.0969018583737427,0.17433387331993452
Laferriere (hot),9314146,9,0.9723587939655138,0.1003882885739413,0.17433387331993452
Laferriere (hot),9314146,10,0.9723587939655138,0.19924807772492872,0.17433387331993452
Laferriere (hot),9314146,11,0.894258894687267,0.21193581015002055,0.17433387331993452
Laferriere (hot),9314146,12,0.894258894687267,0.19239763304389565,0.17433387331993452
Laferriere (hot),9314146,13,0.894258894687267,0.2764486453114346,0.17433387331993452
Laferriere (hot),9314146,14,0.894258894687267,0.257797239749059,0.17433387331993452
Laferriere (hot),9314146,15,0.894258894687267,0.2607585499619875,0.17433387331993452
Laferriere (hot),9314146,16,0.894258894687267,0.2528346784637868,0.17433387331993452
Laferriere (hot),9314146,17,0.894258894687267,0.23588943802180784,0.17433387331993452
Laferriere (hot),9314146,18,0.894258894687267,0.22876713329404985,0.17433387331993452
Laferriere (hot),9314146,19,0.894258894687267,0.26186950104059564,0.17433387331993452
Laferriere (hot),9488226,0,0.9254021028282133,0.0,0.0
Laferriere (hot),9488226,1,0.9254021028282133,0.0,0.0
Laferriere (hot),9488226,2,0.9254021028282133,0.0,0.0
Laferriere (hot),9488226,3,0.9909144723573827,0.0018511227943338805,0.29708739205872775
Laferriere (hot),9488226,4,0.9909144723573827,0.0054528570555993335,0.29708739205872775
Laferriere (hot),9488226,5,0.94895077868039,0.0017818184364862858,0.29708739205872775
Laferriere (hot),9488226,6,0.878697415781133,0.02071348369992681,0.29708739205872775
Laferriere (hot),9488226,7,0.9184406762294373,0.017421399888773063,0.29708739205872775
Laferriere (hot),9488226,8,0.9060915172132055,0.04892102723565555,0.29708739205872775
Laferriere (hot),9488226,9,0.8874157747424267,0.04713055825056747,0.29708739205872775
Laferriere (hot),9488226,10,0.8874157747424267,0.06881496645153293,0.29708739205872775
Laferriere (hot),9488226,11,0.8874157747424267,0.0765444182302292,0.29708739205872775
Laferriere (hot),9488226,12,0.8874157747424267,0.09678019700033384,0.29708739205872775
Laferriere (hot),9488226,13,0.9184406762294373,0.2528504133843667,0.29708739205872775
Laferriere (hot),9488226,14,0.8874157747424267,0.2817827906179299,0.29708739205872775
Laferriere (hot),9488226,15,0.8874157747424267,0.28695572978523926,0.29708739205872775
Laferriere (hot),9488226,16,0.8874157747424267,0.2832204393412393,0.29708739205872775
Laferriere (hot),9488226,17,0.8874157747424267,0.2870491096132929,0.29708739205872775
Laferriere (hot),9488226,18,0.8874157747424267,0.28883336239778706,0.29708739205872775
Laferriere (hot),9488226,19,0.8874157747424267,0.2905179266481371,0.29708739205872775
Laferriere (hot),2697408,0,0.9254021028282133,0.0,0.0
Laferriere (hot),2697408,1,0.9254021028282133,0.0,0.0
Laferriere (hot),2697408,2,0.9254021028282133,0.0,0.0
Laferriere (hot),2697408,3,0.446665267472359,0.0003522355800785312,0.3034514967315091
Laferriere (hot),2697408,4,0.9254021028282133,0.008256046684490922,0.3034514967315091
Laferriere (hot),2697408,5,0.8849147459831256,0.00766614444908143,0.3034514967315091
Laferriere (hot),2697408,6,0.878697415781133,0.30813068911341956,0.3034514967315091
Laferriere (hot),2697408,7,0.9449967988237821,0.3741604186130575,0.3034514967315091
Laferriere (hot),2697408,8,0.8874157747424267,0.3813582323984805,0.3034514967315091
Laferriere (hot),2697408,9,0.8874157747424267,0.3570301717152847,0.3034514967315091
Laferriere (hot),2697408,10,0.8874157747424267,0.36490314527930023,0.3034514967315091
Laferriere (hot),2697408,11,0.8874157747424267,0.3578748830126627,0.3034514967315091
Laferriere (hot),2697408,12,0.9184406762294373,0.34921505195711866,0.3034514967315091
Laferriere (hot),2697408,13,0.9184406762294373,0.36034896615698797,0.3034514967315091
Laferriere (hot),2697408,14,0.9184406762294373,0.34512543869447093,0.3034514967315091
Laferriere (hot),2697408,15,0.9184406762294373,0.3111483414705349,0.3034514967315091
Laferriere (hot),2697408,16,0.9184406762294373,0.2997131823694737,0.3034514967315091
Laferriere (hot),2697408,17,0.9232668447985519,0.31060531847400197,0.3034514967315091
Laferriere (hot),2697408,18,0.9228853637547502,0.2992626714092785,0.3034514967315091
Laferriere (hot),2697408,19,0.9228853637547502,0.2957050968048743,0.3034514967315091
Laferriere (hot),5135059,0,0.9871147531406382,0.0,0.0
Laferriere (hot),5135059,1,0.9871147531406382,0.0,0.0
Laferriere (hot),5135059,2,0.9871147531406382,0.0,0.0
Laferriere (hot),5135059,3,0.6367588439615917,0.00034859356302702514,0.16491067487722968
Laferriere (hot),5135059,4,0.9871147531406382,0.1344745059039974,0.16491067487722968
Laferriere (hot),5135059,5,0.8876967364032423,0.1119765815130295,0.16491067487722968
Laferriere (hot),5135059,6,0.9618517291970011,0.08998508197637346,0.16491067487722968
Laferriere (hot),5135059,7,0.9618517291970011,0.21953173661363592,0.16491067487722968
Laferriere (hot),5135059,8,0.8891758624816023,0.2939344197899533,0.16491067487722968
Laferriere (hot),5135059,9,0.8891758624816023,0.24056304082792804,0.16491067487722968
Laferriere (hot),5135059,10,0.8891758624816023,0.30277126584385783,0.16491067487722968
Laferriere (hot),5135059,11,0.8891758624816023,0.3043758330432157,0.16491067487722968
Laferriere (hot),5135059,12,0.8891758624816023,0.30836894821735666,0.16491067487722968
Laferriere (hot),5135059,13,0.8891758624816023,0.38196390609942577,0.16491067487722968
Laferriere (hot),5135059,14,0.8891758624816023,0.40958513971555943,0.16491067487722968
Laferriere (hot),5135059,15,0.8891758624816023,0.40845504167716207,0.16491067487722968
Laferriere (hot),5135059,16,0.8849716359597481,0.41269655500611746,0.16491067487722968
Laferriere (hot),5135059,17,0.8891758624816023,0.4147958639648861,0.16491067487722968
Laferriere (hot),5135059,18,0.8891758624816023,0.4042045460896056,0.16491067487722968
Laferriere (hot),5135059,19,0.8849716359597481,0.41609999218505617,0.16491067487722968
Laferriere (hot),6813578,0,0.9184406762294373,0.0,0.0
Laferriere (hot),6813578,1,0.9184406762294373,0.0,0.0
Laferriere (hot),6813578,2,0.9184406762294373,0.0,0.0
Laferriere (hot),6813578,3,0.5724212730861069,0.024748811328623194,0.18993424223235422
Laferriere (hot),6813578,4,0.9525152559132957,0.14543862787898748,0.18993424223235422
Laferriere (hot),6813578,5,0.9184406762294373,0.15055814324732564,0.18993424223235422
Laferriere (hot),6813578,6,0.890583772907036,0.1643989187848514,0.18993424223235422
Laferriere (hot),6813578,7,0.9525278241646253,0.4075334144608265,0.18993424223235422
Laferriere (hot),6813578,8,0.8949719299290165,0.41486061087840675,0.18993424223235422
Laferriere (hot),6813578,9,0.8849716359597481,0.45144304463790474,0.18993424223235422
Laferriere (hot),6813578,10,0.9647593621889378,0.43816780448475445,0.18993424223235422
Laferriere (hot),6813578,11,0.9552609528449328,0.4345924466059769,0.18993424223235422
Laferriere (hot),6813578,12,0.9640201519661352,0.43967139251198406,0.18993424223235422
Laferriere (hot),6813578,13,0.9640201519661352,0.43123410428126746,0.18993424223235422
Laferriere (hot),6813578,14,0.9640201519661352,0.48120081696940104,0.18993424223235422
Laferriere (hot),6813578,15,0.910333435175223,0.5301530035115818,0.18993424223235422
Laferriere (hot),6813578,16,0.9552609528449328,0.5248099539013401,0.18993424223235422
Laferriere (hot),6813578,17,0.9552609528449328,0.5247032656219973,0.18993424223235422
Laferriere (hot),6813578,18,0.9552609528449328,0.5156359125481623,0.18993424223235422
Laferriere (hot),6813578,19,0.9552609528449328,0.5317813565401703,0.18993424223235422
Laferriere (hot),430826,0,0.94895077868039,0.0,0.0
Laferriere (hot),430826,1,0.94895077868039,0.0,0.0
Laferriere (hot),430826,2,0.94895077868039,0.0,0.0
Laferriere (hot),430826,3,0.567173868390065,0.005480703157940433,0.270048085148301
Laferriere (hot),430826,4,0.94895077868039,0.007370864839378535,0.270048085148301
Laferriere (hot),430826,5,0.94895077868039,0.00911932859598576,0.270048085148301
Laferriere (hot),430826,6,0.94895077868039,0.4081951519873691,0.270048085148301
Laferriere (hot),430826,7,0.8881912917675344,0.40835123141977203,0.270048085148301
Laferriere (hot),430826,8,0.8874157747424267,0.42182204325184874,0.270048085148301
Laferriere (hot),430826,9,0.8881912917675344,0.3597010358433392,0.270048085148301
Laferriere (hot),430826,10,0.8874157747424267,0.330270499659198,0.270048085148301
Laferriere (hot),430826,11,0.8874157747424267,0.3698994553985455,0.270048085148301
Laferriere (hot),430826,12,0.8881912917675344,0.3590610129787203,0.270048085148301
Laferriere (hot),430826,13,0.8881912917675344,0.35654924412793404,0.270048085148301
Laferriere (hot),430826,14,0.8874157747424267,0.3964080166641123,0.270048085148301
Laferriere (hot),430826,15,0.8874157747424267,0.3544534031302753,0.270048085148301
Laferriere (hot),430826,16,0.8874157747424267,0.3606997517427425,0.270048085148301
Laferriere (hot),430826,17,0.8874157747424267,0.348832125485171,0.270048085148301
Laferriere (hot),430826,18,0.8874157747424267,0.35192248005812343,0.270048085148301
Laferriere (hot),430826,19,0.8874157747424267,0.35851149954828637,0.270048085148301
Laferriere (hot),6192331,0,0.9610922753024329,0.0,0.0
Laferriere (hot),6192331,1,0.9610922753024329,0.0,0.0
Laferriere (hot),6192331,2,0.9610922753024329,0.0,0.0
Laferriere (hot),6192331,3,0.31743935938557866,0.04790025838178686,0.5030450735365479
Laferriere (hot),6192331,4,0.8874157747424267,0.006038606870222091,0.5030450735365479
Laferriere (hot),6192331,5,0.9525152559132957,0.0059150347859877744,0.5030450735365479
Laferriere (hot),6192331,6,0.9791355977452344,0.002867894142603714,0.5030450735365479
Laferriere (hot),6192331,7,0.6738740351270909,0.08034928405061183,0.5030450735365479
Laferriere (hot),6192331,8,0.9589095401708206,0.12901813507638937,0.5030450735365479
Laferriere (hot),6192331,9,0.9562127116359054,0.12978682530316163,0.5030450735365479
Laferriere (hot),6192331,10,0.9562127116359054,0.13392048377824398,0.5030450735365479
Laferriere (hot),6192331,11,0.8849562718050507,0.22535015596475017,0.5030450735365479
Laferriere (hot),6192331,12,0.8878457713665732,0.2046781644551006,0.5030450735365479
Laferriere (hot),6192331,13,0.8878457713665732,0.21131387941374413,0.5030450735365479
Laferriere (hot),6192331,14,0.8878457713665732,0.20293960121868143,0.5030450735365479
Laferriere (hot),6192331,15,0.8878457713665732,0.20103318128030373,0.5030450735365479
Laferriere (hot),6192331,16,0.8878457713665732,0.17777948205054558,0.5030450735365479
Laferriere (hot),6192331,17,0.8874157747424267,0.2898653100844412,0.5030450735365479
Laferriere (hot),6192331,18,0.8874157747424267,0.2944153740560683,0.5030450735365479
Laferriere (hot),6192331,19,0.8874157747424267,0.2893660018935885,0.5030450735365479
Laferriere (hot),8026546,0,0.8874157747424267,0.0,0.0
Laferriere (hot),8026546,1,0.8874157747424267,0.0,0.0
Laferriere (hot),8026546,2,0.8874157747424267,0.0,0.0
Laferriere (hot),8026546,3,0.31743935938557866,0.04442740396384396,0.4581273126972619
Laferriere (hot),8026546,4,0.8874157747424267,0.01771236840125152,0.4581273126972619
Laferriere (hot),8026546,5,0.954987673261466,0.029277185484177355,0.4581273126972619
Laferriere (hot),8026546,6,0.954987673261466,0.028783053281527395,0.4581273126972619
Laferriere (hot),8026546,7,0.9559415289799644,0.14954222558282332,0.4581273126972619
Laferriere (hot),8026546,8,0.8849716359597481,0.16036649727318253,0.4581273126972619
Laferriere (hot),8026546,9,0.8891758624816023,0.1395020045472884,0.4581273126972619
Laferriere (hot),8026546,10,0.9552609528449328,0.14369599134914737,0.4581273126972619
Laferriere (hot),8026546,11,0.9552609528449328,0.11859512857581851,0.4581273126972619
Laferriere (hot),8026546,12,0.9552609528449328,0.08358664414736398,0.4581273126972619
Laferriere (hot),8026546,13,0.954987673261466,0.1423065024792553,0.4581273126972619
Laferriere (hot),8026546,14,0.8876967364032423,0.14304025357023145,0.4581273126972619
Laferriere (hot),8026546,15,0.8900089484884361,0.14487809389075954,0.4581273126972619
Laferriere (hot),8026546,16,0.8876967364032423,0.14664276106871355,0.4581273126972619
Laferriere (hot),8026546,17,0.8876967364032423,0.2781034715643239,0.4581273126972619
Laferriere (hot),8026546,18,0.8960678308524263,0.26760169932733596,0.4581273126972619
Laferriere (hot),8026546,19,0.8874157747424267,0.2557724706777868,0.4581273126972619
Laferriere (hot),6735254,0,0.890583772907036,0.0,0.0
Laferriere (hot),6735254,1,0.890583772907036,0.0,0.0
Laferriere (hot),6735254,2,0.890583772907036,0.0,0.0
Laferriere (hot),6735254,3,0.6108602579271449,0.0009398001382705432,0.4922736822546515
Laferriere (hot),6735254,4,0.9739342455718083,0.00120851473955559,0.4922736822546515
Laferriere (hot),6735254,5,0.9871147531406382,0.0029765372588392027,0.4922736822546515
Laferriere (hot),6735254,6,0.9871147531406382,0.003756485839270796,0.4922736822546515
Laferriere (hot),6735254,7,0.974519541314212,0.036221260893550274,0.4922736822546515
Laferriere (hot),6735254,8,0.974519541314212,0.058214360714674465,0.4922736822546515
Laferriere (hot),6735254,9,0.974519541314212,0.06155707496519613,0.4922736822546515
Laferriere (hot),6735254,10,0.8881912917675344,0.11772831539357476,0.4922736822546515
Laferriere (hot),6735254,11,0.8966468491260778,0.10806191306487523,0.4922736822546515
Laferriere (hot),6735254,12,0.8966468491260778,0.13225522024232805,0.4922736822546515
Laferriere (hot),6735254,13,0.8966468491260778,0.13855993308922263,0.4922736822546515
Laferriere (hot),6735254,14,0.8966468491260778,0.1425000644837003,0.4922736822546515
Laferriere (hot),6735254,15,0.8966468491260778,0.15706757932565946,0.4922736822546515
Laferriere (hot),6735254,16,0.8966468491260778,0.1653772162652793,0.4922736822546515
Laferriere (hot),6735254,17,0.8881912917675344,0.17440082759495035,0.4922736822546515
Laferriere (hot),6735254,18,0.8881912917675344,0.1722379774496275,0.4922736822546515
Laferriere (hot),6735254,19,0.8966468491260778,0.1639505098850574,0.4922736822546515
Laferriere (hot),1112898,0,0.878697415781133,0.0,0.0
Laferriere (hot),1112898,1,0.878697415781133,0.0,0.0
Laferriere (hot),1112898,2,0.878697415781133,0.0,0.0
Laferriere (hot),1112898,3,0.567173868390065,0.0002849978544768443,0.2865899184686418
Laferriere (hot),1112898,4,0.878697415781133,0.00033051906893337483,0.2865899184686418
Laferriere (hot),1112898,5,0.9871147531406382,0.00930855217529704,0.2865899184686418
Laferriere (hot),1112898,6,0.974519541314212,0.011007664281300731,0.2865899184686418
Laferriere (hot),1112898,7,0.8874157747424267,0.0367408701560081,0.2865899184686418
Laferriere (hot),1112898,8,0.8874157747424267,0.02499387698067388,0.2865899184686418
Laferriere (hot),1112898,9,0.8874157747424267,0.007441763331414666,0.2865899184686418
Laferriere (hot),1112898,10,0.974519541314212,0.007524801015961313,0.2865899184686418
Laferriere (hot),1112898,11,0.8874157747424267,0.004893539735586543,0.2865899184686418
Laferriere (hot),1112898,12,0.8943339314081293,0.02091172722502051,0.2865899184686418
Laferriere (hot),1112898,13,0.8874157747424267,0.02278856861233884,0.2865899184686418
Laferriere (hot),1112898,14,0.8874157747424267,0.016861371090234265,0.2865899184686418
Laferriere (hot),1112898,15,0.8874157747424267,0.021759905817071795,0.2865899184686418
Laferriere (hot),1112898,16,0.8874157747424267,0.0214631976958423,0.2865899184686418
Laferriere (hot),1112898,17,0.8943339314081293,0.040603210868643616,0.2865899184686418
Laferriere (hot),1112898,18,0.8943339314081293,0.046857302832361426,0.2865899184686418
Laferriere (hot),1112898,19,0.8815589829366284,0.04033776485161533,0.2865899184686418
Laferriere (hot),5609958,0,0.9559415289799644,0.0,0.0
Laferriere (hot),5609958,1,0.9559415289799644,0.0,0.0
Laferriere (hot),5609958,2,0.9559415289799644,0.0,0.0
Laferriere (hot),5609958,3,0.6367588439615917,0.0031755690266879774,0.5003303061673947
Laferriere (hot),5609958,4,0.939378024934452,0.14722830489156463,0.5003303061673947
Laferriere (hot),5609958,5,0.9552609528449328,0.10153884452999057,0.5003303061673947
Laferriere (hot),5609958,6,0.9791355977452344,0.0810047301505538,0.5003303061673947
Laferriere (hot),5609958,7,0.8874157747424267,0.062185961229698335,0.5003303061673947
Laferriere (hot),5609958,8,0.8874157747424267,0.06212295774660139,0.5003303061673947
Laferriere (hot),5609958,9,0.9309004731360817,0.052499108825438,0.5003303061673947
Laferriere (hot),5609958,10,0.9309004731360817,0.3595316802405072,0.5003303061673947
Laferriere (hot),5609958,11,0.9309004731360817,0.3672310399826276,0.5003303061673947
Laferriere (hot),5609958,12,0.9309004731360817,0.3691628977819291,0.5003303061673947
Laferriere (hot),5609958,13,0.9309004731360817,0.36709164504760616,0.5003303061673947
Laferriere (hot),5609958,14,0.9309004731360817,0.35279474257650656,0.5003303061673947
Laferriere (hot),5609958,15,0.9309004731360817,0.4009202212205756,0.5003303061673947
Laferriere (hot),5609958,16,0.9309004731360817,0.3783436255824935,0.5003303061673947
Laferriere (hot),5609958,17,0.9309004731360817,0.37970474763779877,0.5003303061673947
Laferriere (hot),5609958,18,0.9309004731360817,0.3861902088164462,0.5003303061673947
Laferriere (hot),5609958,19,0.9309004731360817,0.45252814952964776,0.5003303061673947
Laferriere (hot),4736968,0,0.9108942933908093,0.0,0.0
Laferriere (hot),4736968,1,0.9108942933908093,0.0,0.0
Laferriere (hot),4736968,2,0.9108942933908093,0.0,0.0
Laferriere (hot),4736968,3,0.6021771406621115,0.0013613532701365137,0.1436926497413064
Laferriere (hot),4736968,4,0.9375655938900831,0.03938746800826342,0.1436926497413064
Laferriere (hot),4736968,5,0.9665679521946323,0.00013611016260892212,0.1436926497413064
Laferriere (hot),4736968,6,0.9309664431417369,0.013857070601223964,0.1436926497413064
Laferriere (hot),4736968,7,0.2786513392936313,0.013814540497207577,0.1436926497413064
Laferriere (hot),4736968,8,0.2786513392936313,0.00031781464636969917,0.1436926497413064
Laferriere (hot),4736968,9,0.9699987652758174,0.00013920329874070165,0.1436926497413064
Laferriere (hot),4736968,10,0.9899752751608271,8.29246304866851e-05,0.1436926497413064
Laferriere (hot),4736968,11,0.9699987652758174,0.000425086318003052,0.1436926497413064
Laferriere (hot),4736968,12,0.9699987652758174,0.008235728378163562,0.1436926497413064
Laferriere (hot),4736968,13,0.9899752751608271,0.02236852538626257,0.1436926497413064
Laferriere (hot),4736968,14,0.9899752751608271,0.019279707283207798,0.1436926497413064
Laferriere (hot),4736968,15,0.9697031450930591,0.016646111244856553,0.1436926497413064
Laferriere (hot),4736968,16,0.9699987652758174,0.047931087921185445,0.1436926497413064
Laferriere (hot),4736968,17,0.974519541314212,0.06305616913571249,0.1436926497413064
Laferriere (hot),4736968,18,0.9610922753024329,0.05341090335722715,0.1436926497413064
Laferriere (hot),4736968,19,0.899694090892848,0.05362076384372668,0.1436926497413064
Laferriere (hot),617977,0,0.9871147531406382,0.0,0.0
Laferriere (hot),617977,1,0.9871147531406382,0.0,0.0
Laferriere (hot),617977,2,0.9871147531406382,0.0,0.0
Laferriere (hot),617977,3,0.6367588439615917,6.252154328951343e-05,0.3167425880743398
Laferriere (hot),617977,4,0.9871147531406382,0.013615883300588901,0.3167425880743398
Laferriere (hot),617977,5,0.878697415781133,0.013110909946229727,0.3167425880743398
Laferriere (hot),617977,6,0.878697415781133,0.0167831598346703,0.3167425880743398
Laferriere (hot),617977,7,0.878697415781133,0.017475285388054315,0.3167425880743398
Laferriere (hot),617977,8,0.878697415781133,0.014720194887889369,0.3167425880743398
Laferriere (hot),617977,9,0.878697415781133,0.03945603278977294,0.3167425880743398
Laferriere (hot),617977,10,0.9304729262558386,0.04893913988739617,0.3167425880743398
Laferriere (hot),617977,11,0.8943339314081293,0.1562194069839792,0.3167425880743398
Laferriere (hot),617977,12,0.878697415781133,0.29613640966583565,0.3167425880743398
Laferriere (hot),617977,13,0.8807468262635766,0.33920643610202167,0.3167425880743398
Laferriere (hot),617977,14,0.878697415781133,0.3360352788178814,0.3167425880743398
Laferriere (hot),617977,15,0.8874157747424267,0.38067087342837347,0.3167425880743398
Laferriere (hot),617977,16,0.8874157747424267,0.34468352510361094,0.3167425880743398
Laferriere (hot),617977,17,0.8874157747424267,0.3805489094843293,0.3167425880743398
Laferriere (hot),617977,18,0.878697415781133,0.3838090604211634,0.3167425880743398
Laferriere (hot),617977,19,0.878697415781133,0.3848673007596432,0.3167425880743398
Laferriere (hot),8500888,0,0.8949719299290165,0.0,0.0
Laferriere (hot),8500888,1,0.8949719299290165,0.0,0.0
Laferriere (hot),8500888,2,0.8949719299290165,0.0,0.0
Laferriere (hot),8500888,3,0.446665267472359,0.09940331972382573,0.3747018197752158
Laferriere (hot),8500888,4,0.8849147459831256,0.14816377187262597,0.3747018197752158
Laferriere (hot),8500888,5,0.8849147459831256,0.0787388351224921,0.3747018197752158
Laferriere (hot),8500888,6,0.8849147459831256,0.07236669011124702,0.3747018197752158
Laferriere (hot),8500888,7,0.8949719299290165,0.32853314435427733,0.3747018197752158
Laferriere (hot),8500888,8,0.878697415781133,0.3193877598806859,0.3747018197752158
Laferriere (hot),8500888,9,0.878697415781133,0.35896001885206236,0.3747018197752158
Laferriere (hot),8500888,10,0.890583772907036,0.2958031996439146,0.3747018197752158
Laferriere (hot),8500888,11,0.890583772907036,0.2981125601998017,0.3747018197752158
Laferriere (hot),8500888,12,0.9299138121514008,0.2826245433804316,0.3747018197752158
Laferriere (hot),8500888,13,0.9299138121514008,0.29716352967881826,0.3747018197752158
Laferriere (hot),8500888,14,0.9299138121514008,0.28755557523900477,0.3747018197752158
Laferriere (hot),8500888,15,0.9299138121514008,0.27289897455928996,0.3747018197752158
Laferriere (hot),8500888,16,0.9653122054815363,0.2591787392986724,0.3747018197752158
Laferriere (hot),8500888,17,0.9657973346573312,0.2564135844479324,0.3747018197752158
Laferriere (hot),8500888,18,0.9286887671200486,0.24220933507759573,0.3747018197752158
Laferriere (hot),8500888,19,0.9733325405394005,0.3906584040388837,0.3747018197752158
Laferriere (hot),4205117,0,0.94895077868039,0.0,0.0
Laferriere (hot),4205117,1,0.94895077868039,0.0,0.0
Laferriere (hot),4205117,2,0.94895077868039,0.0,0.0
Laferriere (hot),4205117,3,0.6108602579271449,0.005824315591520917,0.3167973021080229
Laferriere (hot),4205117,4,0.94895077868039,0.008138098964705784,0.3167973021080229
Laferriere (hot),4205117,5,0.878697415781133,0.032332922794363804,0.3167973021080229
Laferriere (hot),4205117,6,0.878697415781133,0.04238316223697142,0.3167973021080229
Laferriere (hot),4205117,7,0.9060915172132055,0.44652888366463256,0.3167973021080229
Laferriere (hot),4205117,8,0.8874157747424267,0.43901036782785247,0.3167973021080229
Laferriere (hot),4205117,9,0.8874157747424267,0.36544073151339745,0.3167973021080229
Laferriere (hot),4205117,10,0.8874157747424267,0.32077098418896377,0.3167973021080229
Laferriere (hot),4205117,11,0.8874157747424267,0.3299525074985377,0.3167973021080229
Laferriere (hot),4205117,12,0.8874157747424267,0.32494248651949464,0.3167973021080229
Laferriere (hot),4205117,13,0.8874157747424267,0.32908370325839503,0.3167973021080229
Laferriere (hot),4205117,14,0.8874157747424267,0.3310003040393104,0.3167973021080229
Laferriere (hot),4205117,15,0.8874157747424267,0.36674215023647727,0.3167973021080229
Laferriere (hot),4205117,16,0.8874157747424267,0.3903361162378004,0.3167973021080229
Laferriere (hot),4205117,17,0.8874157747424267,0.3746817814086394,0.3167973021080229
Laferriere (hot),4205117,18,0.8874157747424267,0.3831759429287957,0.3167973021080229
Laferriere (hot),4205117,19,0.8874157747424267,0.37043378704304564,0.3167973021080229
Laferriere (hot),756214,0,0.9559415289799644,0.0,0.0
Laferriere (hot),756214,1,0.9559415289799644,0.0,0.0
Laferriere (hot),756214,2,0.9559415289799644,0.0,0.0
Laferriere (hot),756214,3,0.9310488024666578,0.018896045647379116,0.37221570694253014
Laferriere (hot),756214,4,0.9310488024666578,0.04262754557899093,0.37221570694253014
Laferriere (hot),756214,5,0.8849147459831256,0.12132340288192946,0.37221570694253014
Laferriere (hot),756214,6,0.9060915172132055,0.21334660595125868,0.37221570694253014
Laferriere (hot),756214,7,0.878697415781133,0.1940304832577911,0.37221570694253014
Laferriere (hot),756214,8,0.878697415781133,0.102613235796193,0.37221570694253014
Laferriere (hot),756214,9,0.878697415781133,0.13514344474878326,0.37221570694253014
Laferriere (hot),756214,10,0.8807468262635766,0.1305271290444097,0.37221570694253014
Laferriere (hot),756214,11,0.8817488380891294,0.17084304397655292,0.37221570694253014
Laferriere (hot),756214,12,0.878697415781133,0.4782253867456752,0.37221570694253014
Laferriere (hot),756214,13,0.8849716359597481,0.4702674852974363,0.37221570694253014
Laferriere (hot),756214,14,0.8874157747424267,0.4722937757735886,0.37221570694253014
Laferriere (hot),756214,15,0.8966468491260778,0.47688375535486766,0.37221570694253014
Laferriere (hot),756214,16,0.8966468491260778,0.4867969999599311,0.37221570694253014
Laferriere (hot),756214,17,0.8881912917675344,0.49128601798564475,0.37221570694253014
Laferriere (hot),756214,18,0.9041506543505614,0.4930946246343238,0.37221570694253014
Laferriere (hot),756214,19,0.9041506543505614,0.4703523041066956,0.37221570694253014
Laferriere (hot),4283694,0,0.954987673261466,0.0,0.0
Laferriere (hot),4283694,1,0.954987673261466,0.0,0.0
Laferriere (hot),4283694,2,0.954987673261466,0.0,0.0
Laferriere (hot),4283694,3,0.9310488024666578,0.0032655403443765463,0.09719870616393089
Laferriere (hot),4283694,4,0.954987673261466,0.01818332301483816,0.09719870616393089
Laferriere (hot),4283694,5,0.9665679521946323,0.018208110938213014,0.09719870616393089
Laferriere (hot),4283694,6,0.9665679521946323,0.16740445544769167,0.09719870616393089
Laferriere (hot),4283694,7,0.8891758624816023,0.17203484927824855,0.09719870616393089
Laferriere (hot),4283694,8,0.8891758624816023,0.1578046981913721,0.09719870616393089
Laferriere (hot),4283694,9,0.8891758624816023,0.25296269043055053,0.09719870616393089
Laferriere (hot),4283694,10,0.8891758624816023,0.22643910061980588,0.09719870616393089
Laferriere (hot),4283694,11,0.8891758624816023,0.2361145591014116,0.09719870616393089
Laferriere (hot),4283694,12,0.8891758624816023,0.21262603591327897,0.09719870616393089
Laferriere (hot),4283694,13,0.8891758624816023,0.21772147685330098,0.09719870616393089
Laferriere (hot),4283694,14,0.8891758624816023,0.25726606318375445,0.09719870616393089
Laferriere (hot),4283694,15,0.8952172904202818,0.22030429816787347,0.09719870616393089
Laferriere (hot),4283694,16,0.9309004731360817,0.22162213626936103,0.09719870616393089
Laferriere (hot),4283694,17,0.9303643919498646,0.2227421813823398,0.09719870616393089
Laferriere (hot),4283694,18,0.9303643919498646,0.21935195607418007,0.09719870616393089
Laferriere (hot),4283694,19,0.9303643919498646,0.21709467861364354,0.09719870616393089
Laferriere (hot),7449696,0,0.446665267472359,0.0,0.0
Laferriere (hot),7449696,1,0.446665267472359,0.0,0.0
Laferriere (hot),7449696,2,0.446665267472359,0.0,0.0
Laferriere (hot),7449696,3,0.9401933170134235,0.05007706881005055,0.44517710801520877
Laferriere (hot),7449696,4,0.9401933170134235,0.0377617036778974,0.44517710801520877
Laferriere (hot),7449696,5,0.9401933170134235,0.13133987481694073,0.44517710801520877
Laferriere (hot),7449696,6,0.9401933170134235,0.13313169968201546,0.44517710801520877
Laferriere (hot),7449696,7,0.9304729262558386,0.18161147965223462,0.44517710801520877
Laferriere (hot),7449696,8,0.9309004731360817,0.3558095033625196,0.44517710801520877
Laferriere (hot),7449696,9,0.9309004731360817,0.3535390987788005,0.44517710801520877
Laferriere (hot),7449696,10,0.9309004731360817,0.4450911162922085,0.44517710801520877
Laferriere (hot),7449696,11,0.9309004731360817,0.44285760155650744,0.44517710801520877
Laferriere (hot),7449696,12,0.910333435175223,0.44805264414305623,0.44517710801520877
Laferriere (hot),7449696,13,0.8849716359597481,0.4513312166835894,0.44517710801520877
Laferriere (hot),7449696,14,0.910333435175223,0.4428314185674402,0.44517710801520877
Laferriere (hot),7449696,15,0.8849716359597481,0.4286425708691707,0.44517710801520877
Laferriere (hot),7449696,16,0.9309004731360817,0.36830268528930327,0.44517710801520877
Laferriere (hot),7449696,17,0.8692995191632016,0.4076593854955223,0.44517710801520877
Laferriere (hot),7449696,18,0.9449967988237821,0.40731737561581677,0.44517710801520877
Laferriere (hot),7449696,19,0.9449967988237821,0.4296847178798107,0.44517710801520877
Laferriere (hot),9848369,0,0.39930894854701693,0.0,0.0
Laferriere (hot),9848369,1,0.39930894854701693,0.0,0.0
Laferriere (hot),9848369,2,0.39930894854701693,0.0,0.0
Laferriere (hot),9848369,3,0.910333435175223,0.013628713380968422,0.31719336871065934
Laferriere (hot),9848369,4,0.910333435175223,0.029821545814419367,0.31719336871065934
Laferriere (hot),9848369,5,0.9254021028282133,0.03425567936268082,0.31719336871065934
Laferriere (hot),9848369,6,0.8849147459831256,0.19544063161036423,0.31719336871065934
Laferriere (hot),9848369,7,0.8876967364032423,0.1924033561026319,0.31719336871065934
Laferriere (hot),9848369,8,0.8876967364032423,0.2919698634752268,0.31719336871065934
Laferriere (hot),9848369,9,0.8891758624816023,0.37907174407432936,0.31719336871065934
Laferriere (hot),9848369,10,0.8876967364032423,0.36972598592977624,0.31719336871065934
Laferriere (hot),9848369,11,0.8874157747424267,0.30340969702164394,0.31719336871065934
Laferriere (hot),9848369,12,0.9184406762294373,0.310668741853952,0.31719336871065934
Laferriere (hot),9848369,13,0.9184406762294373,0.3354382373279069,0.31719336871065934
Laferriere (hot),9848369,14,0.9184406762294373,0.3136283497876187,0.31719336871065934
Laferriere (hot),9848369,15,0.9184406762294373,0.3162946054283057,0.31719336871065934
Laferriere (hot),9848369,16,0.9184406762294373,0.36833890330102104,0.31719336871065934
Laferriere (hot),9848369,17,0.8874157747424267,0.35751322683348724,0.31719336871065934
Laferriere (hot),9848369,18,0.9184406762294373,0.3341883160742612,0.31719336871065934
Laferriere (hot),9848369,19,0.9184406762294373,0.33385578171854907,0.31719336871065934
Vanilla,9049607,0,0.5312396934347875,0.0,
Vanilla,9049607,1,0.5618876938339893,0.0,
Vanilla,9049607,2,0.5618876938339893,0.0,
Vanilla,9049607,3,0.5618876938339893,0.08591792606974336,
Vanilla,9049607,4,0.9525278241646253,0.17833984056027083,
Vanilla,9049607,5,0.8800236592005751,0.17843205694095185,
Vanilla,9049607,6,0.8800236592005751,0.26442870329653523,
Vanilla,9049607,7,0.8881912917675344,0.23613297815922274,
Vanilla,9049607,8,0.8881912917675344,0.21478638723202045,
Vanilla,9049607,9,0.8881912917675344,0.21141948508387617,
Vanilla,9049607,10,0.9653122054815363,0.28504170961277037,
Vanilla,9049607,11,0.8966468491260778,0.3020299392375263,
Vanilla,9049607,12,0.8881912917675344,0.37219695952351184,
Vanilla,9049607,13,0.8881912917675344,0.45748918657885257,
Vanilla,9049607,14,0.8966468491260778,0.4358852594095796,
Vanilla,9049607,15,0.8989950218541121,0.47160007358743,
Vanilla,9049607,16,0.8881912917675344,0.4904013613814217,
Vanilla,9049607,17,0.8881912917675344,0.5083390291081001,
Vanilla,9049607,18,0.8881912917675344,0.5072945814652111,
Vanilla,9049607,19,0.8881912917675344,0.5115755045751715,
Vanilla,2402697,0,0.5572185884650187,0.0,
Vanilla,2402697,1,0.9718572621566278,0.0,
Vanilla,2402697,2,0.9718572621566278,0.0,
Vanilla,2402697,3,0.9718572621566278,0.40941636928557057,
Vanilla,2402697,4,0.9653122054815363,0.45418829227930496,
Vanilla,2402697,5,0.9653122054815363,0.43509507525642044,
Vanilla,2402697,6,0.8881912917675344,0.4317669443574043,
Vanilla,2402697,7,0.8881912917675344,0.43381932701065923,
Vanilla,2402697,8,0.8881912917675344,0.3807964203772952,
Vanilla,2402697,9,0.8881912917675344,0.4302648339727103,
Vanilla,2402697,10,0.8881912917675344,0.4199972620413918,
Vanilla,2402697,11,0.8881912917675344,0.4119649109924958,
Vanilla,2402697,12,0.8881912917675344,0.3904643313085468,
Vanilla,2402697,13,0.8881912917675344,0.37059848321859123,
Vanilla,2402697,14,0.8881912917675344,0.4577696697396812,
Vanilla,2402697,15,0.8881912917675344,0.4177002466799795,
Vanilla,2402697,16,0.8949429590445956,0.40626469092134015,
Vanilla,2402697,17,0.9041506543505614,0.41055347918625396,
Vanilla,2402697,18,0.9041506543505614,0.42948232749521315,
Vanilla,2402697,19,0.9041506543505614,0.49727243550724265,
Vanilla,6510749,0,0.5102280269554907,0.0,
Vanilla,6510749,1,0.9300890220957847,0.0,
Vanilla,6510749,2,0.9300890220957847,0.0,
Vanilla,6510749,3,0.9300890220957847,0.05381227184801343,
Vanilla,6510749,4,0.9546952017984529,0.11723941364915491,
Vanilla,6510749,5,0.9546952017984529,0.23216892852084664,
Vanilla,6510749,6,0.9546952017984529,0.22467359905912657,
Vanilla,6510749,7,0.9546952017984529,0.17026079409538952,
Vanilla,6510749,8,0.9525278241646253,0.17321344402900465,
Vanilla,6510749,9,0.9525278241646253,0.18944612306362904,
Vanilla,6510749,10,0.9525278241646253,0.16406524168295117,
Vanilla,6510749,11,0.9525278241646253,0.1565872459142348,
Vanilla,6510749,12,0.9781883723118654,0.19536470981528173,
Vanilla,6510749,13,0.9781883723118654,0.24646272499184715,
Vanilla,6510749,14,0.9781883723118654,0.3976444087724,
Vanilla,6510749,15,0.9781883723118654,0.42200619873705353,
Vanilla,6510749,16,0.9781883723118654,0.4170979109368977,
Vanilla,6510749,17,0.9781883723118654,0.4183426208393199,
Vanilla,6510749,18,0.9781883723118654,0.40157019431896973,
Vanilla,6510749,19,0.9781883723118654,0.45127135027354937,
Vanilla,758529,0,0.9781025181077347,0.0,
Vanilla,758529,1,0.9781025181077347,0.0,
Vanilla,758529,2,0.9781025181077347,0.0,
Vanilla,758529,3,0.9781025181077347,0.13421508947113442,
Vanilla,758529,4,0.9726212560657124,0.2643512991859269,
Vanilla,758529,5,0.8891758624816023,0.2404026075695309,
Vanilla,758529,6,0.8891758624816023,0.2920049435349884,
Vanilla,758529,7,0.8891758624816023,0.28905245851124434,
Vanilla,758529,8,0.9640201519661352,0.3495009094876847,
Vanilla,758529,9,0.9640201519661352,0.35043961354036307,
Vanilla,758529,10,0.8800236592005751,0.3266573159783866,
Vanilla,758529,11,0.9640201519661352,0.3220460284470639,
Vanilla,758529,12,0.9640201519661352,0.3739474067605716,
Vanilla,758529,13,0.8800236592005751,0.41890131404322234,
Vanilla,758529,14,0.887184380454175,0.4211175569733443,
Vanilla,758529,15,0.887184380454175,0.46446150435565026,
Vanilla,758529,16,0.9640201519661352,0.49493827555151265,
Vanilla,758529,17,0.9640201519661352,0.45658941582332896,
Vanilla,758529,18,0.9640201519661352,0.4385655208310935,
Vanilla,758529,19,0.9309004731360817,0.45375323621808344,
Vanilla,3523986,0,0.9651879542044874,0.0,
Vanilla,3523986,1,0.9651879542044874,0.0,
Vanilla,3523986,2,0.9651879542044874,0.0,
Vanilla,3523986,3,0.9651879542044874,0.31830824464962254,
Vanilla,3523986,4,0.9651879542044874,0.28432545993677016,
Vanilla,3523986,5,0.9651879542044874,0.356498783426181,
Vanilla,3523986,6,0.9651879542044874,0.4226077585893576,
Vanilla,3523986,7,0.8938393760438372,0.44436849802293354,
Vanilla,3523986,8,0.8938393760438372,0.4457192649592192,
Vanilla,3523986,9,0.8938393760438372,0.4286101490155899,
Vanilla,3523986,10,0.8938393760438372,0.40003583014232785,
Vanilla,3523986,11,0.8938393760438372,0.45046800753526123,
Vanilla,3523986,12,0.8938393760438372,0.47758128019640617,
Vanilla,3523986,13,0.8938393760438372,0.4742029083824731,
Vanilla,3523986,14,0.8938393760438372,0.47148796787282393,
Vanilla,3523986,15,0.8938393760438372,0.45839559609520425,
Vanilla,3523986,16,0.8807468262635766,0.4741440089092846,
Vanilla,3523986,17,0.8807468262635766,0.5010798848802145,
Vanilla,3523986,18,0.8807468262635766,0.5028436578540516,
Vanilla,3523986,19,0.8807468262635766,0.49581836720301703,
Vanilla,3224638,0,0.9631863603265466,0.0,
Vanilla,3224638,1,0.9421792072341151,0.0,
Vanilla,3224638,2,0.9421792072341151,0.0,
Vanilla,3224638,3,0.9421792072341151,0.09500070330918574,
Vanilla,3224638,4,0.9510762710190024,0.07924549993426368,
Vanilla,3224638,5,0.9421792072341151,0.12210863903290393,
Vanilla,3224638,6,0.9421792072341151,0.1148000141547487,
Vanilla,3224638,7,0.9421792072341151,0.20933577123943736,
Vanilla,3224638,8,0.9663955448105291,0.2458720826247624,
Vanilla,3224638,9,0.8881912917675344,0.2631362876105301,
Vanilla,3224638,10,0.8881912917675344,0.33816174281865224,
Vanilla,3224638,11,0.8881912917675344,0.29949300042070975,
Vanilla,3224638,12,0.9640201519661352,0.29047617224210553,
Vanilla,3224638,13,0.9640201519661352,0.3365993247386094,
Vanilla,3224638,14,0.9640201519661352,0.34369220708165965,
Vanilla,3224638,15,0.9277939049626113,0.3281705618059621,
Vanilla,3224638,16,0.9277939049626113,0.32014519167808775,
Vanilla,3224638,17,0.9640201519661352,0.3490326624975432,
Vanilla,3224638,18,0.9630847958082539,0.3698466211733303,
Vanilla,3224638,19,0.9630847958082539,0.38481574291598686,
Vanilla,9729091,0,0.33130251338931493,0.0,
Vanilla,9729091,1,0.96467909313463,0.0,
Vanilla,9729091,2,0.96467909313463,0.0,
Vanilla,9729091,3,0.96467909313463,0.10829366273116117,
Vanilla,9729091,4,0.8807468262635766,0.38307339163746623,
Vanilla,9729091,5,0.8807468262635766,0.4585325359933518,
Vanilla,9729091,6,0.8881912917675344,0.4621633399694531,
Vanilla,9729091,7,0.8881912917675344,0.46601795460309314,
Vanilla,9729091,8,0.8881912917675344,0.4060577214047066,
Vanilla,9729091,9,0.8881912917675344,0.4328024571469613,
Vanilla,9729091,10,0.8881912917675344,0.42605939061801307,
Vanilla,9729091,11,0.8881912917675344,0.3830827272102943,
Vanilla,9729091,12,0.8881912917675344,0.40627553123341975,
Vanilla,9729091,13,0.8881912917675344,0.41283836489772363,
Vanilla,9729091,14,0.8881912917675344,0.4107032904808027,
Vanilla,9729091,15,0.8881912917675344,0.4265447734380073,
Vanilla,9729091,16,0.8881912917675344,0.4497023576483883,
Vanilla,9729091,17,0.8881912917675344,0.424921774494225,
Vanilla,9729091,18,0.8881912917675344,0.4523451724202604,
Vanilla,9729091,19,0.8881912917675344,0.45174185990264765,
Vanilla,5830471,0,0.5365199566523142,0.0,
Vanilla,5830471,1,0.8852766690171782,0.0,
Vanilla,5830471,2,0.8852766690171782,0.0,
Vanilla,5830471,3,0.8852766690171782,0.3829817498945221,
Vanilla,5830471,4,0.8852766690171782,0.246176621034912,
Vanilla,5830471,5,0.9525278241646253,0.23447604677272826,
Vanilla,5830471,6,0.9525278241646253,0.24053289750367005,
Vanilla,5830471,7,0.9525278241646253,0.2381992945397108,
Vanilla,5830471,8,0.9525278241646253,0.20037217950102484,
Vanilla,5830471,9,0.9653122054815363,0.48895111827641785,
Vanilla,5830471,10,0.9653122054815363,0.48919855088433606,
Vanilla,5830471,11,0.9653122054815363,0.4449099358534309,
Vanilla,5830471,12,0.9653122054815363,0.44398477385223234,
Vanilla,5830471,13,0.9299138121514008,0.4334840977138133,
Vanilla,5830471,14,0.9653122054815363,0.440277959229897,
Vanilla,5830471,15,0.9653122054815363,0.4434749032721781,
Vanilla,5830471,16,0.9653122054815363,0.46106372245123634,
Vanilla,5830471,17,0.9653122054815363,0.4902431960879498,
Vanilla,5830471,18,0.9653122054815363,0.48641688935549177,
Vanilla,5830471,19,0.9653122054815363,0.48641626687939465,
Vanilla,5343420,0,0.3621808429707235,0.0,
Vanilla,5343420,1,0.9520545576074054,0.0,
Vanilla,5343420,2,0.9520545576074054,0.0,
Vanilla,5343420,3,0.9520545576074054,0.2144570194864483,
Vanilla,5343420,4,0.9563058951010075,0.20846023327080326,
Vanilla,5343420,5,0.9305074889469952,0.14069903359233277,
Vanilla,5343420,6,0.9525278241646253,0.21371356285637585,
Vanilla,5343420,7,0.9525278241646253,0.2537672337869096,
Vanilla,5343420,8,0.9525278241646253,0.25372980311281834,
Vanilla,5343420,9,0.9525278241646253,0.24096192182747167,
Vanilla,5343420,10,0.9525278241646253,0.24192207865372628,
Vanilla,5343420,11,0.9525278241646253,0.27747755931215246,
Vanilla,5343420,12,0.9525278241646253,0.35173554777785004,
Vanilla,5343420,13,0.9525278241646253,0.3345205094681798,
Vanilla,5343420,14,0.9525278241646253,0.30567459672545205,
Vanilla,5343420,15,0.9691544956555124,0.30075848885234446,
Vanilla,5343420,16,0.9525278241646253,0.4572774829741356,
Vanilla,5343420,17,0.956093000373373,0.4540563027965167,
Vanilla,5343420,18,0.956093000373373,0.48686447347812917,
Vanilla,5343420,19,0.956093000373373,0.4933984523577192,
Vanilla,2417321,0,0.4862427441647766,0.0,
Vanilla,2417321,1,0.4862427441647766,0.0,
Vanilla,2417321,2,0.4862427441647766,0.0,
Vanilla,2417321,3,0.4585366199168546,0.01983749749878969,
Vanilla,2417321,4,0.950857092165703,0.03631059617656118,
Vanilla,2417321,5,0.950857092165703,0.10347715653457171,
Vanilla,2417321,6,0.950857092165703,0.09295310719618638,
Vanilla,2417321,7,0.9522884016395603,0.11643276588768127,
Vanilla,2417321,8,0.9522884016395603,0.1253496265781522,
Vanilla,2417321,9,0.9522884016395603,0.1605816360982059,
Vanilla,2417321,10,0.9522884016395603,0.15697069387007725,
Vanilla,2417321,11,0.966074801438937,0.13701923337137295,
Vanilla,2417321,12,0.9522884016395603,0.12328848443760534,
Vanilla,2417321,13,0.9522884016395603,0.16060545496997644,
Vanilla,2417321,14,0.9522884016395603,0.34602886235441804,
Vanilla,2417321,15,0.950857092165703,0.34399084199305874,
Vanilla,2417321,16,0.9781883723118654,0.3550607480669375,
Vanilla,2417321,17,0.9781883723118654,0.34028564830534413,
Vanilla,2417321,18,0.9781883723118654,0.3380620845679738,
Vanilla,2417321,19,0.9781883723118654,0.34032115172413485,
Vanilla,9891788,0,0.9766642321892834,0.0,
Vanilla,9891788,1,0.9766642321892834,0.0,
Vanilla,9891788,2,0.9766642321892834,0.0,
Vanilla,9891788,3,0.9766642321892834,0.3818415226574605,
Vanilla,9891788,4,0.966934421900114,0.3705470596785186,
Vanilla,9891788,5,0.9592393569145327,0.37280938494025645,
Vanilla,9891788,6,0.9592393569145327,0.40141066257592184,
Vanilla,9891788,7,0.965967298954444,0.39488782549802526,
Vanilla,9891788,8,0.9592393569145327,0.4317995049073445,
Vanilla,9891788,9,0.9653122054815363,0.3932635648019333,
Vanilla,9891788,10,0.9180920137656435,0.3919082830214741,
Vanilla,9891788,11,0.9231904101260058,0.38316355671886504,
Vanilla,9891788,12,0.9180920137656435,0.402042112753836,
Vanilla,9891788,13,0.9653122054815363,0.2897254932322485,
Vanilla,9891788,14,0.9657973346573312,0.3451414354876556,
Vanilla,9891788,15,0.9231904101260058,0.3516821942682589,
Vanilla,9891788,16,0.9231904101260058,0.3167466610118822,
Vanilla,9891788,17,0.9298726324889404,0.3189507804798061,
Vanilla,9891788,18,0.9298726324889404,0.3070294318307909,
Vanilla,9891788,19,0.9546952017984529,0.29501646184279384,
Vanilla,9314146,0,0.46378860456888954,0.0,
Vanilla,9314146,1,0.9470476072579095,0.0,
Vanilla,9314146,2,0.9761414049164123,0.0,
Vanilla,9314146,3,0.9761414049164123,0.20815995454715355,
Vanilla,9314146,4,0.9653122054815363,0.18551626143447164,
Vanilla,9314146,5,0.9653122054815363,0.2964525293171536,
Vanilla,9314146,6,0.9653122054815363,0.2455309964100483,
Vanilla,9314146,7,0.9525278241646253,0.33754286817205215,
Vanilla,9314146,8,0.8800236592005751,0.34505974413190665,
Vanilla,9314146,9,0.8800236592005751,0.3429917970281852,
Vanilla,9314146,10,0.8800236592005751,0.347340040168138,
Vanilla,9314146,11,0.8800236592005751,0.3393124229750493,
Vanilla,9314146,12,0.8800236592005751,0.4022532651653027,
Vanilla,9314146,13,0.8800236592005751,0.4233817517379053,
Vanilla,9314146,14,0.8800236592005751,0.4423811778741295,
Vanilla,9314146,15,0.8800236592005751,0.44207736309640266,
Vanilla,9314146,16,0.8800236592005751,0.4203772934037381,
Vanilla,9314146,17,0.8800236592005751,0.41854564306472425,
Vanilla,9314146,18,0.8800236592005751,0.4271509633473381,
Vanilla,9314146,19,0.8800236592005751,0.429494088294847,
Vanilla,9488226,0,0.2894494908872988,0.0,
Vanilla,9488226,1,0.8898494488582143,0.0,
Vanilla,9488226,2,0.918386235996718,0.0,
Vanilla,9488226,3,0.918386235996718,0.2476509531488757,
Vanilla,9488226,4,0.918386235996718,0.16048762175355968,
Vanilla,9488226,5,0.9653122054815363,0.2191488730254294,
Vanilla,9488226,6,0.9653122054815363,0.29876860219155377,
Vanilla,9488226,7,0.9653122054815363,0.3024913785215084,
Vanilla,9488226,8,0.9653122054815363,0.28902575352356047,
Vanilla,9488226,9,0.9653122054815363,0.2201050028570539,
Vanilla,9488226,10,0.966074801438937,0.3791225556947173,
Vanilla,9488226,11,0.9653122054815363,0.34134176806793526,
Vanilla,9488226,12,0.962214005047431,0.365587489056388,
Vanilla,9488226,13,0.962214005047431,0.421486402186243,
Vanilla,9488226,14,0.962214005047431,0.3992427962606692,
Vanilla,9488226,15,0.962214005047431,0.4066662521731677,
Vanilla,9488226,16,0.962214005047431,0.4017137836162688,
Vanilla,9488226,17,0.962214005047431,0.37268841542887876,
Vanilla,9488226,18,0.962214005047431,0.4035172457713314,
Vanilla,9488226,19,0.962214005047431,0.4105489592257946,
Vanilla,2697408,0,0.9399280723236827,0.0,
Vanilla,2697408,1,0.9399280723236827,0.0,
Vanilla,2697408,2,0.973682607611791,0.0,
Vanilla,2697408,3,0.973682607611791,0.24327478537774677,
Vanilla,2697408,4,0.9027901943994274,0.2501366265114895,
Vanilla,2697408,5,0.9027901943994274,0.20993462162786208,
Vanilla,2697408,6,0.9027901943994274,0.21623514947964687,
Vanilla,2697408,7,0.9027901943994274,0.21930593930210973,
Vanilla,2697408,8,0.9027901943994274,0.20650198351847382,
Vanilla,2697408,9,0.9027901943994274,0.25613631967382144,
Vanilla,2697408,10,0.9027901943994274,0.24315208326588267,
Vanilla,2697408,11,0.950857092165703,0.41888680084948643,
Vanilla,2697408,12,0.9027901943994274,0.4295534632869838,
Vanilla,2697408,13,0.9027901943994274,0.43318933364813733,
Vanilla,2697408,14,0.9027901943994274,0.43936790384535107,
Vanilla,2697408,15,0.9027901943994274,0.4445029658374101,
Vanilla,2697408,16,0.9027901943994274,0.43186183966228286,
Vanilla,2697408,17,0.9027901943994274,0.4147691127034203,
Vanilla,2697408,18,0.9027901943994274,0.42698869636832193,
Vanilla,2697408,19,0.9027901943994274,0.41540564858807366,
Vanilla,5135059,0,0.28363944392304546,0.0,
Vanilla,5135059,1,0.9477892605677026,0.0,
Vanilla,5135059,2,0.9238217783617636,0.0,
Vanilla,5135059,3,0.9347284642614051,0.13054893560283787,
Vanilla,5135059,4,0.9376406306109454,0.12746717457088516,
Vanilla,5135059,5,0.9322609330872157,0.16753451697782062,
Vanilla,5135059,6,0.9103491321755595,0.2600152018131519,
Vanilla,5135059,7,0.8989950218541121,0.2807087311866553,
Vanilla,5135059,8,0.90166741286221,0.2262971995460326,
Vanilla,5135059,9,0.9909144723573827,0.23318425451563463,
Vanilla,5135059,10,0.9909144723573827,0.23191072360595377,
Vanilla,5135059,11,0.9909144723573827,0.19425537622433536,
Vanilla,5135059,12,0.9909144723573827,0.26805008883976034,
Vanilla,5135059,13,0.9909144723573827,0.26130853062007586,
Vanilla,5135059,14,0.9791355977452344,0.2881030515108928,
Vanilla,5135059,15,0.9791355977452344,0.2965075459151118,
Vanilla,5135059,16,0.9689635887107919,0.28845667356529325,
Vanilla,5135059,17,0.8989950218541121,0.26012191896439507,
Vanilla,5135059,18,0.9618196229066606,0.19814781386799146,
Vanilla,5135059,19,0.9673658031621187,0.3157110577984838,
Vanilla,6813578,0,0.7052842520396647,0.0,
Vanilla,6813578,1,0.7052842520396647,0.0,
Vanilla,6813578,2,0.7052842520396647,0.0,
Vanilla,6813578,3,0.7052842520396647,0.1643829943044026,
Vanilla,6813578,4,0.8800236592005751,0.20221009464672832,
Vanilla,6813578,5,0.9640201519661352,0.20584068294514754,
Vanilla,6813578,6,0.9525278241646253,0.2820248199889084,
Vanilla,6813578,7,0.9525278241646253,0.27813476348998706,
Vanilla,6813578,8,0.9525278241646253,0.22685591803826674,
Vanilla,6813578,9,0.9525278241646253,0.23435252114160335,
Vanilla,6813578,10,0.9525278241646253,0.24679883869390246,
Vanilla,6813578,11,0.9525278241646253,0.26323178163373356,
Vanilla,6813578,12,0.9525278241646253,0.21664408621994008,
Vanilla,6813578,13,0.9640201519661352,0.1678813842480789,
Vanilla,6813578,14,0.9640201519661352,0.2577185828380604,
Vanilla,6813578,15,0.9525278241646253,0.26662589270134607,
Vanilla,6813578,16,0.9525278241646253,0.42416559593029207,
Vanilla,6813578,17,0.9640201519661352,0.4615384333233111,
Vanilla,6813578,18,0.9640201519661352,0.46807235006888054,
Vanilla,6813578,19,0.9640201519661352,0.4620833197263556,
Vanilla,430826,0,0.42382055348981196,0.0,
Vanilla,430826,1,0.9783698597250013,0.0,
Vanilla,430826,2,0.9783698597250013,0.0,
Vanilla,430826,3,0.9695617988639899,0.217049448277612,
Vanilla,430826,4,0.9434419437056307,0.2492524581040031,
Vanilla,430826,5,0.9434419437056307,0.2745550250825933,
Vanilla,430826,6,0.9434419437056307,0.3024049951649468,
Vanilla,430826,7,0.9434419437056307,0.46554343212883176,
Vanilla,430826,8,0.9031364204331435,0.4522471204422622,
Vanilla,430826,9,0.903982074691307,0.48828692171120724,
Vanilla,430826,10,0.9051854714422969,0.483839928305216,
Vanilla,430826,11,0.9129011262591085,0.4716951458466433,
Vanilla,430826,12,0.9141512944792944,0.4640439691178657,
Vanilla,430826,13,0.9248408984531624,0.4638570308343785,
Vanilla,430826,14,0.9248408984531624,0.45821705154362025,
Vanilla,430826,15,0.9258135932348298,0.4598837601099612,
Vanilla,430826,16,0.9258135932348298,0.4509243848726923,
Vanilla,430826,17,0.9248408984531624,0.45843219939234864,
Vanilla,430826,18,0.9293260733220067,0.43555846394514247,
Vanilla,430826,19,0.9337201549963619,0.43456814572613683,
Vanilla,6192331,0,0.9868543879679657,0.0,
Vanilla,6192331,1,0.9868543879679657,0.0,
Vanilla,6192331,2,0.9868543879679657,0.0,
Vanilla,6192331,3,0.9868543879679657,0.17148117639317664,
Vanilla,6192331,4,0.9699987652758174,0.19562110946055392,
Vanilla,6192331,5,0.9699987652758174,0.20764499701392347,
Vanilla,6192331,6,0.9699987652758174,0.23800741453897536,
Vanilla,6192331,7,0.9868543879679657,0.23923173598920455,
Vanilla,6192331,8,0.9868543879679657,0.23910560079515378,
Vanilla,6192331,9,0.9868543879679657,0.30896483175117784,
Vanilla,6192331,10,0.9957636705162617,0.2791346763425336,
Vanilla,6192331,11,0.9868543879679657,0.2775004790451366,
Vanilla,6192331,12,0.9868543879679657,0.26003511962641496,
Vanilla,6192331,13,0.9868543879679657,0.2669983669723767,
Vanilla,6192331,14,0.9868543879679657,0.23088993169712235,
Vanilla,6192331,15,0.9868543879679657,0.4623068223812361,
Vanilla,6192331,16,0.9984444459060067,0.46224563730919777,
Vanilla,6192331,17,0.9984444459060067,0.4540757986046665,
Vanilla,6192331,18,0.9984444459060067,0.41626541228842723,
Vanilla,6192331,19,0.9940887513192004,0.43318183317349085,
Vanilla,8026546,0,0.9454906552122322,0.0,
Vanilla,8026546,1,0.9790804518797603,0.0,
Vanilla,8026546,2,0.9794252799617925,0.0,
Vanilla,8026546,3,0.9794252799617925,0.0035159954983485053,
Vanilla,8026546,4,0.9886441322535785,0.028200249845254686,
Vanilla,8026546,5,0.9862663029791069,0.10271849251023518,
Vanilla,8026546,6,0.9790563738262331,0.33180641693592533,
Vanilla,8026546,7,0.984450383712441,0.35381713546774485,
Vanilla,8026546,8,0.9814233856174364,0.35029114211061674,
Vanilla,8026546,9,0.9814233856174364,0.3536669442824136,
Vanilla,8026546,10,0.9814233856174364,0.35621498621081293,
Vanilla,8026546,11,0.9814233856174364,0.39714560507774543,
Vanilla,8026546,12,0.9802950255873087,0.4191752092000784,
Vanilla,8026546,13,0.9802950255873087,0.42756915730465755,
Vanilla,8026546,14,0.9070338564725935,0.4302261736521743,
Vanilla,8026546,15,0.9070338564725935,0.39555914290013133,
Vanilla,8026546,16,0.9791355977452344,0.3725974317538333,
Vanilla,8026546,17,0.9791355977452344,0.4628377667565555,
Vanilla,8026546,18,0.9791355977452344,0.4900443923748535,
Vanilla,8026546,19,0.9791355977452344,0.5004859521673866,
Vanilla,6735254,0,0.4275738274260866,0.0,
Vanilla,6735254,1,0.9694249859925241,0.0,
Vanilla,6735254,2,0.9688354963950687,0.0,
Vanilla,6735254,3,0.9688354963950687,0.14391988695796099,
Vanilla,6735254,4,0.9742110133775722,0.15308118118986108,
Vanilla,6735254,5,0.9772701177629173,0.14004055677280575,
Vanilla,6735254,6,0.9772701177629173,0.1612572087391943,
Vanilla,6735254,7,0.9525278241646253,0.27648604313755265,
Vanilla,6735254,8,0.9525278241646253,0.2772269230249018,
Vanilla,6735254,9,0.9525278241646253,0.27498498090811396,
Vanilla,6735254,10,0.9525278241646253,0.25834313688686666,
Vanilla,6735254,11,0.9670646044864504,0.24887258810229107,
Vanilla,6735254,12,0.9670646044864504,0.2553894447020611,
Vanilla,6735254,13,0.9525278241646253,0.23972913310454338,
Vanilla,6735254,14,0.9525278241646253,0.20023820852054589,
Vanilla,6735254,15,0.9670646044864504,0.4356517202247834,
Vanilla,6735254,16,0.9338779105154351,0.4817399656088837,
Vanilla,6735254,17,0.9213238783514693,0.4816260778947809,
Vanilla,6735254,18,0.9337201549963619,0.4209549780099751,
Vanilla,6735254,19,0.9337201549963619,0.4318328730497529,
Vanilla,1112898,0,0.9464396247567497,0.0,
Vanilla,1112898,1,0.9464396247567497,0.0,
Vanilla,1112898,2,0.9464396247567497,0.0,
Vanilla,1112898,3,0.9464396247567497,0.09425529845484558,
Vanilla,1112898,4,0.9705952246609542,0.08684045253007766,
Vanilla,1112898,5,0.9464396247567497,0.09064732752230649,
Vanilla,1112898,6,0.9464396247567497,0.09911065099932605,
Vanilla,1112898,7,0.9705952246609542,0.11253703581080408,
Vanilla,1112898,8,0.9705952246609542,0.16595124745156192,
Vanilla,1112898,9,0.9705952246609542,0.22900893721376084,
Vanilla,1112898,10,0.9705952246609542,0.31396442985503153,
Vanilla,1112898,11,0.9705952246609542,0.3023810946881746,
Vanilla,1112898,12,0.9781883723118654,0.34629655352801475,
Vanilla,1112898,13,0.9781883723118654,0.36054725324816445,
Vanilla,1112898,14,0.9449967988237821,0.4175081242271547,
Vanilla,1112898,15,0.8833368579467535,0.46140647911112015,
Vanilla,1112898,16,0.8833368579467535,0.4758451298972794,
Vanilla,1112898,17,0.8833368579467535,0.49457995174786734,
Vanilla,1112898,18,0.8833368579467535,0.4652728217525809,
Vanilla,1112898,19,0.9017386152013106,0.45336009772782826,
Vanilla,5609958,0,0.9296311063794367,0.0,
Vanilla,5609958,1,0.9296311063794367,0.0,
Vanilla,5609958,2,0.9296311063794367,0.0,
Vanilla,5609958,3,0.9677500667954628,0.2465544158963802,
Vanilla,5609958,4,0.9583514712016894,0.3528098343005971,
Vanilla,5609958,5,0.9583514712016894,0.37202370156987546,
Vanilla,5609958,6,0.897880268553708,0.3504161057251579,
Vanilla,5609958,7,0.9286887671200486,0.34137287017157153,
Vanilla,5609958,8,0.9261831983462312,0.33911545621097566,
Vanilla,5609958,9,0.9286887671200486,0.34225066532603016,
Vanilla,5609958,10,0.9909144723573827,0.3514483659553292,
Vanilla,5609958,11,0.9610922753024329,0.35049895225578864,
Vanilla,5609958,12,0.9610922753024329,0.4514669657438196,
Vanilla,5609958,13,0.8881912917675344,0.4544428466582593,
Vanilla,5609958,14,0.9264386773449228,0.48890284098754305,
Vanilla,5609958,15,0.8881912917675344,0.4896379836987215,
Vanilla,5609958,16,0.9647593621889378,0.46501430642937897,
Vanilla,5609958,17,0.95808412292751,0.46287108927201315,
Vanilla,5609958,18,0.9632586078009538,0.48066997704294123,
Vanilla,5609958,19,0.896907560458215,0.48115702187889836,
Vanilla,4736968,0,0.9761627003803973,0.0,
Vanilla,4736968,1,0.9761627003803973,0.0,
Vanilla,4736968,2,0.9693869417359833,0.0,
Vanilla,4736968,3,0.9693869417359833,0.26693070784321926,
Vanilla,4736968,4,0.9303643919498646,0.30497014225448404,
Vanilla,4736968,5,0.9213238783514693,0.4769429446841561,
Vanilla,4736968,6,0.9303643919498646,0.3880718231262786,
Vanilla,4736968,7,0.9693869417359833,0.3821185591238169,
Vanilla,4736968,8,0.9693869417359833,0.42815596583228793,
Vanilla,4736968,9,0.9693869417359833,0.4521890984532633,
Vanilla,4736968,10,0.9693869417359833,0.43646704532268493,
Vanilla,4736968,11,0.966078289661234,0.43271483856118975,
Vanilla,4736968,12,0.966078289661234,0.4034982687122072,
Vanilla,4736968,13,0.9745139561643891,0.39188928825250086,
Vanilla,4736968,14,0.9745139561643891,0.3716972758776965,
Vanilla,4736968,15,0.9607268573891705,0.3605782932483328,
Vanilla,4736968,16,0.9607268573891705,0.43413505174799955,
Vanilla,4736968,17,0.9745139561643891,0.5349475465833401,
Vanilla,4736968,18,0.975289466532584,0.48542372997078614,
Vanilla,4736968,19,0.932994205343818,0.4825034787642585,
Vanilla,617977,0,0.0,0.0,
Vanilla,617977,1,0.3995850240338516,0.0,
Vanilla,617977,2,0.3995850240338516,0.0,
Vanilla,617977,3,0.16597116129523926,0.05962531398738877,
Vanilla,617977,4,0.9640201519661352,0.1480140735747774,
Vanilla,617977,5,0.9309004731360817,0.18995952488052234,
Vanilla,617977,6,0.9309004731360817,0.2623863491494729,
Vanilla,617977,7,0.8849716359597481,0.3498785790938876,
Vanilla,617977,8,0.8891758624816023,0.3365367067563193,
Vanilla,617977,9,0.8989950218541121,0.32749922372045825,
Vanilla,617977,10,0.8989950218541121,0.3396939525786168,
Vanilla,617977,11,0.8881912917675344,0.3420735009767,
Vanilla,617977,12,0.8881912917675344,0.33765093477336905,
Vanilla,617977,13,0.8966468491260778,0.24216514933916747,
Vanilla,617977,14,0.8881912917675344,0.2678400053943983,
Vanilla,617977,15,0.8881912917675344,0.3389774422538582,
Vanilla,617977,16,0.8989950218541121,0.3523822117114756,
Vanilla,617977,17,0.8881912917675344,0.34973236650270895,
Vanilla,617977,18,0.8881912917675344,0.3476929475651779,
Vanilla,617977,19,0.8881912917675344,0.4027418597984409,
Vanilla,8500888,0,0.8982603383320003,0.0,
Vanilla,8500888,1,0.8982603383320003,0.0,
Vanilla,8500888,2,0.8982603383320003,0.0,
Vanilla,8500888,3,0.8982603383320003,0.14722488437724726,
Vanilla,8500888,4,0.9653122054815363,0.18266420653616808,
Vanilla,8500888,5,0.9653122054815363,0.14803378813410129,
Vanilla,8500888,6,0.9640201519661352,0.11168165639816613,
Vanilla,8500888,7,0.9525278241646253,0.2129254172258255,
Vanilla,8500888,8,0.9525278241646253,0.2595220489264374,
Vanilla,8500888,9,0.9525278241646253,0.2782321412027178,
Vanilla,8500888,10,0.9525278241646253,0.2937369326613404,
Vanilla,8500888,11,0.9525278241646253,0.41765608969701407,
Vanilla,8500888,12,0.9277939049626113,0.5086326311015184,
Vanilla,8500888,13,0.9277939049626113,0.4735442428831382,
Vanilla,8500888,14,0.9781883723118654,0.43457646718763226,
Vanilla,8500888,15,0.9781883723118654,0.44563729162596954,
Vanilla,8500888,16,0.9781883723118654,0.4045242878814367,
Vanilla,8500888,17,0.9781883723118654,0.40675081882046343,
Vanilla,8500888,18,0.9781883723118654,0.40921874805675756,
Vanilla,8500888,19,1.0,0.42156671736851364,
Vanilla,4205117,0,0.9639346439214691,0.0,
Vanilla,4205117,1,0.9639346439214691,0.0,
Vanilla,4205117,2,0.9639346439214691,0.0,
Vanilla,4205117,3,0.9812206093972282,0.21753425365348325,
Vanilla,4205117,4,0.9664510368354677,0.2731247921994866,
Vanilla,4205117,5,0.9624091058472032,0.24691269537925323,
Vanilla,4205117,6,0.9784759642578104,0.2678830321886159,
Vanilla,4205117,7,0.9733814022792098,0.34192297091624224,
Vanilla,4205117,8,0.887184380454175,0.39851212122868673,
Vanilla,4205117,9,0.887184380454175,0.4390145513990905,
Vanilla,4205117,10,0.887184380454175,0.4406967264639803,
Vanilla,4205117,11,0.9014388144773261,0.48273798812782526,
Vanilla,4205117,12,0.9001247798359236,0.462786188491579,
Vanilla,4205117,13,0.9676006856726674,0.4626949898558489,
Vanilla,4205117,14,0.9676006856726674,0.4852754878617382,
Vanilla,4205117,15,0.9676006856726674,0.49721693334265543,
Vanilla,4205117,16,0.8941123094678395,0.498872990392916,
Vanilla,4205117,17,0.8855297115857922,0.5002618702498981,
Vanilla,4205117,18,0.8941123094678395,0.4929465315375235,
Vanilla,4205117,19,0.8855297115857922,0.4960281954628317,
Vanilla,756214,0,0.9786864158984545,0.0,
Vanilla,756214,1,0.9786864158984545,0.0,
Vanilla,756214,2,0.9904565632979475,0.0,
Vanilla,756214,3,0.9884259985355857,0.13050959814174484,
Vanilla,756214,4,0.9884259985355857,0.16302472549230618,
Vanilla,756214,5,0.950857092165703,0.12335833652272092,
Vanilla,756214,6,0.950857092165703,0.1164871679381652,
Vanilla,756214,7,0.950857092165703,0.46491936926194954,
Vanilla,756214,8,0.950857092165703,0.48017829428051184,
Vanilla,756214,9,0.950857092165703,0.47176135974253725,
Vanilla,756214,10,0.9549475387343122,0.47459452738035757,
Vanilla,756214,11,0.9549475387343122,0.47601788601335665,
Vanilla,756214,12,0.9549475387343122,0.4790383528974786,
Vanilla,756214,13,0.9549475387343122,0.4918197547618934,
Vanilla,756214,14,0.9361014791500433,0.49719733288988666,
Vanilla,756214,15,0.9361014791500433,0.47078968323434617,
Vanilla,756214,16,0.9549475387343122,0.4452689706270762,
Vanilla,756214,17,0.9549475387343122,0.4484638308329452,
Vanilla,756214,18,0.9549475387343122,0.4542365263748828,
Vanilla,756214,19,0.9549475387343122,0.4438569538487125,
Vanilla,4283694,0,0.4445411797423434,0.0,
Vanilla,4283694,1,0.9456058264602484,0.0,
Vanilla,4283694,2,0.8903848377255023,0.0,
Vanilla,4283694,3,0.9692630432753119,0.13560670867963898,
Vanilla,4283694,4,0.9781883723118654,0.23975318456216843,
Vanilla,4283694,5,0.9781883723118654,0.239664783759786,
Vanilla,4283694,6,0.9781883723118654,0.2520864180618929,
Vanilla,4283694,7,0.9781883723118654,0.33257146769940316,
Vanilla,4283694,8,0.9781883723118654,0.3578227481910579,
Vanilla,4283694,9,0.9781883723118654,0.36323662815475166,
Vanilla,4283694,10,0.9781883723118654,0.35312445658233643,
Vanilla,4283694,11,0.9781883723118654,0.3206474557415963,
Vanilla,4283694,12,0.9781883723118654,0.2854191348371316,
Vanilla,4283694,13,0.9781883723118654,0.33633194193293936,
Vanilla,4283694,14,0.9781883723118654,0.3546267069773839,
Vanilla,4283694,15,0.9781883723118654,0.33211140633857655,
Vanilla,4283694,16,0.9781883723118654,0.31660461579867616,
Vanilla,4283694,17,0.9781883723118654,0.2810926722796723,
Vanilla,4283694,18,0.9299138121514008,0.27860899168241504,
Vanilla,4283694,19,0.9184406762294373,0.37307506833897586,
Vanilla,7449696,0,0.9483769993970967,0.0,
Vanilla,7449696,1,0.9483769993970967,0.0,
Vanilla,7449696,2,0.9483769993970967,0.0,
Vanilla,7449696,3,0.9483769993970967,0.39080607792524413,
Vanilla,7449696,4,0.8881912917675344,0.1359187937916245,
Vanilla,7449696,5,0.8686360379801904,0.061311947738060334,
Vanilla,7449696,6,0.9525278241646253,0.45147929702804535,
Vanilla,7449696,7,0.9525278241646253,0.4298604957757427,
Vanilla,7449696,8,0.9525278241646253,0.4349410028589238,
Vanilla,7449696,9,0.9525278241646253,0.43512022524049765,
Vanilla,7449696,10,0.9525278241646253,0.3707316470206188,
Vanilla,7449696,11,0.9525278241646253,0.36310499629983634,
Vanilla,7449696,12,0.9525278241646253,0.3678481491706407,
Vanilla,7449696,13,0.9525278241646253,0.3632258211491926,
Vanilla,7449696,14,0.9670646044864504,0.39598129173308255,
Vanilla,7449696,15,0.9670646044864504,0.39366719649647436,
Vanilla,7449696,16,0.9271782470410156,0.38491255926718904,
Vanilla,7449696,17,0.9207298553964104,0.35937596865884447,
Vanilla,7449696,18,0.9691544956555124,0.419587644424818,
Vanilla,7449696,19,0.9691544956555124,0.43219906437811434,
Vanilla,9848369,0,0.6727701059668678,0.0,
Vanilla,9848369,1,0.9069717341625255,0.0,
Vanilla,9848369,2,0.9069717341625255,0.0,
Vanilla,9848369,3,0.9069717341625255,0.416086320467,
Vanilla,9848369,4,0.9069717341625255,0.3924631420571906,
Vanilla,9848369,5,0.9069717341625255,0.33848903261829305,
Vanilla,9848369,6,0.9069717341625255,0.3549057823761624,
Vanilla,9848369,7,0.9069717341625255,0.3334603067695364,
Vanilla,9848369,8,0.9069717341625255,0.27323971679916303,
Vanilla,9848369,9,0.950857092165703,0.38559548517360404,
Vanilla,9848369,10,0.9297763069610059,0.3841607173014635,
Vanilla,9848369,11,0.9361014791500433,0.40644100621723667,
Vanilla,9848369,12,0.8989950218541121,0.34815238544177823,
Vanilla,9848369,13,0.9058503505769919,0.4436076187493645,
Vanilla,9848369,14,0.9058503505769919,0.44408352402570017,
Vanilla,9848369,15,0.9058503505769919,0.40440486388459473,
Vanilla,9848369,16,0.9058503505769919,0.4232935638891771,
Vanilla,9848369,17,0.9058503505769919,0.4287260649452851,
Vanilla,9848369,18,0.9058503505769919,0.43388480252084727,
Vanilla,9848369,19,0.8989950218541121,0.4320239707023701,
Deep GP,9049607,0,0.348239829715106,0.0006580514259537751,
Deep GP,9049607,1,0.49697805450179583,0.025688573650068554,
Deep GP,9049607,2,0.8236659426963362,0.0998605059878351,
Deep GP,9049607,3,0.567173868390065,0.11214151935330732,
Deep GP,9049607,4,0.9309664431417369,0.13711679727215895,
Deep GP,9049607,5,0.8904417277021248,0.26231143880498997,
Deep GP,9049607,6,0.8805611516523016,0.30784497094495394,
Deep GP,9049607,7,0.878361654414308,0.27166681843715196,
Deep GP,9049607,8,0.878361654414308,0.3622618104355443,
Deep GP,9049607,9,0.8807468262635766,0.36307229064001145,
Deep GP,9049607,10,0.8807468262635766,0.3467372543991732,
Deep GP,9049607,11,0.9018112154920952,0.3363194109069976,
Deep GP,9049607,12,0.9001296660099045,0.30857495769455845,
Deep GP,9049607,13,0.8854452486764327,0.31656469820726885,
Deep GP,9049607,14,0.9647593621889378,0.2539725391298285,
Deep GP,9049607,15,0.8916360577379076,0.2694821048735869,
Deep GP,9049607,16,0.8968848736994589,0.2938528359534181,
Deep GP,9049607,17,0.8953024456485705,0.3098323349986732,
Deep GP,9049607,18,0.8989950218541121,0.3263793984103398,
Deep GP,9049607,19,0.8992414208237711,0.3664578648258776,
Deep GP,2402697,0,0.549020573748129,5.2736857573397065e-05,
Deep GP,2402697,1,0.9303214548624301,0.014349703188420333,
Deep GP,2402697,2,0.989060508834176,0.15870930532157002,
Deep GP,2402697,3,0.8686360379801904,0.14777775010866473,
Deep GP,2402697,4,0.9927977495960186,0.05107906406930208,
Deep GP,2402697,5,0.977226841172931,0.05435986388612561,
Deep GP,2402697,6,0.9780819282765045,0.0559310029716948,
Deep GP,2402697,7,0.8432937834606392,0.09415020749413966,
Deep GP,2402697,8,0.9734798247346701,0.09878948650504961,
Deep GP,2402697,9,0.9837272233063522,0.1311474457418251,
Deep GP,2402697,10,0.9571449257309543,0.11283250739983312,
Deep GP,2402697,11,0.8363675985581234,0.11659761301919878,
Deep GP,2402697,12,0.9636864941837487,0.10015986497170645,
Deep GP,2402697,13,0.9719494004864233,0.07444165019730478,
Deep GP,2402697,14,0.9858464381762125,0.08061079596374322,
Deep GP,2402697,15,0.9692675766329154,0.0883073122732626,
Deep GP,2402697,16,0.9505485642290632,0.08006792063809916,
Deep GP,2402697,17,0.9719193844666958,0.14398811210976412,
Deep GP,2402697,18,0.9719193844666958,0.15161273211388104,
Deep GP,2402697,19,0.9575054574702357,0.15977543782658407,
Deep GP,6510749,0,0.8940781062499731,0.00913882483388983,
Deep GP,6510749,1,0.9459157523485722,0.012186246175395102,
Deep GP,6510749,2,0.9562200408968768,0.029761567262425757,
Deep GP,6510749,3,0.954445307949584,0.13642187165529815,
Deep GP,6510749,4,0.9680945420611176,0.19369452834921932,
Deep GP,6510749,5,0.9167978699796293,0.16580480935664285,
Deep GP,6510749,6,0.9649893651824183,0.09768472421201355,
Deep GP,6510749,7,0.9653122054815363,0.07441449936923672,
Deep GP,6510749,8,0.9657973346573312,0.16286315409504362,
Deep GP,6510749,9,0.9508372013103148,0.160768758732459,
Deep GP,6510749,10,0.98130227640322,0.1522383473112924,
Deep GP,6510749,11,0.9207298553964104,0.2061594987468222,
Deep GP,6510749,12,0.9207298553964104,0.15695994345055317,
Deep GP,6510749,13,0.9157581534000875,0.07881806916709805,
Deep GP,6510749,14,0.9813274062489665,0.07052885248304291,
Deep GP,6510749,15,0.9813274062489665,0.05721891470039747,
Deep GP,6510749,16,0.8909544298106566,0.04668172769949629,
Deep GP,6510749,17,0.9764433025679228,0.0466966672777304,
Deep GP,6510749,18,0.982370258234428,0.07299804849989457,
Deep GP,6510749,19,0.9071259881454762,0.11007009150764649,
Deep GP,758529,0,0.9372102944842472,0.007776311133634376,
Deep GP,758529,1,0.4154372103211119,0.12643147411354982,
Deep GP,758529,2,0.39930894854701693,0.01001670606059813,
Deep GP,758529,3,0.4698135899330011,0.003838396226725853,
Deep GP,758529,4,0.5604155575140489,0.0614855070153627,
Deep GP,758529,5,0.8686360379801904,0.004806493704580845,
Deep GP,758529,6,0.9309004731360817,0.007526521125497942,
Deep GP,758529,7,0.9697031450930591,0.004111805602827101,
Deep GP,758529,8,0.9305074889469952,5.444708058959842e-05,
Deep GP,758529,9,0.9212292969346834,0.006894278205682982,
Deep GP,758529,10,0.9303214548624301,0.008950925804536559,
Deep GP,758529,11,0.9666042523400247,0.03982184274769781,
Deep GP,758529,12,0.9666042523400247,0.010328028822727606,
Deep GP,758529,13,0.9372102944842472,0.010857165403864423,
Deep GP,758529,14,0.9642459677614768,0.017631200681835203,
Deep GP,758529,15,0.9642459677614768,0.04533429911054382,
Deep GP,758529,16,0.9642459677614768,0.06821047102696633,
Deep GP,758529,17,0.9642459677614768,0.0686964577734034,
Deep GP,758529,18,0.9642459677614768,0.07029015693690446,
Deep GP,758529,19,0.9642459677614768,0.12379200555028204,
Deep GP,3523986,0,0.9725493547507698,4.758965144973986e-05,
Deep GP,3523986,1,0.9563058951010075,0.0002140775927651927,
Deep GP,3523986,2,0.9909144723573827,0.0017702544531684554,
Deep GP,3523986,3,0.9768348954622382,0.002889122825167926,
Deep GP,3523986,4,0.9879799587516382,0.005315931613394715,
Deep GP,3523986,5,0.9538823461495591,0.00014279545014573078,
Deep GP,3523986,6,0.9520545576074054,2.7478498802860317e-05,
Deep GP,3523986,7,0.8996183485392311,0.0011338792443801521,
Deep GP,3523986,8,0.9748350456954458,0.0009791982952610588,
Deep GP,3523986,9,0.346777811902592,0.00276815504254463,
Deep GP,3523986,10,0.9753550770649491,0.011266399029129731,
Deep GP,3523986,11,0.9137918078753196,0.030321909505110527,
Deep GP,3523986,12,0.9525152559132957,0.002665387817767648,
Deep GP,3523986,13,0.9940887513192004,0.000906561439988662,
Deep GP,3523986,14,0.9867235130627002,0.03347392416636206,
Deep GP,3523986,15,0.9867235130627002,0.0306454753495322,
Deep GP,3523986,16,0.9791355977452344,0.017974552318015306,
Deep GP,3523986,17,0.9791355977452344,0.006375493995549818,
Deep GP,3523986,18,0.9908928307339332,0.07735506412520994,
Deep GP,3523986,19,0.9791355977452344,0.07982023342845675,
Deep GP,3224638,0,0.8940861344867864,2.3309754124501264e-06,
Deep GP,3224638,1,0.8835996595495038,4.5071336495814864e-05,
Deep GP,3224638,2,0.9818324262801497,0.0011633074686024272,
Deep GP,3224638,3,0.8904417277021248,0.0001669582229741549,
Deep GP,3224638,4,0.8927246360572586,0.0022567185431951265,
Deep GP,3224638,5,0.9601851910531305,0.03704444597548972,
Deep GP,3224638,6,0.9721319330348658,0.09979554464139481,
Deep GP,3224638,7,0.948122918350089,0.009758307965071725,
Deep GP,3224638,8,0.9817608844384972,0.0001423623713177849,
Deep GP,3224638,9,0.950857092165703,0.0036337699113723047,
Deep GP,3224638,10,0.9549475387343122,0.004292940670428197,
Deep GP,3224638,11,0.9401933170134235,0.0009747112468407585,
Deep GP,3224638,12,0.9401933170134235,0.009549696081433596,
Deep GP,3224638,13,0.950857092165703,0.02711835269144687,
Deep GP,3224638,14,0.950857092165703,0.012473548225284186,
Deep GP,3224638,15,0.9401933170134235,0.01902008079671693,
Deep GP,3224638,16,0.950857092165703,0.012045715652467464,
Deep GP,3224638,17,0.9672227061649882,0.012507200528466086,
Deep GP,3224638,18,0.950857092165703,0.00920669977453358,
Deep GP,3224638,19,0.9522884016395603,0.012634060778854693,
Deep GP,9729091,0,0.4644722961391024,0.01481000826245341,
Deep GP,9729091,1,0.9315262628789295,0.03218554705520684,
Deep GP,9729091,2,0.8952172904202818,0.02410546126683885,
Deep GP,9729091,3,0.94895077868039,0.02609849936522476,
Deep GP,9729091,4,0.8849716359597481,0.11968120513178397,
Deep GP,9729091,5,0.94895077868039,0.2534723540559018,
Deep GP,9729091,6,0.972267700771025,0.19788828594266658,
Deep GP,9729091,7,0.9699987652758174,0.16161685890435448,
Deep GP,9729091,8,0.981475389420078,0.08952532569763541,
Deep GP,9729091,9,0.989060508834176,0.07836577330455798,
Deep GP,9729091,10,0.4483021224421412,0.0710029362862982,
Deep GP,9729091,11,0.9709861252363404,0.04771303486502824,
Deep GP,9729091,12,0.9886441322535785,0.08081261299574423,
Deep GP,9729091,13,0.9947462945360113,0.04932214556945753,
Deep GP,9729091,14,0.9923970800011269,0.04397208481504843,
Deep GP,9729091,15,0.9853686382613891,0.05248745916742436,
Deep GP,9729091,16,0.9814984223382986,0.04496601663133814,
Deep GP,9729091,17,0.9610912301671263,0.04991676466672294,
Deep GP,9729091,18,0.9761627003803973,0.11403912905308645,
Deep GP,9729091,19,0.9806705620079975,0.08325547314066063,
Deep GP,5830471,0,0.3516071092207136,0.002274954716444028,
Deep GP,5830471,1,0.446665267472359,0.02025377251217894,
Deep GP,5830471,2,0.9909144723573827,0.02364764698632514,
Deep GP,5830471,3,0.950857092165703,0.011218301117471819,
Deep GP,5830471,4,0.9879087630694503,0.002475561481941399,
Deep GP,5830471,5,0.9940887513192004,1.0762719074235483e-06,
Deep GP,5830471,6,0.9871147531406382,0.015237956561062003,
Deep GP,5830471,7,0.9909144723573827,0.016684586196024306,
Deep GP,5830471,8,0.8949429590445956,0.03386109131198139,
Deep GP,5830471,9,0.9966889048382602,0.00012075759092724637,
Deep GP,5830471,10,0.6705203623512067,0.002099399562653836,
Deep GP,5830471,11,0.4009848929086464,0.0016374003196762466,
Deep GP,5830471,12,0.8874157747424267,0.07750604300909814,
Deep GP,5830471,13,0.9107805134375643,0.06599399898029798,
Deep GP,5830471,14,0.9733325405394005,0.05594953016945062,
Deep GP,5830471,15,0.9693869417359833,0.07061594003197716,
Deep GP,5830471,16,0.9299138121514008,0.0652358316339994,
Deep GP,5830471,17,0.9271782470410156,0.07778796806551837,
Deep GP,5830471,18,0.8894505267029275,0.08952243075298508,
Deep GP,5830471,19,0.8849562718050507,0.1059548111976903,
Deep GP,5343420,0,0.9696570792566177,0.011808916656096943,
Deep GP,5343420,1,0.8744195504901006,0.00935887498240712,
Deep GP,5343420,2,0.5913793618555596,0.008467285454272154,
Deep GP,5343420,3,0.9737691607917636,0.04529356311487294,
Deep GP,5343420,4,0.899480151029907,0.016930744523001192,
Deep GP,5343420,5,0.5786878245011988,0.019833422752435697,
Deep GP,5343420,6,0.5938301176095421,0.01324313846154813,
Deep GP,5343420,7,0.9552609528449328,0.12313404013326787,
Deep GP,5343420,8,0.9552609528449328,0.07868940874641835,
Deep GP,5343420,9,0.8800236592005751,0.0358865425061906,
Deep GP,5343420,10,0.8800236592005751,0.04587001100362483,
Deep GP,5343420,11,0.878361654414308,0.04077637758260591,
Deep GP,5343420,12,0.926554547568781,0.033580854567516395,
Deep GP,5343420,13,0.9335124992590856,0.03414120299574365,
Deep GP,5343420,14,0.9092015736089728,0.03432770494429673,
Deep GP,5343420,15,0.9580031548973602,0.025750688724079825,
Deep GP,5343420,16,0.950857092165703,0.07192566879809739,
Deep GP,5343420,17,0.9361014791500433,0.06838394034064227,
Deep GP,5343420,18,0.950857092165703,0.08355471457099771,
Deep GP,5343420,19,0.950857092165703,0.06025410233840642,
Deep GP,2417321,0,0.9361014791500433,0.006462276385471654,
Deep GP,2417321,1,0.8936016976299207,0.13820903039856952,
Deep GP,2417321,2,0.3759574571083127,0.18740570112755356,
Deep GP,2417321,3,0.2620253534647607,0.11757921348089713,
Deep GP,2417321,4,0.6922049362020118,0.10670901720509714,
Deep GP,2417321,5,0.7476517473890123,0.10928072046077016,
Deep GP,2417321,6,0.5938301176095421,0.2631731587376319,
Deep GP,2417321,7,0.8846065708628632,0.07864317561945697,
Deep GP,2417321,8,0.8849562718050507,0.05630598582867398,
Deep GP,2417321,9,0.8891758624816023,0.09063893534824767,
Deep GP,2417321,10,0.8876967364032423,0.06315564551897354,
Deep GP,2417321,11,0.8800236592005751,0.05985554392912808,
Deep GP,2417321,12,0.8891758624816023,0.03812145966390667,
Deep GP,2417321,13,0.8800236592005751,0.05593501570515802,
Deep GP,2417321,14,0.8800236592005751,0.05470602152425231,
Deep GP,2417321,15,0.9017815389749195,0.046520903822602,
Deep GP,2417321,16,0.9617923961333882,0.03513415475194199,
Deep GP,2417321,17,0.9203742164880226,0.031133375636629372,
Deep GP,2417321,18,0.9604703332551723,0.03573008007056128,
Deep GP,2417321,19,0.9686341181265445,0.03919342524786531,
Deep GP,9891788,0,0.940147950152824,0.0051558258638817345,
Deep GP,9891788,1,0.9180920137656435,0.012992815370301268,
Deep GP,9891788,2,0.6069422387133775,0.07664424495758333,
Deep GP,9891788,3,0.6891322384007689,0.028971939855582905,
Deep GP,9891788,4,0.5567571845263737,0.05928519579437159,
Deep GP,9891788,5,0.5938301176095421,0.010080562433453451,
Deep GP,9891788,6,0.8849562718050507,0.05891079532470996,
Deep GP,9891788,7,0.9309004731360817,0.08294044119651134,
Deep GP,9891788,8,0.8949429590445956,0.08230610940266292,
Deep GP,9891788,9,0.9449967988237821,0.019836408299843858,
Deep GP,9891788,10,0.9672534211605577,0.005137546247188124,
Deep GP,9891788,11,0.950857092165703,0.0033237296711199973,
Deep GP,9891788,12,0.8236659426963362,0.0043972499071373945,
Deep GP,9891788,13,0.9497458337445086,0.0008236197931343507,
Deep GP,9891788,14,0.9376406306109454,5.908502990961417e-05,
Deep GP,9891788,15,0.954987673261466,0.004649371537897361,
Deep GP,9891788,16,0.9610912301671263,0.03093837808573748,
Deep GP,9891788,17,0.9200492792613788,0.04476195423358779,
Deep GP,9891788,18,0.8236659426963362,0.020685952638679353,
Deep GP,9891788,19,0.9565474145535984,0.012792588259989692,
Deep GP,9314146,0,0.9653272101629436,0.001800963043590949,
Deep GP,9314146,1,0.975081804138395,0.026521163597327785,
Deep GP,9314146,2,0.9739715908525072,0.012448600141684306,
Deep GP,9314146,3,0.9668304142948309,0.041714543434106584,
Deep GP,9314146,4,0.9742110133775722,0.20424017123457477,
Deep GP,9314146,5,0.9522904919101735,0.03896458151942848,
Deep GP,9314146,6,0.9525152559132957,0.05594980125190343,
Deep GP,9314146,7,0.8891758624816023,0.07689697837767283,
Deep GP,9314146,8,0.9525152559132957,0.04491905932131627,
Deep GP,9314146,9,0.966074801438937,0.022202559991091567,
Deep GP,9314146,10,0.95808412292751,0.014051974390920218,
Deep GP,9314146,11,0.9304729262558386,0.038888661528122245,
Deep GP,9314146,12,0.8899803370773054,0.021720574731157627,
Deep GP,9314146,13,0.9640201519661352,0.0042353199412102464,
Deep GP,9314146,14,0.8899803370773054,0.025827424685423088,
Deep GP,9314146,15,0.9885921284509369,0.04865228887448677,
Deep GP,9314146,16,0.8967602829198583,0.03473305185020118,
Deep GP,9314146,17,0.26194019823647197,0.00010787711837589701,
Deep GP,9314146,18,0.9691443771480859,0.0016359503340513631,
Deep GP,9314146,19,0.9728592806390934,0.007821950288248041,
Deep GP,9488226,0,0.9617808796742778,0.0010314276641406588,
Deep GP,9488226,1,0.9382793281076746,0.009187949923201983,
Deep GP,9488226,2,0.8606638656862934,0.01110842574921707,
Deep GP,9488226,3,0.9449018645906188,0.024550711403298772,
Deep GP,9488226,4,0.9477229444025829,0.00010827807859724154,
Deep GP,9488226,5,0.0,0.04065080804499323,
Deep GP,9488226,6,0.9382793281076746,0.07485632785201218,
Deep GP,9488226,7,0.9376406306109454,0.01856419206955456,
Deep GP,9488226,8,0.8236659426963362,0.03507162514312591,
Deep GP,9488226,9,0.9569365643609233,0.059314234792891406,
Deep GP,9488226,10,0.5312396934347875,0.05313518490065443,
Deep GP,9488226,11,0.9388527545745905,0.04842506656286014,
Deep GP,9488226,12,0.9554256848086001,0.07404521023687097,
Deep GP,9488226,13,0.9554256848086001,0.12054400833676301,
Deep GP,9488226,14,0.9858464381762125,0.08222549372421388,
Deep GP,9488226,15,0.9718715678621932,0.10904453190729481,
Deep GP,9488226,16,0.9737869613765388,0.12226714256836564,
Deep GP,9488226,17,0.9610510889830597,0.15150115906233103,
Deep GP,9488226,18,0.9440628406175847,0.14891806793028914,
Deep GP,9488226,19,0.963455798871339,0.1382073098450734,
Deep GP,2697408,0,0.4803695364120614,0.00547767598039922,
Deep GP,2697408,1,0.9584052191154795,0.006679206742086954,
Deep GP,2697408,2,0.9674251362257318,0.07633568331014165,
Deep GP,2697408,3,0.9299138121514008,0.08402565419191994,
Deep GP,2697408,4,0.9337529602625444,0.02747548349082807,
Deep GP,2697408,5,0.5881771737869095,0.021199062978067923,
Deep GP,2697408,6,0.9027901943994274,0.049719543168997356,
Deep GP,2697408,7,0.95808412292751,0.027148745912315104,
Deep GP,2697408,8,0.8849210301087904,0.04478374898181633,
Deep GP,2697408,9,0.8891758624816023,0.023375981473675537,
Deep GP,2697408,10,0.8807468262635766,0.024012417467954784,
Deep GP,2697408,11,0.7419390777449127,0.0002048680604569728,
Deep GP,2697408,12,0.8876967364032423,0.04000956993956261,
Deep GP,2697408,13,0.9571449257309543,0.04041849465115632,
Deep GP,2697408,14,0.8800236592005751,0.05450185369109233,
Deep GP,2697408,15,0.9614999246703749,0.0469573083074096,
Deep GP,2697408,16,0.9713826043046367,0.04795587410816198,
Deep GP,2697408,17,0.9624754153554101,0.05263155330397287,
Deep GP,2697408,18,0.9617923961333882,0.06517280630300068,
Deep GP,2697408,19,0.9719291568146576,0.060321564261624855,
Deep GP,5135059,0,0.9683838714612983,0.0005517101428145449,
Deep GP,5135059,1,0.985314191371757,0.0012835561541601611,
Deep GP,5135059,2,0.9225436910493761,0.03605785341997923,
Deep GP,5135059,3,0.9653122054815363,0.06776216707902918,
Deep GP,5135059,4,0.9657973346573312,0.09118562630873346,
Deep GP,5135059,5,0.9359810689116688,0.18242706715171636,
Deep GP,5135059,6,0.899694090892848,0.15129662594510326,
Deep GP,5135059,7,0.899694090892848,0.08128771035865333,
Deep GP,5135059,8,0.8881912917675344,0.08350062011686891,
Deep GP,5135059,9,0.9184406762294373,0.07101503068371613,
Deep GP,5135059,10,0.899694090892848,0.020915490212514504,
Deep GP,5135059,11,0.9522904919101735,0.008974357044021412,
Deep GP,5135059,12,0.9653122054815363,0.013703232543476314,
Deep GP,5135059,13,0.9701181237219726,0.01130762134714619,
Deep GP,5135059,14,0.9805292091220155,0.010927209603288723,
Deep GP,5135059,15,0.9299138121514008,0.012150847874538911,
Deep GP,5135059,16,0.9701181237219726,0.06394933444387252,
Deep GP,5135059,17,0.9653122054815363,0.0398018064886376,
Deep GP,5135059,18,0.9525152559132957,0.02644473699062232,
Deep GP,5135059,19,0.9653122054815363,0.02211378688066918,
Deep GP,6813578,0,0.9699987652758174,0.0006287581630722467,
Deep GP,6813578,1,0.32298206473256547,0.0005109924530692494,
Deep GP,6813578,2,0.22963894023439682,0.003381595194181823,
Deep GP,6813578,3,0.9335111013074017,0.023296972942152782,
Deep GP,6813578,4,0.899480151029907,0.11047661094948748,
Deep GP,6813578,5,0.9014388144773261,0.17529305350798877,
Deep GP,6813578,6,0.8849562718050507,0.16793508385899378,
Deep GP,6813578,7,0.963967802004029,0.16296785376179293,
Deep GP,6813578,8,0.9663955448105291,0.20351509855988378,
Deep GP,6813578,9,0.9552609528449328,0.27050272578448487,
Deep GP,6813578,10,0.8981406337263805,0.30415578406256905,
Deep GP,6813578,11,0.894258894687267,0.2668760211521149,
Deep GP,6813578,12,0.8891758624816023,0.1525824201232282,
Deep GP,6813578,13,0.9603680697610376,0.09833501513509885,
Deep GP,6813578,14,0.9583734589846035,0.14115027176603306,
Deep GP,6813578,15,0.966906848967377,0.09739199213652128,
Deep GP,6813578,16,0.9583734589846035,0.14624806592931044,
Deep GP,6813578,17,0.9547416204512715,0.16133490553980925,
Deep GP,6813578,18,0.966906848967377,0.2002815935278202,
Deep GP,6813578,19,0.9883076852247371,0.19161454348058157,
Deep GP,430826,0,0.9670806543031643,0.001169095298716945,
Deep GP,430826,1,0.9606378611222074,0.18123851605453262,
Deep GP,430826,2,0.33688116606531665,0.3465158990955028,
Deep GP,430826,3,0.3039126191261199,0.14386604207691617,
Deep GP,430826,4,0.9108942933908093,0.000291927606871917,
Deep GP,430826,5,0.5839111578006263,0.009216993622946661,
Deep GP,430826,6,0.0,0.028276543909656005,
Deep GP,430826,7,0.966074801438937,0.017147456440044218,
Deep GP,430826,8,0.9653122054815363,0.006024283164427668,
Deep GP,430826,9,0.966074801438937,0.019764521144654063,
Deep GP,430826,10,0.9525152559132957,0.025514690924614555,
Deep GP,430826,11,0.9602612729092993,0.020213296596534775,
Deep GP,430826,12,0.962214005047431,0.014851688135310268,
Deep GP,430826,13,0.962214005047431,0.0196452781559145,
Deep GP,430826,14,0.962214005047431,0.023471789555793144,
Deep GP,430826,15,0.962214005047431,0.02075432181430166,
Deep GP,430826,16,0.9525152559132957,0.012494273384890052,
Deep GP,430826,17,0.899694090892848,0.024362456216869034,
Deep GP,430826,18,0.8893015050534222,0.034854003077418205,
Deep GP,430826,19,0.8874157747424267,0.03925028471965157,
Deep GP,6192331,0,0.9750161869491172,0.0010574745172042177,
Deep GP,6192331,1,0.5974473242485824,0.0078616480526884,
Deep GP,6192331,2,0.9707009763773858,0.04557661714731021,
Deep GP,6192331,3,0.5786878245011988,0.026342791315116836,
Deep GP,6192331,4,0.950857092165703,0.07051289028787382,
Deep GP,6192331,5,0.9647593621889378,0.055746026374680006,
Deep GP,6192331,6,0.9497458337445086,0.0014541780778771483,
Deep GP,6192331,7,0.9790207726566829,0.04422220144355988,
Deep GP,6192331,8,0.9575054574702357,0.055804095428602325,
Deep GP,6192331,9,0.9790207726566829,0.024702012264328502,
Deep GP,6192331,10,0.9790207726566829,0.029345072797478534,
Deep GP,6192331,11,0.9780819282765045,0.03245452686338102,
Deep GP,6192331,12,0.9790207726566829,0.0531661553860278,
Deep GP,6192331,13,0.9709320245061729,0.04408759969098211,
Deep GP,6192331,14,0.9817762352793691,0.04343109820439552,
Deep GP,6192331,15,0.9819350425906617,0.04617095233073507,
Deep GP,6192331,16,0.9780917006244664,0.07961202890904424,
Deep GP,6192331,17,0.9817762352793691,0.09868713205031951,
Deep GP,6192331,18,0.9878368684114204,0.13471167352405897,
Deep GP,6192331,19,0.9548843646320248,0.15369041626853447,
Deep GP,8026546,0,0.9307978634824824,0.0029701049471936893,
Deep GP,8026546,1,0.8938393760438372,0.03476823525574219,
Deep GP,8026546,2,0.6568655430898502,0.0024646138505665834,
Deep GP,8026546,3,0.46556855653580226,0.03703834030063089,
Deep GP,8026546,4,0.2620253534647607,0.017635910501346094,
Deep GP,8026546,5,0.5288933180732039,0.008434881900178439,
Deep GP,8026546,6,0.49893220456234977,0.02228032985689512,
Deep GP,8026546,7,0.8876967364032423,0.03219369401110687,
Deep GP,8026546,8,0.9203742164880226,0.08676457243751082,
Deep GP,8026546,9,0.9017815389749195,0.17033429063099997,
Deep GP,8026546,10,0.9601366754727859,0.0901490035473344,
Deep GP,8026546,11,0.9552609528449328,0.11531566085662882,
Deep GP,8026546,12,0.9665679521946323,0.08589375189641692,
Deep GP,8026546,13,0.9614999246703749,0.10548881743644846,
Deep GP,8026546,14,0.9658936601852656,0.11110823089632056,
Deep GP,8026546,15,0.9562127116359054,0.1046816873988372,
Deep GP,8026546,16,0.9618517291970011,0.15973205098802157,
Deep GP,8026546,17,0.9613714861951872,0.19158153665490418,
Deep GP,8026546,18,0.9723587939655138,0.172628929777888,
Deep GP,8026546,19,0.9676006856726674,0.2195261434493258,
Deep GP,6735254,0,0.9522587317792974,0.0012990715575605318,
Deep GP,6735254,1,0.6738740351270909,0.05052052285715234,
Deep GP,6735254,2,0.8805611516523016,0.1648112317898174,
Deep GP,6735254,3,0.899480151029907,0.19327547345042292,
Deep GP,6735254,4,0.8835996595495038,0.23011306143471305,
Deep GP,6735254,5,0.9927977495960186,0.0727073415141467,
Deep GP,6735254,6,0.9781883723118654,0.015833209504182225,
Deep GP,6735254,7,0.9781883723118654,0.011642579411084163,
Deep GP,6735254,8,0.9909144723573827,6.092908032421943e-07,
Deep GP,6735254,9,0.9647593621889378,0.009425803810411078,
Deep GP,6735254,10,0.9568158079630843,0.009720472554477224,
Deep GP,6735254,11,0.417248636171651,0.0007154468821292361,
Deep GP,6735254,12,0.910333435175223,0.020945135562113658,
Deep GP,6735254,13,0.8849716359597481,0.058211359092818556,
Deep GP,6735254,14,0.9612929612520279,0.04806174660838908,
Deep GP,6735254,15,0.9309004731360817,0.030564659868930158,
Deep GP,6735254,16,0.9909144723573827,0.01772931122759725,
Deep GP,6735254,17,0.9624091058472032,0.028166267703872896,
Deep GP,6735254,18,0.9630847958082539,0.030230084614208085,
Deep GP,6735254,19,0.9546952017984529,0.03668370918171348,
Deep GP,1112898,0,0.41718020310826703,0.0009417443150301232,
Deep GP,1112898,1,0.8236659426963362,0.0004816469672349299,
Deep GP,1112898,2,0.9150629187431131,0.06881570686268938,
Deep GP,1112898,3,0.9546952017984529,0.1592007599848157,
Deep GP,1112898,4,0.9882556814220955,0.2735592961840905,
Deep GP,1112898,5,0.9672171210151653,0.12489477528883951,
Deep GP,1112898,6,0.9382793281076746,0.12814184965827852,
Deep GP,1112898,7,0.8949429590445956,0.13165364078635705,
Deep GP,1112898,8,0.8835996595495038,0.11022292183403833,
Deep GP,1112898,9,0.8979315667235949,0.11730523280568038,
Deep GP,1112898,10,0.950857092165703,0.06980946106755159,
Deep GP,1112898,11,0.950857092165703,0.08296644293239092,
Deep GP,1112898,12,0.950857092165703,0.08607257414389151,
Deep GP,1112898,13,0.9522884016395603,0.1077923781802357,
Deep GP,1112898,14,0.950857092165703,0.12015928958372468,
Deep GP,1112898,15,0.950857092165703,0.10962457401790184,
Deep GP,1112898,16,0.950857092165703,0.11210509405256734,
Deep GP,1112898,17,0.950857092165703,0.09563177946191345,
Deep GP,1112898,18,0.950857092165703,0.067884697085873,
Deep GP,1112898,19,0.950857092165703,0.09121041790161838,
Deep GP,5609958,0,0.9797770844884186,0.000779949410154156,
Deep GP,5609958,1,0.8950473128093434,0.007528505379900175,
Deep GP,5609958,2,0.9401933170134235,0.05405031376828627,
Deep GP,5609958,3,0.8878457713665732,0.09265106019601348,
Deep GP,5609958,4,0.9180920137656435,0.023523834506786915,
Deep GP,5609958,5,0.9562200408968768,0.0013554772347643999,
Deep GP,5609958,6,0.3017829395893686,0.022021864940557023,
Deep GP,5609958,7,0.9297860793089677,0.05166876496260734,
Deep GP,5609958,8,0.910333435175223,0.04380944661785415,
Deep GP,5609958,9,0.9909144723573827,0.020806141951571905,
Deep GP,5609958,10,0.9232668447985519,0.057811275574706195,
Deep GP,5609958,11,0.8849562718050507,0.08386464277958892,
Deep GP,5609958,12,0.8833368579467535,0.08383188964813416,
Deep GP,5609958,13,0.8800236592005751,0.08267232051384425,
Deep GP,5609958,14,0.8800236592005751,0.04628882332660441,
Deep GP,5609958,15,0.8800236592005751,0.04155161733105668,
Deep GP,5609958,16,0.8800236592005751,0.05456787540798493,
Deep GP,5609958,17,0.8800236592005751,0.0789451782044664,
Deep GP,5609958,18,0.8833368579467535,0.10360524162213351,
Deep GP,5609958,19,0.8800236592005751,0.15118019331865518,
Deep GP,4736968,0,0.838376175537571,0.0012408597245891129,
Deep GP,4736968,1,0.8871138837478291,0.05533540287359783,
Deep GP,4736968,2,0.8940781062499731,0.03937533212069043,
Deep GP,4736968,3,0.44839707664604284,0.0038468701886925387,
Deep GP,4736968,4,0.9385023479996483,0.002742682706461249,
Deep GP,4736968,5,0.957546643789609,0.05768688883972067,
Deep GP,4736968,6,0.950857092165703,0.04972086944420062,
Deep GP,4736968,7,0.9361014791500433,0.020738057553804076,
Deep GP,4736968,8,0.9361014791500433,0.02895606042152661,
Deep GP,4736968,9,0.9660587449653103,0.08572136766200972,
Deep GP,4736968,10,0.9203742164880226,0.06364411510220473,
Deep GP,4736968,11,0.9361014791500433,0.03780211989543603,
Deep GP,4736968,12,0.9335124992590856,0.03118980770423379,
Deep GP,4736968,13,0.9224662045846105,0.024946028315794504,
Deep GP,4736968,14,0.9292178718616717,0.008406897935526552,
Deep GP,4736968,15,0.9335124992590856,0.045491390905961444,
Deep GP,4736968,16,0.958115184082544,0.0305624046216373,
Deep GP,4736968,17,0.9432032134994949,0.02835492135827118,
Deep GP,4736968,18,0.9092015736089728,0.03680143807594998,
Deep GP,4736968,19,0.9092015736089728,0.06164363557715954,
Deep GP,617977,0,0.9885921284509369,0.0013302361808078694,
Deep GP,617977,1,0.5329533958057082,0.0009161175686124991,
Deep GP,617977,2,0.962158859181957,0.006615002147113012,
Deep GP,617977,3,0.4245747550801964,0.011515571716060958,
Deep GP,617977,4,0.4857209487133865,0.015706896639842646,
Deep GP,617977,5,0.3392028309666588,0.005443852971075627,
Deep GP,617977,6,0.8849716359597481,0.11818903263671261,
Deep GP,617977,7,0.8692995191632016,0.07987082390133063,
Deep GP,617977,8,0.8891758624816023,0.06910872937425204,
Deep GP,617977,9,0.8800236592005751,0.006169815580188815,
Deep GP,617977,10,0.6883867440523014,0.0031995889562482,
Deep GP,617977,11,0.9522904919101735,0.017013082399327056,
Deep GP,617977,12,0.31743935938557866,0.004186905581673529,
Deep GP,617977,13,0.9522884016395603,0.014080070106323277,
Deep GP,617977,14,0.950857092165703,0.01715125036370338,
Deep GP,617977,15,0.9522884016395603,0.0029138028315290913,
Deep GP,617977,16,0.950857092165703,0.020127264368432516,
Deep GP,617977,17,0.950857092165703,0.01291606336621942,
Deep GP,617977,18,0.9632586078009538,0.01619828958834885,
Deep GP,617977,19,0.95808412292751,0.012039704392259416,
Deep GP,8500888,0,0.6245698768945108,0.0015923558766513012,
Deep GP,8500888,1,0.9846367572995578,0.018317025108083654,
Deep GP,8500888,2,0.9751777835068648,0.05252369706086444,
Deep GP,8500888,3,0.8881912917675344,0.20341139251193538,
Deep GP,8500888,4,0.8881912917675344,0.15399794012145793,
Deep GP,8500888,5,0.8824793277561895,0.09598369007561632,
Deep GP,8500888,6,0.8833368579467535,0.1382816076692888,
Deep GP,8500888,7,0.8953024456485705,0.09617203817283927,
Deep GP,8500888,8,0.9781883723118654,0.023081421132085476,
Deep GP,8500888,9,0.3544690491633246,0.032112232270902014,
Deep GP,8500888,10,0.9612929612520279,0.04622281276891773,
Deep GP,8500888,11,0.9549475387343122,0.06403559714120284,
Deep GP,8500888,12,0.9549475387343122,0.06370639830516907,
Deep GP,8500888,13,0.9549475387343122,0.05760974627748468,
Deep GP,8500888,14,0.9361014791500433,0.04605498126552662,
Deep GP,8500888,15,0.9401933170134235,0.040495755623132346,
Deep GP,8500888,16,0.9549475387343122,0.042892031170048035,
Deep GP,8500888,17,0.9549475387343122,0.08621233990877183,
Deep GP,8500888,18,0.9612929612520279,0.05359411645562872,
Deep GP,8500888,19,0.9549475387343122,0.04380183006387437,
Deep GP,4205117,0,0.9759675995806252,0.019209806839751747,
Deep GP,4205117,1,0.9238217783617636,0.0004008651528634676,
Deep GP,4205117,2,0.9904565632979475,0.01225666055805981,
Deep GP,4205117,3,0.9562678575013794,0.05870822427215145,
Deep GP,4205117,4,0.3383728470811807,0.006768538527875857,
Deep GP,4205117,5,0.9522904919101735,0.0008482525654166471,
Deep GP,4205117,6,0.9305074889469952,0.0036965584447244994,
Deep GP,4205117,7,0.9612297871497405,1.1372418914565607e-05,
Deep GP,4205117,8,0.9745387331937583,4.103928347117874e-05,
Deep GP,4205117,9,0.8686360379801904,4.46885060750477e-09,
Deep GP,4205117,10,0.8686360379801904,3.218637699227076e-06,
Deep GP,4205117,11,0.8686360379801904,0.0011251243846780194,
Deep GP,4205117,12,0.8686360379801904,0.008365857306131977,
Deep GP,4205117,13,0.8686360379801904,0.0074178522094667495,
Deep GP,4205117,14,0.8686360379801904,0.03673641099593349,
Deep GP,4205117,15,0.8686360379801904,0.04791820610856355,
Deep GP,4205117,16,0.732502451208424,0.0420402768936478,
Deep GP,4205117,17,0.8686360379801904,0.0387458710519013,
Deep GP,4205117,18,0.8686360379801904,0.05098632262188182,
Deep GP,4205117,19,0.8686360379801904,0.04920661142801972,
Deep GP,756214,0,0.9719602179696917,0.003128363433503788,
Deep GP,756214,1,0.3569114438348547,0.0016518165186576303,
Deep GP,756214,2,0.899480151029907,0.002717871066149729,
Deep GP,756214,3,0.9487560306969953,0.04445042300756507,
Deep GP,756214,4,0.9634547537360325,0.17562298941331053,
Deep GP,756214,5,0.9634547537360325,0.12330667092709273,
Deep GP,756214,6,0.9525278241646253,0.04689420469455735,
Deep GP,756214,7,0.9693869417359833,0.02082435284957575,
Deep GP,756214,8,0.9525278241646253,0.0005738844042370216,
Deep GP,756214,9,0.9525278241646253,0.02079924058603457,
Deep GP,756214,10,0.9477229444025829,0.015610533053615943,
Deep GP,756214,11,0.9253019429185173,0.0004105909463500183,
Deep GP,756214,12,0.890583772907036,0.00147847573355677,
Deep GP,756214,13,0.9271782470410156,0.0011848220490010143,
Deep GP,756214,14,0.9525278241646253,0.008361037351116415,
Deep GP,756214,15,0.9310488024666578,0.005545446367090562,
Deep GP,756214,16,0.9735105397302395,1.5474264072617192e-05,
Deep GP,756214,17,0.9661254072898946,0.002315871797614655,
Deep GP,756214,18,0.9304729262558386,0.003527407157297952,
Deep GP,756214,19,0.9741289935552031,0.0004050414080883313,
Deep GP,4283694,0,0.9508372013103148,0.0005698847559702545,
Deep GP,4283694,1,0.9636233267383743,0.00031797836794170576,
Deep GP,4283694,2,0.2779885770572004,0.010791815820263588,
Deep GP,4283694,3,0.9749879150405382,0.0006755442389318342,
Deep GP,4283694,4,0.9041506543505614,0.18690914720666627,
Deep GP,4283694,5,0.8966468491260778,0.3131427112792956,
Deep GP,4283694,6,0.9610978604522558,0.12373401528110013,
Deep GP,4283694,7,0.8966468491260778,0.15708608268548938,
Deep GP,4283694,8,0.8874157747424267,0.12061932232228786,
Deep GP,4283694,9,0.8881912917675344,0.1108006231197129,
Deep GP,4283694,10,0.9614999246703749,0.053406736300705214,
Deep GP,4283694,11,0.8849562718050507,0.06772957363411766,
Deep GP,4283694,12,0.910333435175223,0.1053689055935453,
Deep GP,4283694,13,0.9665679521946323,0.09737221951540007,
Deep GP,4283694,14,0.9666042523400247,0.09076116906802949,
Deep GP,4283694,15,0.9549796450246527,0.07224315423929986,
Deep GP,4283694,16,0.9613714861951872,0.05957055042514071,
Deep GP,4283694,17,0.9549796450246527,0.04622275457311429,
Deep GP,4283694,18,0.9761414049164123,0.080237814055113,
Deep GP,4283694,19,0.9596892377371545,0.07904297640034091,
Deep GP,7449696,0,0.8966859385179252,0.03652642677817357,
Deep GP,7449696,1,0.9228253450291208,0.11895118018665396,
Deep GP,7449696,2,0.0,0.059456171179511554,
Deep GP,7449696,3,0.9902750758848116,0.010552150264831757,
Deep GP,7449696,4,0.9382793281076746,0.002211503845054377,
Deep GP,7449696,5,0.9546934510303916,0.005752357986017924,
Deep GP,7449696,6,0.5938301176095421,0.00018389871029686548,
Deep GP,7449696,7,0.9559415289799644,0.04853555723498883,
Deep GP,7449696,8,0.9563058951010075,0.016056976464303107,
Deep GP,7449696,9,0.9672534211605577,0.027827473050811687,
Deep GP,7449696,10,0.9562200408968768,0.0367150947510076,
Deep GP,7449696,11,0.9584052191154795,0.0334057337114695,
Deep GP,7449696,12,0.9701935132592122,0.029671867544923985,
Deep GP,7449696,13,0.9781883723118654,0.03930923059779702,
Deep GP,7449696,14,0.985314191371757,0.02184579765092566,
Deep GP,7449696,15,0.9734690072514017,0.03301527898650895,
Deep GP,7449696,16,0.9673658031621187,0.025747144409978738,
Deep GP,7449696,17,0.9781883723118654,0.008862268834342218,
Deep GP,7449696,18,0.9871147531406382,0.019451908448508262,
Deep GP,7449696,19,0.9871147531406382,0.013217077065676208,
Deep GP,9848369,0,0.9853288498936997,0.01921858952782694,
Deep GP,9848369,1,0.45468386507598757,0.0001225380495728833,
Deep GP,9848369,2,0.43663425850752124,0.020378160077673,
Deep GP,9848369,3,0.9442851615337164,0.02096172675526514,
Deep GP,9848369,4,0.9390516964130371,0.11611190094384032,
Deep GP,9848369,5,0.9653122054815363,0.15015157580253463,
Deep GP,9848369,6,0.8894505267029275,0.2271883206266153,
Deep GP,9848369,7,0.8966635979186337,0.21511950351952738,
Deep GP,9848369,8,0.8800236592005751,0.07883024308242757,
Deep GP,9848369,9,0.8931507716719923,0.21229881753005123,
Deep GP,9848369,10,0.8996183485392311,0.12836834473256917,
Deep GP,9848369,11,0.8931507716719923,0.12283601034390011,
Deep GP,9848369,12,0.9586962926268088,0.1286705477561108,
Deep GP,9848369,13,0.9006849457325807,0.15473241597023,
Deep GP,9848369,14,0.8833602370244388,0.17828752089666913,
Deep GP,9848369,15,0.9710196294783648,0.24420531736569803,
Deep GP,9848369,16,0.9625647644387506,0.24835117375049504,
Deep GP,9848369,17,0.9685342977194003,0.23422151892021648,
Deep GP,9848369,18,0.9710196294783648,0.20197774885245393,
Deep GP,9848369,19,0.898130155745664,0.2497178011292072,
ADD GP-UCB (hot),9049607,0,0.5312396934347875,0.0,0.0
ADD GP-UCB (hot),9049607,1,0.9304729262558386,0.08538453707783504,0.5806760630444594
ADD GP-UCB (hot),9049607,2,0.9525278241646253,0.03041288106749715,0.5746082398007093
ADD GP-UCB (hot),9049607,3,0.9563058951010075,0.09485009983711318,0.37971523481157726
ADD GP-UCB (hot),9049607,4,0.94895077868039,0.2336357746852283,0.47492726330382395
ADD GP-UCB (hot),9049607,5,0.9060915172132055,0.25789219951831266,0.3732844525162483
ADD GP-UCB (hot),9049607,6,0.9060915172132055,0.23837655433188876,0.4312558719003118
ADD GP-UCB (hot),9049607,7,0.9360414471105883,0.21996582608041917,0.36064913767751977
ADD GP-UCB (hot),9049607,8,0.910333435175223,0.2780489775123711,0.3899673157009987
ADD GP-UCB (hot),9049607,9,0.9060915172132055,0.23325873116119117,0.3395480935264796
ADD GP-UCB (hot),9049607,10,0.9235282484496183,0.24091719741656775,0.3624655822906169
ADD GP-UCB (hot),9049607,11,0.9195648557183387,0.23831417740839506,0.36750652207541973
ADD GP-UCB (hot),9049607,12,0.9739974130171829,0.27252358639587937,0.35387268529646654
ADD GP-UCB (hot),9049607,13,0.9739974130171829,0.26754114217055835,0.3538810806941316
ADD GP-UCB (hot),9049607,14,0.964392200164527,0.29609424588260913,0.3310222452017179
ADD GP-UCB (hot),9049607,15,0.964392200164527,0.2787993397959159,0.31441521240904835
ADD GP-UCB (hot),9049607,16,0.9060915172132055,0.27200689931194216,0.4117748086529092
ADD GP-UCB (hot),9049607,17,0.9235282484496183,0.21119093872595207,0.4082040240919446
ADD GP-UCB (hot),9049607,18,0.9235282484496183,0.23505990348022826,0.42035504374686294
ADD GP-UCB (hot),9049607,19,0.9060915172132055,0.4485953001496388,0.37061005308451583
ADD GP-UCB (hot),2402697,0,0.5572185884650187,0.0,0.0
ADD GP-UCB (hot),2402697,1,0.9701181237219726,0.00475972561183589,0.061918873822235744
ADD GP-UCB (hot),2402697,2,0.9521756668216218,0.012270596131756404,0.22614175966979436
ADD GP-UCB (hot),2402697,3,0.9236458760984505,0.0029179978719474126,0.32934019664566616
ADD GP-UCB (hot),2402697,4,0.9640201519661352,0.01344338533340046,0.30928887900617535
ADD GP-UCB (hot),2402697,5,0.9640201519661352,0.010709342607151156,0.29968725382544015
ADD GP-UCB (hot),2402697,6,0.9640201519661352,0.01906988864085772,0.31278786613809906
ADD GP-UCB (hot),2402697,7,0.9640201519661352,0.02058396183411895,0.31394943092466737
ADD GP-UCB (hot),2402697,8,0.9640201519661352,0.01962153023465459,0.31058714604793175
ADD GP-UCB (hot),2402697,9,0.9309004731360817,0.02293810054343169,0.3325693729586637
ADD GP-UCB (hot),2402697,10,0.9309004731360817,0.022198854325114703,0.3319143082263172
ADD GP-UCB (hot),2402697,11,0.9309004731360817,0.03527642730671377,0.38609776286727276
ADD GP-UCB (hot),2402697,12,0.9309004731360817,0.033698194625462315,0.39002461538130934
ADD GP-UCB (hot),2402697,13,0.9309004731360817,0.03495114869487207,0.41524974096139844
ADD GP-UCB (hot),2402697,14,0.9309004731360817,0.03721595003611421,0.46428220684110083
ADD GP-UCB (hot),2402697,15,0.9309004731360817,0.034863949754304714,0.432621831568147
ADD GP-UCB (hot),2402697,16,0.9309004731360817,0.03497366662734181,0.462648433944967
ADD GP-UCB (hot),2402697,17,0.9309004731360817,0.03207208273762678,0.4626693252060412
ADD GP-UCB (hot),2402697,18,0.9309004731360817,0.03055155641783788,0.4810707996451634
ADD GP-UCB (hot),2402697,19,0.9309004731360817,0.029367278893600877,0.4926064014277207
ADD GP-UCB (hot),6510749,0,0.5102280269554907,0.0,0.0
ADD GP-UCB (hot),6510749,1,0.9292178718616717,0.09207764431226016,0.24040819815254216
ADD GP-UCB (hot),6510749,2,0.9521756668216218,0.11899520869042607,0.23608023367135572
ADD GP-UCB (hot),6510749,3,0.9647775155900903,0.1337150216556953,0.48103754785623776
ADD GP-UCB (hot),6510749,4,0.9701181237219726,0.21518199936820168,0.38547210347450755
ADD GP-UCB (hot),6510749,5,0.9647775155900903,0.15818509449534288,0.5687801458732676
ADD GP-UCB (hot),6510749,6,0.9647775155900903,0.12113019775719258,0.5818492781205771
ADD GP-UCB (hot),6510749,7,0.946106313133828,0.18790567226531774,0.29644272832555296
ADD GP-UCB (hot),6510749,8,0.9790804518797603,0.2620937013469048,0.24316505045525957
ADD GP-UCB (hot),6510749,9,0.9790804518797603,0.26834260870725024,0.24220567268855517
ADD GP-UCB (hot),6510749,10,0.9701181237219726,0.22743521751709617,0.2403266375068698
ADD GP-UCB (hot),6510749,11,0.9701181237219726,0.22737921268611896,0.24642242088915625
ADD GP-UCB (hot),6510749,12,0.9701181237219726,0.21706952032417132,0.2325985822888484
ADD GP-UCB (hot),6510749,13,0.9184406762294373,0.2584858295813495,0.36548593538924073
ADD GP-UCB (hot),6510749,14,0.9184406762294373,0.27336453626574786,0.3835674719132779
ADD GP-UCB (hot),6510749,15,0.9648539502626365,0.2532194336759241,0.4501780814666568
ADD GP-UCB (hot),6510749,16,0.9648539502626365,0.2458780410033568,0.45991705125905336
ADD GP-UCB (hot),6510749,17,0.9648539502626365,0.25197917658179175,0.4684294215391396
ADD GP-UCB (hot),6510749,18,0.9648539502626365,0.2481193839059757,0.48637289060016275
ADD GP-UCB (hot),6510749,19,0.980797948690966,0.3116469786529416,0.3475938654737449
ADD GP-UCB (hot),758529,0,0.9781025181077347,0.0,0.0
ADD GP-UCB (hot),758529,1,0.956093000373373,1.217034400255108e-05,0.29365435123666633
ADD GP-UCB (hot),758529,2,0.956093000373373,4.749972879958737e-05,0.19323879807093858
ADD GP-UCB (hot),758529,3,0.9271782470410156,0.01931562815977555,0.2314488357740317
ADD GP-UCB (hot),758529,4,0.9303643919498646,0.016235016722297768,0.2608419176720016
ADD GP-UCB (hot),758529,5,0.9213238783514693,0.02109439239159212,0.22606357279743705
ADD GP-UCB (hot),758529,6,0.9649893651824183,0.014907716484214486,0.16723770574222108
ADD GP-UCB (hot),758529,7,0.9649893651824183,0.07506493314900022,0.28367786937291817
ADD GP-UCB (hot),758529,8,0.9689866216290126,0.08758013488409325,0.25149729529368525
ADD GP-UCB (hot),758529,9,0.9338779105154351,0.06986461836919373,0.23881132527227897
ADD GP-UCB (hot),758529,10,0.9434419437056307,0.06678626089901274,0.29677100442155624
ADD GP-UCB (hot),758529,11,0.932994205343818,0.08923312928966129,0.34563101327466517
ADD GP-UCB (hot),758529,12,0.932994205343818,0.07954923392783592,0.3495092644415626
ADD GP-UCB (hot),758529,13,0.932994205343818,0.06737913680725793,0.32170417838624255
ADD GP-UCB (hot),758529,14,0.932994205343818,0.06879743287780073,0.3571402224020099
ADD GP-UCB (hot),758529,15,0.9262725474295715,0.06630494666723706,0.5854510991342193
ADD GP-UCB (hot),758529,16,0.9338779105154351,0.05902758713541261,0.5691189331481791
ADD GP-UCB (hot),758529,17,0.9286887671200486,0.03272886723559536,0.39474494046604425
ADD GP-UCB (hot),758529,18,0.9195404248484341,0.0286858826737044,0.39675312927739537
ADD GP-UCB (hot),758529,19,0.9195404248484341,0.02563560494743333,0.3956928916274719
ADD GP-UCB (hot),3523986,0,0.9651879542044874,0.0,0.0
ADD GP-UCB (hot),3523986,1,0.9014388144773261,0.29058604872562704,0.5565667186385111
ADD GP-UCB (hot),3523986,2,0.894258894687267,0.237311665620779,0.35112661297742215
ADD GP-UCB (hot),3523986,3,0.8953024456485705,0.329872956961947,0.4540392745116888
ADD GP-UCB (hot),3523986,4,0.9014388144773261,0.4111450007199072,0.4158017924877872
ADD GP-UCB (hot),3523986,5,0.8991136746675125,0.39737203014783773,0.38662730764030545
ADD GP-UCB (hot),3523986,6,0.8996183485392311,0.2662689245649065,0.4050614292702255
ADD GP-UCB (hot),3523986,7,0.8996183485392311,0.24690824106087347,0.4250617485624775
ADD GP-UCB (hot),3523986,8,0.8996183485392311,0.23835914911918557,0.40947917336278405
ADD GP-UCB (hot),3523986,9,0.8996183485392311,0.259914585243274,0.3922749251986636
ADD GP-UCB (hot),3523986,10,0.8996183485392311,0.3153307358822036,0.4033531397516719
ADD GP-UCB (hot),3523986,11,0.8916360577379076,0.37672574241146617,0.3391794386658694
ADD GP-UCB (hot),3523986,12,0.8805611516523016,0.3744732699129062,0.34165568075737246
ADD GP-UCB (hot),3523986,13,0.8805611516523016,0.35371929625242965,0.34270207445526824
ADD GP-UCB (hot),3523986,14,0.8852766690171782,0.3462850011270143,0.3277664433998822
ADD GP-UCB (hot),3523986,15,0.8852766690171782,0.3800857035734907,0.3124350342426564
ADD GP-UCB (hot),3523986,16,0.8807468262635766,0.42890315555107783,0.38888204153449646
ADD GP-UCB (hot),3523986,17,0.8881912917675344,0.515840265409962,0.3971487796511143
ADD GP-UCB (hot),3523986,18,0.8881912917675344,0.48671305470302384,0.38060462384944793
ADD GP-UCB (hot),3523986,19,0.8881912917675344,0.47691650133920854,0.3735887965128292
ADD GP-UCB (hot),3224638,0,0.9631863603265466,0.0,0.0
ADD GP-UCB (hot),3224638,1,0.910333435175223,0.09784309204916367,0.3792319950003964
ADD GP-UCB (hot),3224638,2,0.980797948690966,0.07110227176155964,0.17895823314477932
ADD GP-UCB (hot),3224638,3,0.9184406762294373,0.05124590761420338,0.16322156143734154
ADD GP-UCB (hot),3224638,4,0.9070338564725935,0.17755662568561678,0.32394750856729915
ADD GP-UCB (hot),3224638,5,0.969020824846879,0.14675439860078673,0.3552782511513056
ADD GP-UCB (hot),3224638,6,0.969020824846879,0.1516393908380264,0.37291530934955
ADD GP-UCB (hot),3224638,7,0.969020824846879,0.17780609968845876,0.3295603307341507
ADD GP-UCB (hot),3224638,8,0.969020824846879,0.19750338939685327,0.3693814247657794
ADD GP-UCB (hot),3224638,9,0.9235282484496183,0.20648597367517513,0.48251720879268795
ADD GP-UCB (hot),3224638,10,0.9235282484496183,0.19764339072898338,0.5066923425579098
ADD GP-UCB (hot),3224638,11,0.910333435175223,0.2860678296603911,0.4224508883107968
ADD GP-UCB (hot),3224638,12,0.910333435175223,0.2677724111345365,0.4562622277446899
ADD GP-UCB (hot),3224638,13,0.8952172904202818,0.28562033824532407,0.5072409840681676
ADD GP-UCB (hot),3224638,14,0.8952172904202818,0.2662292457699975,0.4958024238178216
ADD GP-UCB (hot),3224638,15,0.896153345554005,0.2670775972364489,0.501125427755116
ADD GP-UCB (hot),3224638,16,0.896153345554005,0.29791489666278714,0.45694361851812526
ADD GP-UCB (hot),3224638,17,0.896153345554005,0.318673696628925,0.4538923811804514
ADD GP-UCB (hot),3224638,18,0.896153345554005,0.2955901596063207,0.5530364430848168
ADD GP-UCB (hot),3224638,19,0.8952172904202818,0.2753304083424885,0.5654604110828712
ADD GP-UCB (hot),9729091,0,0.33130251338931493,0.0,0.0
ADD GP-UCB (hot),9729091,1,0.732502451208424,0.0008181059046152407,0.28037987014247506
ADD GP-UCB (hot),9729091,2,0.8807468262635766,0.0935621752480243,0.3126176390089766
ADD GP-UCB (hot),9729091,3,0.9791355977452344,0.07452026923372283,0.32157431855358726
ADD GP-UCB (hot),9729091,4,0.8910748400490311,0.053924587919347636,0.31852309944950535
ADD GP-UCB (hot),9729091,5,0.8910748400490311,0.06443391907880683,0.30202542954054
ADD GP-UCB (hot),9729091,6,0.9898827840146541,0.07921916082852853,0.3456729958640478
ADD GP-UCB (hot),9729091,7,0.9940887513192004,0.07356775446679488,0.3033043441410157
ADD GP-UCB (hot),9729091,8,0.9791355977452344,0.09298523110473725,0.28573141258178064
ADD GP-UCB (hot),9729091,9,0.9940887513192004,0.07406463824588864,0.29457505037567505
ADD GP-UCB (hot),9729091,10,0.9899752751608271,0.08219968285984444,0.360259952144438
ADD GP-UCB (hot),9729091,11,0.982696586755843,0.08443157110816726,0.3558357000981391
ADD GP-UCB (hot),9729091,12,0.982696586755843,0.0750573607805891,0.3415123140681936
ADD GP-UCB (hot),9729091,13,0.8927246360572586,0.06718281199597947,0.34522775418010404
ADD GP-UCB (hot),9729091,14,0.8859157193302848,0.08374785262946075,0.3712920308940189
ADD GP-UCB (hot),9729091,15,0.90166741286221,0.19514522493942107,0.37007569897825304
ADD GP-UCB (hot),9729091,16,0.90166741286221,0.17725654662666432,0.36776591821726473
ADD GP-UCB (hot),9729091,17,0.898130155745664,0.3375786777789715,0.3984616580606166
ADD GP-UCB (hot),9729091,18,0.898130155745664,0.3865600626811012,0.3997200198801714
ADD GP-UCB (hot),9729091,19,0.898130155745664,0.3618715111664219,0.436471540199821
ADD GP-UCB (hot),5830471,0,0.5365199566523142,0.0,0.0
ADD GP-UCB (hot),5830471,1,0.890583772907036,0.013647484950756253,0.3212364392528254
ADD GP-UCB (hot),5830471,2,0.899694090892848,0.052094466255565235,0.0918716850700202
ADD GP-UCB (hot),5830471,3,0.899694090892848,0.054940780781526595,0.06232729666292875
ADD GP-UCB (hot),5830471,4,0.910333435175223,0.07153828245749339,0.17743101774904813
ADD GP-UCB (hot),5830471,5,0.9207298553964104,0.08568348407374354,0.12132739544069042
ADD GP-UCB (hot),5830471,6,0.9195404248484341,0.0916901272354537,0.06708749674426821
ADD GP-UCB (hot),5830471,7,0.9195404248484341,0.09574675844046805,0.07069067714437745
ADD GP-UCB (hot),5830471,8,0.9195404248484341,0.08411370743235627,0.06146236564480013
ADD GP-UCB (hot),5830471,9,0.9195404248484341,0.1217287788319696,0.26198708247709324
ADD GP-UCB (hot),5830471,10,0.8899265891635152,0.12570645240321718,0.3776902845767799
ADD GP-UCB (hot),5830471,11,0.9373251262297115,0.12380623507989473,0.4052484185077222
ADD GP-UCB (hot),5830471,12,0.9309664431417369,0.12303150101044948,0.40194978705617335
ADD GP-UCB (hot),5830471,13,0.8949719299290165,0.33849670737134074,0.31070088822587544
ADD GP-UCB (hot),5830471,14,0.8949747258323844,0.34143835415059104,0.3545372306963614
ADD GP-UCB (hot),5830471,15,0.8810019457889781,0.2994325813304056,0.3341393609498054
ADD GP-UCB (hot),5830471,16,0.8949747258323844,0.27173659059508604,0.3134166776170257
ADD GP-UCB (hot),5830471,17,0.8949719299290165,0.30534090130178965,0.31002720847680065
ADD GP-UCB (hot),5830471,18,0.8849147459831256,0.2820715866469722,0.3018383504733206
ADD GP-UCB (hot),5830471,19,0.8949719299290165,0.25019352583394516,0.28044894884391464
ADD GP-UCB (hot),5343420,0,0.3621808429707235,0.0,0.0
ADD GP-UCB (hot),5343420,1,0.9376406306109454,0.12265928576225917,0.29587395451023757
ADD GP-UCB (hot),5343420,2,0.9376406306109454,0.19949775894207877,0.38405958950779384
ADD GP-UCB (hot),5343420,3,0.9376406306109454,0.18362943236601975,0.34104790346902625
ADD GP-UCB (hot),5343420,4,0.9376406306109454,0.18787462552107964,0.18374344886209912
ADD GP-UCB (hot),5343420,5,0.9701935132592122,0.19857443010252065,0.23302156100910087
ADD GP-UCB (hot),5343420,6,0.9701935132592122,0.2194279578815498,0.2709530152235028
ADD GP-UCB (hot),5343420,7,0.9701935132592122,0.22814299551770945,0.23116410409304441
ADD GP-UCB (hot),5343420,8,0.9382793281076746,0.33207799272834143,0.3481866394764665
ADD GP-UCB (hot),5343420,9,0.9382793281076746,0.32392534688126506,0.3609615684748223
ADD GP-UCB (hot),5343420,10,0.9382793281076746,0.3065672897340004,0.36131959747959874
ADD GP-UCB (hot),5343420,11,0.9382793281076746,0.2731035832106169,0.37022984265189296
ADD GP-UCB (hot),5343420,12,0.9382793281076746,0.25987914937573736,0.37298135418145706
ADD GP-UCB (hot),5343420,13,0.9382793281076746,0.271096862430754,0.37083127419185824
ADD GP-UCB (hot),5343420,14,0.9382793281076746,0.26944847727997084,0.371152499218598
ADD GP-UCB (hot),5343420,15,0.9382793281076746,0.26922998236027995,0.348191415218959
ADD GP-UCB (hot),5343420,16,0.9382793281076746,0.26337187477970647,0.3610112791376477
ADD GP-UCB (hot),5343420,17,0.9382793281076746,0.26794804850351567,0.37040705096659277
ADD GP-UCB (hot),5343420,18,0.9142497235916676,0.2536936904981924,0.370597589304833
ADD GP-UCB (hot),5343420,19,0.9142497235916676,0.23960268278355543,0.4018130255932757
ADD GP-UCB (hot),2417321,0,0.4862427441647766,0.0,0.0
ADD GP-UCB (hot),2417321,1,0.44329623054177736,0.01694072390019172,0.2711292086784598
ADD GP-UCB (hot),2417321,2,0.8952172904202818,0.05893817778504158,0.4053075781496356
ADD GP-UCB (hot),2417321,3,0.9305074889469952,0.062269625428739615,0.3110862019965427
ADD GP-UCB (hot),2417321,4,0.9305074889469952,0.02611954537996809,0.331219157234817
ADD GP-UCB (hot),2417321,5,0.8876967364032423,0.03320875736999095,0.3613616071259323
ADD GP-UCB (hot),2417321,6,0.8881912917675344,0.049107046919464575,0.20412486455101575
ADD GP-UCB (hot),2417321,7,0.8807468262635766,0.06823170676951132,0.257974016694816
ADD GP-UCB (hot),2417321,8,0.878361654414308,0.049730915805282855,0.28368225398559793
ADD GP-UCB (hot),2417321,9,0.878361654414308,0.05116221446698341,0.2844838389042263
ADD GP-UCB (hot),2417321,10,0.878361654414308,0.06820903064792473,0.2998468959487489
ADD GP-UCB (hot),2417321,11,0.878361654414308,0.05633122440692924,0.2788047173307657
ADD GP-UCB (hot),2417321,12,0.878361654414308,0.04790952311906538,0.28007801370626195
ADD GP-UCB (hot),2417321,13,0.878361654414308,0.05545742414147399,0.2816337123949083
ADD GP-UCB (hot),2417321,14,0.878361654414308,0.04308585275885949,0.2897584164909982
ADD GP-UCB (hot),2417321,15,0.878361654414308,0.04095186845071281,0.28154587804647185
ADD GP-UCB (hot),2417321,16,0.878361654414308,0.033482925034490546,0.2830166468994801
ADD GP-UCB (hot),2417321,17,0.9041506543505614,0.0896973146767132,0.3826275962729455
ADD GP-UCB (hot),2417321,18,0.8992414208237711,0.06895563321099106,0.39442767889698727
ADD GP-UCB (hot),2417321,19,0.8992414208237711,0.13896034624067286,0.44914797530175077
ADD GP-UCB (hot),9891788,0,0.9766642321892834,0.0,0.0
ADD GP-UCB (hot),9891788,1,0.9766642321892834,0.1080413561114874,0.45303095672405247
ADD GP-UCB (hot),9891788,2,0.9601366754727859,0.12648464115430869,0.4331460518511201
ADD GP-UCB (hot),9891788,3,0.9617923961333882,0.08977139822250232,0.35121250969201157
ADD GP-UCB (hot),9891788,4,0.9601366754727859,0.08097431775414986,0.3644392114029492
ADD GP-UCB (hot),9891788,5,0.9617923961333882,0.07225954323639595,0.34105057546076906
ADD GP-UCB (hot),9891788,6,0.9617923961333882,0.06414802169985376,0.3495358053067459
ADD GP-UCB (hot),9891788,7,0.9617923961333882,0.10158684197689119,0.3638074939254852
ADD GP-UCB (hot),9891788,8,0.9601366754727859,0.1328236256628197,0.38292333054782923
ADD GP-UCB (hot),9891788,9,0.9601366754727859,0.1236060216095776,0.38586262284662254
ADD GP-UCB (hot),9891788,10,0.9617923961333882,0.10496771048495114,0.353238006959667
ADD GP-UCB (hot),9891788,11,0.9672115358653425,0.10304250375657116,0.37550323676383063
ADD GP-UCB (hot),9891788,12,0.9672115358653425,0.12246560171335845,0.42098357312587115
ADD GP-UCB (hot),9891788,13,0.9672115358653425,0.1258282109169,0.3708032302224026
ADD GP-UCB (hot),9891788,14,0.9672115358653425,0.11242168429467608,0.3556811894383794
ADD GP-UCB (hot),9891788,15,0.9729336183841137,0.10530931395525463,0.3597802440656179
ADD GP-UCB (hot),9891788,16,0.9729336183841137,0.12423633622248872,0.3810216989986425
ADD GP-UCB (hot),9891788,17,0.9729336183841137,0.10108474263497409,0.37177159610760707
ADD GP-UCB (hot),9891788,18,0.9729336183841137,0.08834594786851481,0.372159261705279
ADD GP-UCB (hot),9891788,19,0.9745286146863319,0.16275147277920407,0.5636648394514214
ADD GP-UCB (hot),9314146,0,0.46378860456888954,0.0,0.0
ADD GP-UCB (hot),9314146,1,0.9437511706181124,0.002747488631739298,0.035448796774293946
ADD GP-UCB (hot),9314146,2,0.9386049576532476,0.007255033282792973,0.2206049008183641
ADD GP-UCB (hot),9314146,3,0.9310488024666578,0.0018926370737912036,0.4877396950481213
ADD GP-UCB (hot),9314146,4,0.9310488024666578,0.000806838414522484,0.5418229555671918
ADD GP-UCB (hot),9314146,5,0.9672534211605577,0.0007240710322498774,0.5383614388405206
ADD GP-UCB (hot),9314146,6,0.94895077868039,0.0010631143216768986,0.5086494191978969
ADD GP-UCB (hot),9314146,7,0.989060508834176,0.04099097193528588,0.407519822396066
ADD GP-UCB (hot),9314146,8,0.9752322237395842,0.0373522279566245,0.4281199245420116
ADD GP-UCB (hot),9314146,9,0.9757435345533448,0.029404816451698377,0.43705350554259037
ADD GP-UCB (hot),9314146,10,0.9706374561156339,0.02556945605371888,0.3951422549934891
ADD GP-UCB (hot),9314146,11,0.9696944245373166,0.035156444981107864,0.3653350682987145
ADD GP-UCB (hot),9314146,12,0.9712297349595443,0.049507177738783686,0.3720661469026388
ADD GP-UCB (hot),9314146,13,0.9721664890691095,0.03626647549581321,0.3920307941711467
ADD GP-UCB (hot),9314146,14,0.9721664890691095,0.055614274344310856,0.35379837401962877
ADD GP-UCB (hot),9314146,15,0.9721664890691095,0.04655522367074589,0.3547691150496559
ADD GP-UCB (hot),9314146,16,0.9721664890691095,0.0451732834717122,0.3284694419223033
ADD GP-UCB (hot),9314146,17,0.9721664890691095,0.03554486943745303,0.3247899157397846
ADD GP-UCB (hot),9314146,18,0.9694249859925241,0.03077614207070026,0.32157807743161637
ADD GP-UCB (hot),9314146,19,0.9694249859925241,0.02757119142340805,0.3134447880629444
ADD GP-UCB (hot),9488226,0,0.2894494908872988,0.0,0.0
ADD GP-UCB (hot),9488226,1,0.9733325405394005,0.04703799438842475,0.14956521802017927
ADD GP-UCB (hot),9488226,2,0.962214005047431,0.08248188565819335,0.30511348908037694
ADD GP-UCB (hot),9488226,3,0.9640201519661352,0.1356521594616654,0.33835962810967274
ADD GP-UCB (hot),9488226,4,0.9525278241646253,0.10035285447774465,0.2569692502752484
ADD GP-UCB (hot),9488226,5,0.9630847958082539,0.15108501084755713,0.21994202018141465
ADD GP-UCB (hot),9488226,6,0.9525278241646253,0.12987050520494045,0.2221650611702843
ADD GP-UCB (hot),9488226,7,0.9525278241646253,0.1369253304914909,0.2179218403880296
ADD GP-UCB (hot),9488226,8,0.962183642868239,0.13286985547550834,0.23216974595056536
ADD GP-UCB (hot),9488226,9,0.926554547568781,0.12108610495371934,0.24533793003921864
ADD GP-UCB (hot),9488226,10,0.926554547568781,0.16580255854649298,0.41595875197446025
ADD GP-UCB (hot),9488226,11,0.926554547568781,0.15372512796185495,0.4148799398846797
ADD GP-UCB (hot),9488226,12,0.9298726324889404,0.14623904739283247,0.40350289212321777
ADD GP-UCB (hot),9488226,13,0.896153345554005,0.2248411926827194,0.5691197007837635
ADD GP-UCB (hot),9488226,14,0.896153345554005,0.20666124141098316,0.5667872871420301
ADD GP-UCB (hot),9488226,15,0.903982074691307,0.2113576720199839,0.5461550661996164
ADD GP-UCB (hot),9488226,16,0.9004127046275077,0.21428203389274833,0.5723630649588767
ADD GP-UCB (hot),9488226,17,0.9004127046275077,0.21292912931349162,0.5776774483248066
ADD GP-UCB (hot),9488226,18,0.8878457713665732,0.3517626645945841,0.5373263113895266
ADD GP-UCB (hot),9488226,19,0.8876967364032423,0.3983851482542761,0.5476226551498808
ADD GP-UCB (hot),2697408,0,0.9399280723236827,0.0,0.0
ADD GP-UCB (hot),2697408,1,0.4155684846411442,0.1397943477639976,0.38135612054557666
ADD GP-UCB (hot),2697408,2,0.4155684846411442,0.15920530436709948,0.27644988099611517
ADD GP-UCB (hot),2697408,3,0.9298143445606339,0.15586763019692032,0.2225852777059816
ADD GP-UCB (hot),2697408,4,0.9692958485414944,0.1412874846250786,0.2294025556102903
ADD GP-UCB (hot),2697408,5,0.9692958485414944,0.16346907978751019,0.2612402253334467
ADD GP-UCB (hot),2697408,6,0.9610912301671263,0.17529447907310666,0.3465036460358003
ADD GP-UCB (hot),2697408,7,0.9610912301671263,0.2314571720150139,0.3930015720376775
ADD GP-UCB (hot),2697408,8,0.9792800926940489,0.28685670628795057,0.37033079670028346
ADD GP-UCB (hot),2697408,9,0.9792800926940489,0.2698524731553416,0.2930679799837969
ADD GP-UCB (hot),2697408,10,0.9792800926940489,0.26813952755320913,0.307027444460102
ADD GP-UCB (hot),2697408,11,0.9715989939114811,0.2555123538266449,0.3594175462821514
ADD GP-UCB (hot),2697408,12,0.9750161869491172,0.33004958162270853,0.4898512378559208
ADD GP-UCB (hot),2697408,13,0.9129011262591085,0.4454504144764075,0.4890317417944329
ADD GP-UCB (hot),2697408,14,0.9129011262591085,0.44772472974940974,0.48062305881207135
ADD GP-UCB (hot),2697408,15,0.902082737650588,0.47774838672826114,0.5106147065712958
ADD GP-UCB (hot),2697408,16,0.9206115487424745,0.5153834950083728,0.37884345710690864
ADD GP-UCB (hot),2697408,17,0.9167978699796293,0.5354311554649464,0.5689589509526534
ADD GP-UCB (hot),2697408,18,0.9167978699796293,0.5318649757658612,0.45091700873120255
ADD GP-UCB (hot),2697408,19,0.9167978699796293,0.5333269154851176,0.4487819259805849
ADD GP-UCB (hot),5135059,0,0.28363944392304546,0.0,0.0
ADD GP-UCB (hot),5135059,1,0.910333435175223,0.05003747088041481,0.34863523632172394
ADD GP-UCB (hot),5135059,2,0.9232668447985519,0.048467550742623725,0.368023079158032
ADD GP-UCB (hot),5135059,3,0.9184406762294373,0.07675484657641288,0.3905328136245573
ADD GP-UCB (hot),5135059,4,0.9232668447985519,0.06898043382862677,0.41499714386082653
ADD GP-UCB (hot),5135059,5,0.9232668447985519,0.05291278490015236,0.3919805025367064
ADD GP-UCB (hot),5135059,6,0.9232668447985519,0.055495406010776516,0.4345707727231203
ADD GP-UCB (hot),5135059,7,0.9320679225580567,0.05762133795983114,0.44040870000580934
ADD GP-UCB (hot),5135059,8,0.9320679225580567,0.07439569825015133,0.396402676849259
ADD GP-UCB (hot),5135059,9,0.9320679225580567,0.06478722701418976,0.39817846991004385
ADD GP-UCB (hot),5135059,10,0.9235282484496183,0.07016629533441436,0.4622005716242768
ADD GP-UCB (hot),5135059,11,0.9235282484496183,0.08059480121995065,0.3857254537871843
ADD GP-UCB (hot),5135059,12,0.9235282484496183,0.06385315650922262,0.36450047711980194
ADD GP-UCB (hot),5135059,13,0.9228853637547502,0.04578618636849585,0.3476125206087315
ADD GP-UCB (hot),5135059,14,0.9195648557183387,0.0491151106516313,0.38990555909607705
ADD GP-UCB (hot),5135059,15,0.9195648557183387,0.040614185043191406,0.3303707729695132
ADD GP-UCB (hot),5135059,16,0.9195648557183387,0.034866750477088745,0.31273996717862007
ADD GP-UCB (hot),5135059,17,0.9070338564725935,0.14349014044076136,0.3801860994511276
ADD GP-UCB (hot),5135059,18,0.9070338564725935,0.164423688148622,0.3926667784543947
ADD GP-UCB (hot),5135059,19,0.910333435175223,0.14701455040330988,0.38784534916915386
ADD GP-UCB (hot),6813578,0,0.7052842520396647,0.0,0.0
ADD GP-UCB (hot),6813578,1,0.9375655938900831,0.007305679118424151,0.14028572560742802
ADD GP-UCB (hot),6813578,2,0.9533214812770601,0.013123687931534091,0.3990505846881052
ADD GP-UCB (hot),6813578,3,0.9533214812770601,0.007428711045140208,0.330486892303393
ADD GP-UCB (hot),6813578,4,0.9533214812770601,0.02151258935581712,0.25910219081982294
ADD GP-UCB (hot),6813578,5,0.9666042523400247,0.025038415195385064,0.29980997490285355
ADD GP-UCB (hot),6813578,6,0.9737691607917636,0.04199994429343901,0.20432509638090865
ADD GP-UCB (hot),6813578,7,0.9752570074258661,0.08023042341638,0.15491339933654014
ADD GP-UCB (hot),6813578,8,0.9748186430623546,0.08452131063436821,0.20756009036185438
ADD GP-UCB (hot),6813578,9,0.9748186430623546,0.08108087187679652,0.21138771946691975
ADD GP-UCB (hot),6813578,10,0.9542271742315912,0.07463655395416438,0.22969438914837664
ADD GP-UCB (hot),6813578,11,0.9719291568146576,0.07861032112478336,0.21376174714021734
ADD GP-UCB (hot),6813578,12,0.9604703332551723,0.11282199025945759,0.3057780979763655
ADD GP-UCB (hot),6813578,13,0.9604703332551723,0.07796764052836792,0.29709139712606686
ADD GP-UCB (hot),6813578,14,0.9604703332551723,0.0648239164620385,0.29622409269997296
ADD GP-UCB (hot),6813578,15,0.9604703332551723,0.07384905238819449,0.3629949091669851
ADD GP-UCB (hot),6813578,16,0.9604703332551723,0.06413406870412204,0.36494070947057045
ADD GP-UCB (hot),6813578,17,0.9604703332551723,0.0546520126763231,0.37505326948281853
ADD GP-UCB (hot),6813578,18,0.9624091058472032,0.04652859203175764,0.36609253971595423
ADD GP-UCB (hot),6813578,19,0.9696657998123602,0.022937779136107023,0.3300073422088301
ADD GP-UCB (hot),430826,0,0.42382055348981196,0.0,0.0
ADD GP-UCB (hot),430826,1,0.878697415781133,0.00445298715482067,0.38916929994064586
ADD GP-UCB (hot),430826,2,0.8817488380891294,1.7989147121752745e-05,0.25326784200245184
ADD GP-UCB (hot),430826,3,0.8817488380891294,0.002068666122550897,0.29086345835946714
ADD GP-UCB (hot),430826,4,0.8904417277021248,0.0005104298971268119,0.2998012942933983
ADD GP-UCB (hot),430826,5,0.8904417277021248,0.0014320818656733737,0.22674859461609984
ADD GP-UCB (hot),430826,6,0.9590707839121909,4.301685850347074e-05,0.20037194953668183
ADD GP-UCB (hot),430826,7,0.8979315667235949,0.0009321126155195802,0.3709531180715342
ADD GP-UCB (hot),430826,8,0.8979315667235949,0.0005212614913713005,0.4719787451017705
ADD GP-UCB (hot),430826,9,0.8979315667235949,0.0025303806086234793,0.5096654968817905
ADD GP-UCB (hot),430826,10,0.8849210301087904,0.0029510416667167484,0.5422455508765942
ADD GP-UCB (hot),430826,11,0.8979315667235949,0.002534089825184581,0.5537624114330403
ADD GP-UCB (hot),430826,12,0.8979315667235949,0.0026424400072003135,0.5432403554065164
ADD GP-UCB (hot),430826,13,0.8849210301087904,0.002112304888566071,0.5387705048320721
ADD GP-UCB (hot),430826,14,0.8807468262635766,0.0034600356500655927,0.457800290513066
ADD GP-UCB (hot),430826,15,0.8817488380891294,0.0064752831385172195,0.4450739331981197
ADD GP-UCB (hot),430826,16,0.8770190083617748,0.004101342032177781,0.42963767100027517
ADD GP-UCB (hot),430826,17,0.8793148178138773,0.004511703525337251,0.4126316727552005
ADD GP-UCB (hot),430826,18,0.8793148178138773,0.003324826176920488,0.3941826974296978
ADD GP-UCB (hot),430826,19,0.8855297115857922,0.0019926718334294428,0.38707503939694227
ADD GP-UCB (hot),6192331,0,0.9868543879679657,0.0,0.0
ADD GP-UCB (hot),6192331,1,0.9916393735461635,0.040130284973462514,0.20375604273922177
ADD GP-UCB (hot),6192331,2,0.977226841172931,0.16635720155340192,0.25907558532556973
ADD GP-UCB (hot),6192331,3,0.9916393735461635,0.1291967877944906,0.1803123272932723
ADD GP-UCB (hot),6192331,4,0.9916393735461635,0.12971086290684108,0.1707803307166134
ADD GP-UCB (hot),6192331,5,0.9699987652758174,0.11595700579259845,0.36702620004551045
ADD GP-UCB (hot),6192331,6,0.9899752751608271,0.15211910857768757,0.37070118856258266
ADD GP-UCB (hot),6192331,7,0.9757435345533448,0.08918205950446559,0.48264793394327826
ADD GP-UCB (hot),6192331,8,0.9757435345533448,0.08285362123240744,0.48058185586947083
ADD GP-UCB (hot),6192331,9,0.9757435345533448,0.06696294113243796,0.49125225294667973
ADD GP-UCB (hot),6192331,10,0.9757435345533448,0.07498021055672088,0.4568325949394944
ADD GP-UCB (hot),6192331,11,0.9810073618532164,0.0700148887423218,0.4211594780525836
ADD GP-UCB (hot),6192331,12,0.9899752751608271,0.14128346457616048,0.34711512870220745
ADD GP-UCB (hot),6192331,13,0.9899752751608271,0.1613447126507952,0.3437337968900361
ADD GP-UCB (hot),6192331,14,0.9899752751608271,0.17865592096584812,0.34400379276178333
ADD GP-UCB (hot),6192331,15,0.9899752751608271,0.18574065738886458,0.34336785802974196
ADD GP-UCB (hot),6192331,16,0.989060508834176,0.22035183566924532,0.3498853282269213
ADD GP-UCB (hot),6192331,17,0.989060508834176,0.21791892964119353,0.35034233234405887
ADD GP-UCB (hot),6192331,18,0.982696586755843,0.2189972374898639,0.34976324561093747
ADD GP-UCB (hot),6192331,19,0.982696586755843,0.22593504649741777,0.3543473446235411
ADD GP-UCB (hot),8026546,0,0.9454906552122322,0.0,0.0
ADD GP-UCB (hot),8026546,1,0.9632586078009538,0.017643655809716757,0.18648906566641493
ADD GP-UCB (hot),8026546,2,0.9640201519661352,0.06043931610766217,0.15673909886893633
ADD GP-UCB (hot),8026546,3,0.9640201519661352,0.10136985839657134,0.3925028463865252
ADD GP-UCB (hot),8026546,4,0.9300890220957847,0.07040088414903717,0.3142938085266172
ADD GP-UCB (hot),8026546,5,0.9630847958082539,0.0745322222066039,0.3841236711638787
ADD GP-UCB (hot),8026546,6,0.9630847958082539,0.06961277263119085,0.4187509290815666
ADD GP-UCB (hot),8026546,7,0.9630847958082539,0.06106538193841034,0.39154184175510975
ADD GP-UCB (hot),8026546,8,0.950857092165703,0.3045374151228659,0.31607511484950446
ADD GP-UCB (hot),8026546,9,0.9522884016395603,0.2854882746507058,0.3315691861367245
ADD GP-UCB (hot),8026546,10,0.9522884016395603,0.062267930903500475,0.37483276609369826
ADD GP-UCB (hot),8026546,11,0.9522884016395603,0.056932193013714105,0.4014382337172235
ADD GP-UCB (hot),8026546,12,0.9672227061649882,0.19330373531420064,0.5508011336949004
ADD GP-UCB (hot),8026546,13,0.9417296792278705,0.20115578344567625,0.4535534239130252
ADD GP-UCB (hot),8026546,14,0.9417296792278705,0.20340468574963927,0.41910473846282065
ADD GP-UCB (hot),8026546,15,0.9554057939532119,0.14579343013237248,0.48344952772550953
ADD GP-UCB (hot),8026546,16,0.9554057939532119,0.13038253883533402,0.48334503373086557
ADD GP-UCB (hot),8026546,17,0.9554057939532119,0.08677328072951516,0.4892426024668447
ADD GP-UCB (hot),8026546,18,0.9554057939532119,0.07674870258054178,0.45444664538144425
ADD GP-UCB (hot),8026546,19,0.9554057939532119,0.0864670495099648,0.4584056790225949
ADD GP-UCB (hot),6735254,0,0.4275738274260866,0.0,0.0
ADD GP-UCB (hot),6735254,1,0.9647593621889378,0.1403598267876388,0.24711216483908563
ADD GP-UCB (hot),6735254,2,0.9588240321261545,0.12896894336358491,0.40266646369362363
ADD GP-UCB (hot),6735254,3,0.9672534211605577,0.14095830931634987,0.18926720895044138
ADD GP-UCB (hot),6735254,4,0.9624091058472032,0.2575614605036783,0.20978378602716918
ADD GP-UCB (hot),6735254,5,0.9624091058472032,0.20290638738478636,0.32954150013284406
ADD GP-UCB (hot),6735254,6,0.8911683829874233,0.19935818213735657,0.35991499716999087
ADD GP-UCB (hot),6735254,7,0.8849562718050507,0.22879352491938576,0.3715954453070474
ADD GP-UCB (hot),6735254,8,0.9562127116359054,0.215660617176943,0.40450496953121834
ADD GP-UCB (hot),6735254,9,0.9562127116359054,0.24260731523760165,0.3364058354596243
ADD GP-UCB (hot),6735254,10,0.9562127116359054,0.2721356565515808,0.3614441238881993
ADD GP-UCB (hot),6735254,11,0.9562127116359054,0.282403633317427,0.37800565103084127
ADD GP-UCB (hot),6735254,12,0.9562127116359054,0.27036653732277466,0.3805638982250663
ADD GP-UCB (hot),6735254,13,0.9562127116359054,0.2808778741312664,0.37998776453373106
ADD GP-UCB (hot),6735254,14,0.9562127116359054,0.2815220300115961,0.35509087322172544
ADD GP-UCB (hot),6735254,15,0.9562127116359054,0.2944133677447253,0.34680633396934335
ADD GP-UCB (hot),6735254,16,0.9562127116359054,0.2806603890992577,0.338545259131481
ADD GP-UCB (hot),6735254,17,0.963967802004029,0.2849303297815039,0.32941325019397444
ADD GP-UCB (hot),6735254,18,0.9562127116359054,0.3314986427841886,0.31911024153971773
ADD GP-UCB (hot),6735254,19,0.9562127116359054,0.33206858080569485,0.3210472357786015
ADD GP-UCB (hot),1112898,0,0.9464396247567497,0.0,0.0
ADD GP-UCB (hot),1112898,1,0.9791355977452344,0.1166258261196675,0.21544725438654083
ADD GP-UCB (hot),1112898,2,0.9791355977452344,0.17524544059614888,0.43058042295790705
ADD GP-UCB (hot),1112898,3,0.9559415289799644,0.12465261715928422,0.4270945069658193
ADD GP-UCB (hot),1112898,4,0.9559415289799644,0.16081181242689066,0.36845104572437515
ADD GP-UCB (hot),1112898,5,0.9559415289799644,0.11838896208653499,0.4268950585979143
ADD GP-UCB (hot),1112898,6,0.9559415289799644,0.17572523862729988,0.3626161537345849
ADD GP-UCB (hot),1112898,7,0.9791355977452344,0.2746036346382554,0.24702316737409385
ADD GP-UCB (hot),1112898,8,0.9108942933908093,0.2861116043136173,0.30344819031327375
ADD GP-UCB (hot),1112898,9,0.9108942933908093,0.2593401879281448,0.321815070357363
ADD GP-UCB (hot),1112898,10,0.9791355977452344,0.24979151541957453,0.2976969843069904
ADD GP-UCB (hot),1112898,11,0.974519541314212,0.2332393574823997,0.3464277552212965
ADD GP-UCB (hot),1112898,12,0.974519541314212,0.2602856314858582,0.33015908927858456
ADD GP-UCB (hot),1112898,13,0.974519541314212,0.2355230598919287,0.3152471106852585
ADD GP-UCB (hot),1112898,14,0.974519541314212,0.25285211602497387,0.30702405296240515
ADD GP-UCB (hot),1112898,15,0.9610922753024329,0.21930527991508075,0.31974478049636074
ADD GP-UCB (hot),1112898,16,0.9669996862730145,0.1834130579475651,0.333392002609765
ADD GP-UCB (hot),1112898,17,0.9669996862730145,0.2131789910279142,0.33688036655065556
ADD GP-UCB (hot),1112898,18,0.9669996862730145,0.20554458199718695,0.33225885152843154
ADD GP-UCB (hot),1112898,19,0.9669996862730145,0.2120755642565689,0.33084574020693674
ADD GP-UCB (hot),5609958,0,0.9296311063794367,0.0,0.0
ADD GP-UCB (hot),5609958,1,0.959959375257789,0.06177541794997171,0.1949895638984402
ADD GP-UCB (hot),5609958,2,0.9730610117239951,0.10473913931944874,0.3055435587928349
ADD GP-UCB (hot),5609958,3,0.9730610117239951,0.08702092295340096,0.3499303859547756
ADD GP-UCB (hot),5609958,4,0.9733325405394005,0.1861794394617107,0.2696606501503467
ADD GP-UCB (hot),5609958,5,0.9733325405394005,0.16127948054520033,0.26614968818570706
ADD GP-UCB (hot),5609958,6,0.9733325405394005,0.1537290245848863,0.2614621815726594
ADD GP-UCB (hot),5609958,7,0.9733325405394005,0.17980597885714825,0.2513873039781798
ADD GP-UCB (hot),5609958,8,0.9733325405394005,0.18438204560303403,0.2551445348395944
ADD GP-UCB (hot),5609958,9,0.9452620501704356,0.2051560101546322,0.26825724029412434
ADD GP-UCB (hot),5609958,10,0.9452620501704356,0.21423219409010508,0.2588316629125292
ADD GP-UCB (hot),5609958,11,0.9303165686884491,0.24382821401197577,0.24051042468855244
ADD GP-UCB (hot),5609958,12,0.9303165686884491,0.2740723606459119,0.2519437628840232
ADD GP-UCB (hot),5609958,13,0.9452620501704356,0.32732216105819134,0.2722232323398163
ADD GP-UCB (hot),5609958,14,0.9957636705162617,0.3297069499104313,0.315513267639581
ADD GP-UCB (hot),5609958,15,0.9699987652758174,0.30720871009868433,0.3317294402572089
ADD GP-UCB (hot),5609958,16,0.9699987652758174,0.2744296503015581,0.31937538447053476
ADD GP-UCB (hot),5609958,17,0.9984444459060067,0.27622750978550803,0.2907945241445614
ADD GP-UCB (hot),5609958,18,0.9984444459060067,0.2681332685374518,0.3001395647767887
ADD GP-UCB (hot),5609958,19,0.9957636705162617,0.2834125126839347,0.3263633313830001
ADD GP-UCB (hot),4736968,0,0.9761627003803973,0.0,0.0
ADD GP-UCB (hot),4736968,1,0.9668031875215584,0.29056727551788214,0.4740120489198346
ADD GP-UCB (hot),4736968,2,0.9668031875215584,0.3067948847719346,0.3682498884186687
ADD GP-UCB (hot),4736968,3,0.966078289661234,0.4434620147601922,0.33266060372487327
ADD GP-UCB (hot),4736968,4,0.962214005047431,0.5334122969952798,0.6257813056119537
ADD GP-UCB (hot),4736968,5,0.9584052191154795,0.5389478416238853,0.6425042972443038
ADD GP-UCB (hot),4736968,6,0.9584052191154795,0.5165919709551559,0.4848371101665065
ADD GP-UCB (hot),4736968,7,0.9674251362257318,0.49942869908951865,0.4593532942905884
ADD GP-UCB (hot),4736968,8,0.9584052191154795,0.5042591381305053,0.5129131495207996
ADD GP-UCB (hot),4736968,9,0.9584052191154795,0.5043395394260267,0.5218196286226691
ADD GP-UCB (hot),4736968,10,0.9772917593863668,0.4849447976349818,0.5141476611359218
ADD GP-UCB (hot),4736968,11,0.9772917593863668,0.47541769834455216,0.5173208372141065
ADD GP-UCB (hot),4736968,12,0.98254476920297,0.46202004140760744,0.5336173145037617
ADD GP-UCB (hot),4736968,13,0.98254476920297,0.4562689248126218,0.5347101507133445
ADD GP-UCB (hot),4736968,14,0.98254476920297,0.4492899253289828,0.5347260022776934
ADD GP-UCB (hot),4736968,15,0.9673658031621187,0.44240402955234936,0.5246336983099387
ADD GP-UCB (hot),4736968,16,0.9673658031621187,0.4382749954727771,0.5211813286216807
ADD GP-UCB (hot),4736968,17,0.9674251362257318,0.4742287353385283,0.5493573672025445
ADD GP-UCB (hot),4736968,18,0.9674251362257318,0.45931213887882816,0.5454173770066204
ADD GP-UCB (hot),4736968,19,0.9674251362257318,0.48370716957944476,0.5647973074189485
ADD GP-UCB (hot),617977,0,0.0,0.0,0.0
ADD GP-UCB (hot),617977,1,0.24643491698803136,0.0072552322426828585,0.17554143443545123
ADD GP-UCB (hot),617977,2,0.24643491698803136,0.002927310398372149,0.07692625626180927
ADD GP-UCB (hot),617977,3,0.9734690072514017,0.014726414888933729,0.15185034224809585
ADD GP-UCB (hot),617977,4,0.9613714861951872,0.0428328164986376,0.307713966522936
ADD GP-UCB (hot),617977,5,0.9734690072514017,0.0708224812030924,0.354185432510326
ADD GP-UCB (hot),617977,6,0.9610922753024329,0.06956948626031556,0.37473681238752726
ADD GP-UCB (hot),617977,7,0.9610922753024329,0.10707863523532545,0.3228131501994721
ADD GP-UCB (hot),617977,8,0.9610922753024329,0.10153096817774697,0.33471173661076886
ADD GP-UCB (hot),617977,9,0.9610922753024329,0.09526035358907459,0.33241729670208053
ADD GP-UCB (hot),617977,10,0.9734690072514017,0.09185774978585473,0.27013475214525995
ADD GP-UCB (hot),617977,11,0.9734690072514017,0.08618195836533556,0.28514464017385616
ADD GP-UCB (hot),617977,12,0.9734690072514017,0.11831091165380023,0.2654209330821681
ADD GP-UCB (hot),617977,13,0.9734690072514017,0.10937626534496196,0.26289185381083613
ADD GP-UCB (hot),617977,14,0.9734690072514017,0.10343300695247762,0.26985989410016514
ADD GP-UCB (hot),617977,15,0.9610922753024329,0.10044514494220487,0.2789444672811337
ADD GP-UCB (hot),617977,16,0.9734690072514017,0.0978709339765249,0.2720045208835436
ADD GP-UCB (hot),617977,17,0.9610922753024329,0.07437248092276834,0.36975669241346576
ADD GP-UCB (hot),617977,18,0.9669996862730145,0.07796887368420694,0.44390340759319824
ADD GP-UCB (hot),617977,19,0.9669996862730145,0.0732288247322717,0.4383856616863183
ADD GP-UCB (hot),8500888,0,0.8982603383320003,0.0,0.0
ADD GP-UCB (hot),8500888,1,0.9856523891686597,0.09900940200647965,0.16110815484384727
ADD GP-UCB (hot),8500888,2,0.9734690072514017,0.1035852087536779,0.2369221303685428
ADD GP-UCB (hot),8500888,3,0.974519541314212,0.19154565496955317,0.24873497741842415
ADD GP-UCB (hot),8500888,4,0.9805323511848479,0.22628742962272902,0.3469739802061573
ADD GP-UCB (hot),8500888,5,0.9834019465771566,0.23000553354736786,0.3714964678306665
ADD GP-UCB (hot),8500888,6,0.9805323511848479,0.20903995288906074,0.3423540354216783
ADD GP-UCB (hot),8500888,7,0.9834019465771566,0.19527152865864866,0.38233280105553247
ADD GP-UCB (hot),8500888,8,0.9834019465771566,0.19060049115579045,0.34338283301715383
ADD GP-UCB (hot),8500888,9,0.9677322662106876,0.15130515992800175,0.3922062563820021
ADD GP-UCB (hot),8500888,10,0.9677322662106876,0.13429942720929586,0.3901717320075953
ADD GP-UCB (hot),8500888,11,0.9834019465771566,0.1569738781716906,0.5161914334257863
ADD GP-UCB (hot),8500888,12,0.9756688439919472,0.15691503676467952,0.5117108199904328
ADD GP-UCB (hot),8500888,13,0.9747750203129036,0.14886614669574103,0.4739481774331518
ADD GP-UCB (hot),8500888,14,0.9647593621889378,0.27418103856422665,0.5074933235152874
ADD GP-UCB (hot),8500888,15,0.974519541314212,0.310112739810231,0.4896719389215811
ADD GP-UCB (hot),8500888,16,0.9619812128074955,0.46273008528412596,0.58968508643448
ADD GP-UCB (hot),8500888,17,0.9696944245373166,0.5221924460786077,0.4601420312582856
ADD GP-UCB (hot),8500888,18,0.9604703332551723,0.52756285497697,0.5979468369223551
ADD GP-UCB (hot),8500888,19,0.9604703332551723,0.5214061036174416,0.6126411431980978
ADD GP-UCB (hot),4205117,0,0.9639346439214691,0.0,0.0
ADD GP-UCB (hot),4205117,1,0.8993621772216102,0.10605189934195498,0.3821460047418316
ADD GP-UCB (hot),4205117,2,0.8993621772216102,0.10985453752977821,0.46590767575008896
ADD GP-UCB (hot),4205117,3,0.9027444747224507,0.19473313035154957,0.49769488693966246
ADD GP-UCB (hot),4205117,4,0.8977699768227599,0.17693209120527312,0.48459559382044326
ADD GP-UCB (hot),4205117,5,0.8977699768227599,0.16502736546206406,0.46955754546755557
ADD GP-UCB (hot),4205117,6,0.8977699768227599,0.1588655095236211,0.4618326527186465
ADD GP-UCB (hot),4205117,7,0.8977699768227599,0.24296032772342746,0.41468330770974904
ADD GP-UCB (hot),4205117,8,0.9027444747224507,0.2547284768142866,0.462039625526563
ADD GP-UCB (hot),4205117,9,0.8960678308524263,0.23168164309740047,0.45936165005072493
ADD GP-UCB (hot),4205117,10,0.9058503505769919,0.21611426930566915,0.37616950354940787
ADD GP-UCB (hot),4205117,11,0.9058503505769919,0.20482391691603735,0.3788302336460191
ADD GP-UCB (hot),4205117,12,0.9058503505769919,0.18879539410919968,0.37698789483524
ADD GP-UCB (hot),4205117,13,0.897880268553708,0.16433931387631384,0.3634854477068651
ADD GP-UCB (hot),4205117,14,0.904832628437277,0.1126215384205784,0.4420936471904219
ADD GP-UCB (hot),4205117,15,0.9027901943994274,0.14546954696168937,0.41330951619104184
ADD GP-UCB (hot),4205117,16,0.9094839332214724,0.2948421020058214,0.4732773201976193
ADD GP-UCB (hot),4205117,17,0.8960678308524263,0.29432125783122226,0.4864601820783129
ADD GP-UCB (hot),4205117,18,0.9017386152013106,0.2615107405453352,0.5015106523012317
ADD GP-UCB (hot),4205117,19,0.8960678308524263,0.2399505881105285,0.5030221545641891
ADD GP-UCB (hot),756214,0,0.9786864158984545,0.0,0.0
ADD GP-UCB (hot),756214,1,0.9868543879679657,0.11427365861635848,0.3804473525798271
ADD GP-UCB (hot),756214,2,0.9868543879679657,0.06219673450463494,0.2997283018243656
ADD GP-UCB (hot),756214,3,0.9871147531406382,0.0722635534474426,0.2540362263717361
ADD GP-UCB (hot),756214,4,0.9791355977452344,0.22904729501666188,0.51963428359176
ADD GP-UCB (hot),756214,5,0.9791355977452344,0.37271244956499994,0.36252334436796274
ADD GP-UCB (hot),756214,6,0.9791355977452344,0.4287048617747044,0.44685374351833357
ADD GP-UCB (hot),756214,7,0.9940887513192004,0.406308367079704,0.3544489912084113
ADD GP-UCB (hot),756214,8,0.9940887513192004,0.4055681799281656,0.36450711426078297
ADD GP-UCB (hot),756214,9,0.9940887513192004,0.3998691922477201,0.37564953969499776
ADD GP-UCB (hot),756214,10,0.9940887513192004,0.3986383269345954,0.39085047819716845
ADD GP-UCB (hot),756214,11,0.9764981022739322,0.47798241684273807,0.5711229647849718
ADD GP-UCB (hot),756214,12,0.9940887513192004,0.46011487963540465,0.5324057557216795
ADD GP-UCB (hot),756214,13,0.9898827840146541,0.47621856979340926,0.45728712966373414
ADD GP-UCB (hot),756214,14,0.9898827840146541,0.46200484346487336,0.45210927650614713
ADD GP-UCB (hot),756214,15,0.9898827840146541,0.45438203353936635,0.45772415418300366
ADD GP-UCB (hot),756214,16,0.9898827840146541,0.4060882681327405,0.5462318376801374
ADD GP-UCB (hot),756214,17,0.9721664890691095,0.32603557000959743,0.3792831638621069
ADD GP-UCB (hot),756214,18,0.9669996862730145,0.4902858562090878,0.43934403114706805
ADD GP-UCB (hot),756214,19,0.9610922753024329,0.5335997363515139,0.42056314643322
ADD GP-UCB (hot),4283694,0,0.4445411797423434,0.0,0.0
ADD GP-UCB (hot),4283694,1,0.426915272358533,0.07115718550593299,0.1400769064322316
ADD GP-UCB (hot),4283694,2,0.9376406306109454,0.09992012720275052,0.2344891037940221
ADD GP-UCB (hot),4283694,3,0.9376406306109454,0.10769859331024202,0.2731016288039141
ADD GP-UCB (hot),4283694,4,0.9376406306109454,0.1732865547976181,0.5291964092423721
ADD GP-UCB (hot),4283694,5,0.9376406306109454,0.1596322320856006,0.5009375070594541
ADD GP-UCB (hot),4283694,6,0.9497458337445086,0.19533404909664953,0.5339787325588612
ADD GP-UCB (hot),4283694,7,0.9497458337445086,0.17703598856766717,0.5513049397164091
ADD GP-UCB (hot),4283694,8,0.9497458337445086,0.18005035379204332,0.5545114325326317
ADD GP-UCB (hot),4283694,9,0.9760318188182191,0.1672402511765626,0.563681344054939
ADD GP-UCB (hot),4283694,10,0.9760318188182191,0.14824260187229046,0.5545118577961856
ADD GP-UCB (hot),4283694,11,0.9760318188182191,0.16229525929468522,0.46775043943461503
ADD GP-UCB (hot),4283694,12,0.9376406306109454,0.15502088857605764,0.4908889636918621
ADD GP-UCB (hot),4283694,13,0.9376406306109454,0.1529314759679798,0.48533042337054344
ADD GP-UCB (hot),4283694,14,0.9376406306109454,0.2014785992220992,0.45199828207881587
ADD GP-UCB (hot),4283694,15,0.9376406306109454,0.2946153219062086,0.46641143867833235
ADD GP-UCB (hot),4283694,16,0.910333435175223,0.3224700404380506,0.5072749422658688
ADD GP-UCB (hot),4283694,17,0.9376406306109454,0.33965582730936433,0.497680861386951
ADD GP-UCB (hot),4283694,18,0.9376406306109454,0.343624602044319,0.5033929387463826
ADD GP-UCB (hot),4283694,19,0.9376406306109454,0.35801457717532126,0.49679196967980727
ADD GP-UCB (hot),7449696,0,0.9483769993970967,0.0,0.0
ADD GP-UCB (hot),7449696,1,0.9549475387343122,0.013716220307580896,0.18638607731403886
ADD GP-UCB (hot),7449696,2,0.9549475387343122,0.0016697013486393457,0.21165283404447788
ADD GP-UCB (hot),7449696,3,0.9549475387343122,0.003881497961954821,0.1066492137241896
ADD GP-UCB (hot),7449696,4,0.9612929612520279,0.062177865907016364,0.3486365564633217
ADD GP-UCB (hot),7449696,5,0.9640201519661352,0.11343904484012088,0.4895557220222352
ADD GP-UCB (hot),7449696,6,0.962214005047431,0.12593235288107796,0.5232595353654338
ADD GP-UCB (hot),7449696,7,0.9630847958082539,0.1051815138595684,0.5303833108819425
ADD GP-UCB (hot),7449696,8,0.9630847958082539,0.09295199860400857,0.501716101426404
ADD GP-UCB (hot),7449696,9,0.9630847958082539,0.08115015878397916,0.4940995518169939
ADD GP-UCB (hot),7449696,10,0.9200492792613788,0.07294211945507763,0.4820373025406197
ADD GP-UCB (hot),7449696,11,0.9632844299656296,0.0803908302020177,0.3910991484094566
ADD GP-UCB (hot),7449696,12,0.9200492792613788,0.06987531197125876,0.41092748284200736
ADD GP-UCB (hot),7449696,13,0.9632844299656296,0.10282230311342404,0.5343205297352954
ADD GP-UCB (hot),7449696,14,0.9837272233063522,0.09205084125622458,0.48246100213763304
ADD GP-UCB (hot),7449696,15,0.9837272233063522,0.08123696557662129,0.4824301576305995
ADD GP-UCB (hot),7449696,16,0.9604703332551723,0.048511802839816376,0.486417775513408
ADD GP-UCB (hot),7449696,17,0.9412525782888891,0.03409414719954716,0.49126742344819135
ADD GP-UCB (hot),7449696,18,0.966934421900114,0.031272990555065994,0.42184379166191033
ADD GP-UCB (hot),7449696,19,0.966934421900114,0.027516735686682538,0.4209810218401874
ADD GP-UCB (hot),9848369,0,0.6727701059668678,0.0,0.0
ADD GP-UCB (hot),9848369,1,0.9016566020358543,0.2178869086742863,0.5636391721638939
ADD GP-UCB (hot),9848369,2,0.8966615076480206,0.23276538096331514,0.5824594374489239
ADD GP-UCB (hot),9848369,3,0.8849562718050507,0.15173762023231036,0.5605305776134928
ADD GP-UCB (hot),9848369,4,0.8800236592005751,0.15152657120431032,0.3817040415238555
ADD GP-UCB (hot),9848369,5,0.8846065708628632,0.12997653537252546,0.40260760375078025
ADD GP-UCB (hot),9848369,6,0.894258894687267,0.12262518322003947,0.44842331420368486
ADD GP-UCB (hot),9848369,7,0.8849562718050507,0.11364582222806074,0.4461281081947183
ADD GP-UCB (hot),9848369,8,0.8849562718050507,0.15177812463283819,0.5161855386743535
ADD GP-UCB (hot),9848369,9,0.8833368579467535,0.20200069260978165,0.5398420239964397
ADD GP-UCB (hot),9848369,10,0.8833368579467535,0.18815228180097923,0.5277552817735867
ADD GP-UCB (hot),9848369,11,0.8833368579467535,0.1936774212947421,0.5648146582663858
ADD GP-UCB (hot),9848369,12,0.8833368579467535,0.18618040270208483,0.5762208754072441
ADD GP-UCB (hot),9848369,13,0.8833368579467535,0.19819455716346931,0.5761676085326684
ADD GP-UCB (hot),9848369,14,0.8911683829874233,0.17553870127154683,0.5963743945441278
ADD GP-UCB (hot),9848369,15,0.8833368579467535,0.16194430229372392,0.5607332898778525
ADD GP-UCB (hot),9848369,16,0.8833368579467535,0.14107934466273464,0.552198491850816
ADD GP-UCB (hot),9848369,17,0.8833368579467535,0.1318127510130696,0.5792932153355643
ADD GP-UCB (hot),9848369,18,0.8846065708628632,0.11032774219879797,0.5927921109493386
ADD GP-UCB (hot),9848369,19,0.8833368579467535,0.13031329417186718,0.5322927590153619
