method,seed,query,ro,parent_r2,child_r2
BIF-UCB,9049607,0,0.8827125125700589,0.00037495164596603614,0.34122368741016085
BIF-UCB,9049607,1,0.8963077553892634,0.0019413365610634684,0.14729754551456734
BIF-UCB,9049607,2,0.9381112216902658,0.004261495787661644,0.13989907786631395
BIF-UCB,9049607,3,0.9381112216902658,0.004034555968219786,0.14910226170029822
BIF-UCB,9049607,4,0.9381112216902658,0.0023165186747897922,0.1588386597591531
BIF-UCB,9049607,5,0.8967406723529822,0.005823073124412667,0.09366397204195615
BIF-UCB,9049607,6,0.9207780941099677,0.0022690390398088065,0.005394450971370491
BIF-UCB,9049607,7,0.9207780941099677,0.003477147745777663,0.21182465569811026
BIF-UCB,9049607,8,0.9207780941099677,0.0025302716427728555,0.37381447049745087
BIF-UCB,9049607,9,0.9207780941099677,0.008513791733264895,0.29858887850572474
BIF-UCB,9049607,10,0.9489394733250016,0.010692131285300584,0.032203314082244985
BIF-UCB,9049607,11,0.9733154468946662,0.010691704400893188,0.01820959306214156
BIF-UCB,9049607,12,0.9566360106599973,0.01525718911310822,0.03509607030487783
BIF-UCB,9049607,13,0.9566360106599973,0.030050618555032584,0.047995656650559555
BIF-UCB,9049607,14,0.9250122679623178,0.030444538818150027,0.21857984253442542
BIF-UCB,9049607,15,0.9250122679623178,0.03234762829021076,0.21893503696000402
BIF-UCB,9049607,16,0.9250122679623178,0.034755963118402414,0.23193693203385135
BIF-UCB,9049607,17,0.9250122679623178,0.08695106548199645,0.23455976222757333
BIF-UCB,9049607,18,0.9689366148459329,0.13394683366240084,0.2641382127342156
BIF-UCB,9049607,19,0.9918305924225789,0.13148625441619816,0.2939524992212661
BIF-UCB,2402697,0,0.8827125125700589,1.5112939631797962e-07,0.3762267741062197
BIF-UCB,2402697,1,0.9534078553729675,0.01589578454854489,0.1895108087406298
BIF-UCB,2402697,2,0.9247536161379504,0.033058634265736825,0.1656258157215241
BIF-UCB,2402697,3,0.9587575744292237,0.006563039703572609,0.008796492450687548
BIF-UCB,2402697,4,0.9381112216902658,0.02517936854314304,0.10350730789593669
BIF-UCB,2402697,5,0.9655431481056546,0.0269694974499235,0.13199023162323983
BIF-UCB,2402697,6,0.9655431481056546,0.0943503619495235,0.12983580720472856
BIF-UCB,2402697,7,0.9830043928833581,0.09452600905673042,0.1969305683199242
BIF-UCB,2402697,8,0.9830043928833581,0.07328682249438029,0.1985149332370961
BIF-UCB,2402697,9,0.9959004861707034,0.10857292574233945,0.24283725245607543
BIF-UCB,2402697,10,0.9959004861707034,0.16687111880052868,0.27382987024215677
BIF-UCB,2402697,11,0.9822353251137619,0.16164126153884267,0.20042292466650632
BIF-UCB,2402697,12,0.9822353251137619,0.15355553929816132,0.21577196635068066
BIF-UCB,2402697,13,0.9343244299643626,0.14770297603316476,0.206837797088087
BIF-UCB,2402697,14,0.9343244299643626,0.1255256127322966,0.18574998378823024
BIF-UCB,2402697,15,0.9343244299643626,0.12074337981847263,0.1520815425158414
BIF-UCB,2402697,16,0.9906830195615969,0.11058136855829823,0.15898164043069704
BIF-UCB,2402697,17,0.9988517373833021,0.10800515519421883,0.14993853873080754
BIF-UCB,2402697,18,0.9988517373833021,0.031713986182720796,0.15122664017763937
BIF-UCB,2402697,19,0.9382090356198851,0.04273096418862503,0.20926455581573633
BIF-UCB,6510749,0,0.9154910574255333,0.13626085743858168,0.26120911227929683
BIF-UCB,6510749,1,0.9432567073635896,0.13435063286998075,0.2412520223804157
BIF-UCB,6510749,2,0.9830043928833581,0.13743364753235782,0.2094987700533651
BIF-UCB,6510749,3,0.9432567073635896,0.1290157389974397,0.37688299494697053
BIF-UCB,6510749,4,0.9830043928833581,0.043271794102701364,0.3636366168711691
BIF-UCB,6510749,5,0.9154376637640191,0.10687434648018528,0.29289898697036476
BIF-UCB,6510749,6,0.9830043928833581,0.1276776215376201,0.35675226456292364
BIF-UCB,6510749,7,0.9830043928833581,0.12752617605601357,0.3398650710229229
BIF-UCB,6510749,8,0.9830043928833581,0.13425354835606781,0.371304006648633
BIF-UCB,6510749,9,0.9830043928833581,0.12233138363912416,0.34897118306353236
BIF-UCB,6510749,10,0.9830043928833581,0.10503381349070705,0.2232734770607997
BIF-UCB,6510749,11,0.9830043928833581,0.10445301843493844,0.21157582468144454
BIF-UCB,6510749,12,0.9830043928833581,0.10807441405724744,0.2003705751958571
BIF-UCB,6510749,13,0.9830043928833581,0.11067601860550921,0.23372413287121002
BIF-UCB,6510749,14,0.9830043928833581,0.11009772161937814,0.18653741208388433
BIF-UCB,6510749,15,0.9830043928833581,0.11168697545506365,0.1811062045300642
BIF-UCB,6510749,16,0.9901185300527912,0.10001961798079465,0.20596602846940978
BIF-UCB,6510749,17,0.9901185300527912,0.09851541586234507,0.1837340505703035
BIF-UCB,6510749,18,0.9901185300527912,0.08663889346101662,0.1666435078837567
BIF-UCB,6510749,19,0.9760541975093946,0.08842936451764553,0.25392724158736324
BIF-UCB,758529,0,0.8780333543135125,0.1035071761589185,0.0948626146439798
BIF-UCB,758529,1,0.9432567073635896,0.04383754139503821,0.014836329396495155
BIF-UCB,758529,2,0.9458008680372043,0.0885780712426053,0.255747054821742
BIF-UCB,758529,3,0.9458008680372043,0.09491080595498175,0.44500872196901176
BIF-UCB,758529,4,0.9458008680372043,0.06630539033786034,0.2404933503103018
BIF-UCB,758529,5,0.9458008680372043,0.0689910944501566,0.3277437331733877
BIF-UCB,758529,6,0.9458008680372043,0.07572194401728473,0.20778654645304423
BIF-UCB,758529,7,0.9458008680372043,0.09485653171507887,0.18432321100939206
BIF-UCB,758529,8,0.9458008680372043,0.09080663140562117,0.18821798712340426
BIF-UCB,758529,9,0.9458008680372043,0.091420223184154,0.1266679678584989
BIF-UCB,758529,10,0.9458008680372043,0.0896067593689758,0.12116155407993834
BIF-UCB,758529,11,0.9458008680372043,0.09779628598257578,0.1183803218648121
BIF-UCB,758529,12,0.9458008680372043,0.19340867837733486,0.1123810477922391
BIF-UCB,758529,13,0.9458008680372043,0.07390619009650676,0.29295907008149
BIF-UCB,758529,14,0.9458008680372043,0.08035496016707144,0.10908310302597063
BIF-UCB,758529,15,0.9458008680372043,0.08375905992735251,0.19752513398775864
BIF-UCB,758529,16,0.9458008680372043,0.09556159943093312,0.15631056774512161
BIF-UCB,758529,17,0.9458008680372043,0.03838744978535917,0.16410422559745988
BIF-UCB,758529,18,0.9458008680372043,0.03660350608353944,0.09829180100835865
BIF-UCB,758529,19,0.9458008680372043,0.040373531644826724,0.12518907797876944
BIF-UCB,3523986,0,0.989187934632731,0.0013776282715729712,0.10550477212808053
BIF-UCB,3523986,1,0.9959004861707034,0.032930881712516,0.32666249185437835
BIF-UCB,3523986,2,0.9341956230112413,0.043186462637888945,0.29546858958274713
BIF-UCB,3523986,3,0.989187934632731,0.0805871404175653,0.23376707948669903
BIF-UCB,3523986,4,0.9362276433503375,0.21263582499318576,0.2582720358395679
BIF-UCB,3523986,5,0.9343244299643626,0.2108688275914845,0.3877540689291358
BIF-UCB,3523986,6,0.9343244299643626,0.15206281177030848,0.44099014169669526
BIF-UCB,3523986,7,0.9959004861707034,0.15049278924440782,0.2964016463618184
BIF-UCB,3523986,8,0.9959004861707034,0.15746916027975724,0.29983602179336716
BIF-UCB,3523986,9,0.9959004861707034,0.18181454741587272,0.3209189432538119
BIF-UCB,3523986,10,0.9959004861707034,0.21377038339900892,0.38089571184171256
BIF-UCB,3523986,11,0.942438046158019,0.1994109880971592,0.38404224774477036
BIF-UCB,3523986,12,0.942438046158019,0.19644750117612142,0.3999924281728636
BIF-UCB,3523986,13,0.9959004861707034,0.19581284249425623,0.3998306957739801
BIF-UCB,3523986,14,0.9822635689680532,0.19007163076101766,0.33735788559664437
BIF-UCB,3523986,15,0.9822635689680532,0.1986059533436629,0.33077511368852486
BIF-UCB,3523986,16,0.9423502238326273,0.21226516395087772,0.32635820364514445
BIF-UCB,3523986,17,0.9423502238326273,0.1698522022870071,0.35514780740790314
BIF-UCB,3523986,18,0.9607117574780539,0.16856536211050466,0.3080822277248986
BIF-UCB,3523986,19,0.9922521514088422,0.1757042405511224,0.2492694332769312
BIF-UCB,3224638,0,0.9154910574255333,3.6456996603471885e-05,0.4458798060828521
BIF-UCB,3224638,1,0.9911372959606519,0.11696874630896187,0.40297680732182295
BIF-UCB,3224638,2,0.989187934632731,0.11884263802342909,0.3239348681599622
BIF-UCB,3224638,3,0.9830043928833581,0.12950927581417096,0.3366134877550199
BIF-UCB,3224638,4,0.9830043928833581,0.034359969067522055,0.32407642779973633
BIF-UCB,3224638,5,0.8955283577066836,0.05108669936526975,0.29011163985955435
BIF-UCB,3224638,6,0.9875767835241823,0.13981480213598219,0.3277343865150729
BIF-UCB,3224638,7,0.9830043928833581,0.16280217659217583,0.38858886934469766
BIF-UCB,3224638,8,0.9343244299643626,0.15422650461608042,0.4263446086269041
BIF-UCB,3224638,9,0.9822353251137619,0.16467271407615572,0.3990999860233133
BIF-UCB,3224638,10,0.9435108856294566,0.16940615293024885,0.42709168850929596
BIF-UCB,3224638,11,0.9435108856294566,0.1802751041538811,0.40186072952126767
BIF-UCB,3224638,12,0.9830043928833581,0.18399612048682004,0.41860104392681474
BIF-UCB,3224638,13,0.9830043928833581,0.18658978793990014,0.3999545101058163
BIF-UCB,3224638,14,0.9840107596110873,0.1894594524721526,0.39957649171228116
BIF-UCB,3224638,15,0.9467517849744758,0.1910845278138829,0.4054438424925353
BIF-UCB,3224638,16,0.936253473059623,0.19097725492351622,0.41102416348484044
BIF-UCB,3224638,17,0.9467517849744758,0.1865445397812938,0.4072098333237839
BIF-UCB,3224638,18,0.9840383137096628,0.1827146504036939,0.3994537689508071
BIF-UCB,3224638,19,0.9836456850488557,0.18012983803481475,0.3925972349056528
BIF-UCB,9729091,0,0.8780333543135125,0.10465788624416503,0.4760052038024931
BIF-UCB,9729091,1,0.9038709990744332,0.06801156898371839,0.04546535974129307
BIF-UCB,9729091,2,0.856252169487011,0.05079137987543695,0.07097493893073074
BIF-UCB,9729091,3,0.856252169487011,0.04238340522431176,0.01818069122016156
BIF-UCB,9729091,4,0.856252169487011,0.005432612209804719,0.012280536916503514
BIF-UCB,9729091,5,0.9242655909770808,0.0014417117581364523,0.006358156913920815
BIF-UCB,9729091,6,0.8551603847252427,0.011235887689184054,0.021241687228386236
BIF-UCB,9729091,7,0.968226790523232,0.010928831822355252,0.11545490700544636
BIF-UCB,9729091,8,0.968226790523232,0.010437265138732534,0.11259912617411243
BIF-UCB,9729091,9,0.968226790523232,0.010977109267089924,0.12424516765430103
BIF-UCB,9729091,10,0.9381112216902658,0.013257100741107723,0.05370557856776886
BIF-UCB,9729091,11,0.9381112216902658,0.017365212135142537,0.054856785281768836
BIF-UCB,9729091,12,0.9259480365502474,0.019368767092880934,0.04831780253877822
BIF-UCB,9729091,13,0.9250122679623178,2.5194310599253645e-06,0.04334824726961099
BIF-UCB,9729091,14,0.9459362178159737,0.11075918260539666,0.043231740226032
BIF-UCB,9729091,15,0.9760541975093946,0.07375880075087198,0.0793053464487907
BIF-UCB,9729091,16,0.9250122679623178,0.13995554922087206,0.06290542754345625
BIF-UCB,9729091,17,0.9549800845518323,0.10774894309044793,0.10368853958261905
BIF-UCB,9729091,18,0.9250122679623178,0.13434182090272503,0.09617267678453453
BIF-UCB,9729091,19,0.9250122679623178,0.14151428123734902,0.11449760658370173
BIF-UCB,5830471,0,0.8780333543135125,0.022736204081283636,0.3379709284652662
BIF-UCB,5830471,1,0.9363822800127444,0.042503733737392135,0.09401222411774215
BIF-UCB,5830471,2,0.9432567073635896,0.10247419033622675,0.052500909609531986
BIF-UCB,5830471,3,0.9432567073635896,0.1237563229255389,0.11075794698023532
BIF-UCB,5830471,4,0.9432567073635896,0.14139748304963665,0.10995163995492843
BIF-UCB,5830471,5,0.9435108856294566,0.1384699194296765,0.09689863259974636
BIF-UCB,5830471,6,0.9435108856294566,0.13602641763957965,0.1027598392619389
BIF-UCB,5830471,7,0.9822353251137619,0.1257554137227377,0.24068885705953746
BIF-UCB,5830471,8,0.9822353251137619,0.13671505592281255,0.2782195700180168
BIF-UCB,5830471,9,0.9822353251137619,0.15660673291900049,0.2816296158815086
BIF-UCB,5830471,10,0.9822353251137619,0.13944264809069482,0.2943545011728522
BIF-UCB,5830471,11,0.9822353251137619,0.12016454575690781,0.3019041196538881
BIF-UCB,5830471,12,0.9822353251137619,0.1455855660872927,0.24492325756532665
BIF-UCB,5830471,13,0.9822353251137619,0.1471257255714307,0.2623473233888073
BIF-UCB,5830471,14,0.9906830195615969,0.15820807368070558,0.3077268656434185
BIF-UCB,5830471,15,0.9906830195615969,0.1499547769054517,0.32607817427413854
BIF-UCB,5830471,16,0.9906830195615969,0.15356054671793823,0.3023439335035961
BIF-UCB,5830471,17,0.9901185300527912,0.1499322163270843,0.25714047890055103
BIF-UCB,5830471,18,0.9901185300527912,0.14362707954625162,0.23291648679602403
BIF-UCB,5830471,19,0.9911548617395507,0.145391406259856,0.2238092116497812
BIF-UCB,5343420,0,0.8327138024132477,0.17642667730234823,0.1497998625097305
BIF-UCB,5343420,1,0.9361687513504021,0.1159729906723995,0.1660585276324231
BIF-UCB,5343420,2,0.9361687513504021,0.12164008654167972,0.20986916784509219
BIF-UCB,5343420,3,0.9312550498740352,0.03925028481002378,0.37879275799360834
BIF-UCB,5343420,4,0.940204203296445,0.0258384129201347,0.4295435090583506
BIF-UCB,5343420,5,0.9500749951682612,0.040145557948994604,0.23799476859704827
BIF-UCB,5343420,6,0.9396755351011528,0.04228309435896998,0.281044159293927
BIF-UCB,5343420,7,0.9396755351011528,0.054715468952394555,0.2672882704573824
BIF-UCB,5343420,8,0.9396755351011528,0.05230148035119128,0.2842935090262313
BIF-UCB,5343420,9,0.9396755351011528,0.01733339732295055,0.289691307226259
BIF-UCB,5343420,10,0.9088518630502245,0.054644523303777726,0.1721578971390285
BIF-UCB,5343420,11,0.9088518630502245,0.02932525568055483,0.27233505736410873
BIF-UCB,5343420,12,0.9088518630502245,0.05730872395256686,0.3165023081970058
BIF-UCB,5343420,13,0.8963077553892634,0.056662554110984004,0.21963797033229163
BIF-UCB,5343420,14,0.8854653736160043,0.07331819929313892,0.23210621680212062
BIF-UCB,5343420,15,0.8854653736160043,0.0803625348873646,0.22933339096177774
BIF-UCB,5343420,16,0.8854653736160043,0.0858637463684819,0.24583353243980008
BIF-UCB,5343420,17,0.8854653736160043,0.09869913589624499,0.2311853447634452
BIF-UCB,5343420,18,0.9555611084905138,0.09767024456155744,0.15339055248624148
BIF-UCB,5343420,19,0.9555611084905138,0.10821308259417738,0.15517346490365885
BIF-UCB,2417321,0,0.7352977238908789,0.0073777429791371035,0.281207752802419
BIF-UCB,2417321,1,0.9607410359659192,0.10354151241588667,0.08571562561938073
BIF-UCB,2417321,2,0.9959004861707034,0.03474268338800625,0.2950620527245746
BIF-UCB,2417321,3,0.9959004861707034,0.0021715688730008036,0.24885059363436135
BIF-UCB,2417321,4,0.830408665087056,0.001237031715478749,0.17362880588352375
BIF-UCB,2417321,5,0.9521114956349598,0.0020712325730783705,0.15971868822491725
BIF-UCB,2417321,6,0.9829083033430285,0.0036769259924358724,0.2747267266794256
BIF-UCB,2417321,7,0.9959004861707034,0.002303189069274127,0.21640464117230826
BIF-UCB,2417321,8,0.9959004861707034,0.003606336439057023,0.21345060319047535
BIF-UCB,2417321,9,0.9778613180704889,0.0025274930534866856,0.18181800268546816
BIF-UCB,2417321,10,0.9829083033430285,0.0020919904005178374,0.2723326522380057
BIF-UCB,2417321,11,0.9778613180704889,0.0026626766149062332,0.2750246505234852
BIF-UCB,2417321,12,0.9889568336223881,0.04477672076461725,0.2822451105850476
BIF-UCB,2417321,13,1.0,0.10508886299256356,0.2961275479282623
BIF-UCB,2417321,14,0.8676597173865875,0.10925955956231781,0.333949924842294
BIF-UCB,2417321,15,0.8676597173865875,0.09776577167053227,0.3562307382649914
BIF-UCB,2417321,16,0.9778613180704889,0.1697101740486636,0.4265929224286153
BIF-UCB,2417321,17,0.8676597173865875,0.1379045072002767,0.397420692652268
BIF-UCB,2417321,18,0.8676597173865875,0.1659367504539052,0.35878775623836073
BIF-UCB,2417321,19,1.0,0.1690069728159905,0.3957799331684166
BIF-UCB,9891788,0,0.9432567073635896,0.002442947517666212,0.2175045332171869
BIF-UCB,9891788,1,0.825163985972681,2.4068465755077346e-05,0.15146111288348196
BIF-UCB,9891788,2,0.968226790523232,0.0006385861482547286,0.2253918959440939
BIF-UCB,9891788,3,0.912882493275358,0.010856943161972365,0.11249653572697214
BIF-UCB,9891788,4,0.9607117574780539,0.10171756129196087,0.18188780518806236
BIF-UCB,9891788,5,0.942438046158019,0.10673076720415696,0.21504188508995278
BIF-UCB,9891788,6,0.9469925228575354,0.14354404078467528,0.23856063834979224
BIF-UCB,9891788,7,0.9480302307711758,0.14163588473507288,0.4112711521477467
BIF-UCB,9891788,8,0.9423502238326273,0.12596355813926052,0.40249646443470666
BIF-UCB,9891788,9,0.942438046158019,0.12504908565965267,0.3595038057513925
BIF-UCB,9891788,10,0.942438046158019,0.10921470660582404,0.3711616219630327
BIF-UCB,9891788,11,0.942438046158019,0.10868419728919271,0.2933540295949735
BIF-UCB,9891788,12,0.942438046158019,0.106523539092286,0.2639376531994331
BIF-UCB,9891788,13,0.9413872525930824,0.10003271217819436,0.2642062813627343
BIF-UCB,9891788,14,0.9856339650219096,0.09781529708588928,0.2607502753610458
BIF-UCB,9891788,15,0.9856339650219096,0.09061598667220794,0.2760952048342356
BIF-UCB,9891788,16,0.9856339650219096,0.09140991282226167,0.2535059614674872
BIF-UCB,9891788,17,0.9592283819736035,0.0872759981692247,0.26246263982586626
BIF-UCB,9891788,18,0.9592283819736035,0.08708067450680808,0.23481779185777604
BIF-UCB,9891788,19,0.9592283819736035,0.07923302620637185,0.24362219829689682
BIF-UCB,9314146,0,0.9546229356112317,0.005144607812378088,0.38872553679930266
BIF-UCB,9314146,1,0.989187934632731,0.04464731262609065,0.2660237569278623
BIF-UCB,9314146,2,0.856252169487011,0.00449936487118408,0.11324514927288282
BIF-UCB,9314146,3,0.856252169487011,0.06022380697402104,0.14122836733892521
BIF-UCB,9314146,4,0.9038709990744332,0.009463221535071177,0.010198262854900992
BIF-UCB,9314146,5,0.9381112216902658,0.0036474420435223536,0.036107805310403376
BIF-UCB,9314146,6,0.9194806964538351,0.06991552108344858,0.04365017698174342
BIF-UCB,9314146,7,0.9396755351011528,0.0722881465177091,0.3394985735119134
BIF-UCB,9314146,8,0.9396755351011528,0.06217173767924681,0.34064609125499146
BIF-UCB,9314146,9,0.9959004861707034,0.06215574622795875,0.3188997919252062
BIF-UCB,9314146,10,0.9959004861707034,0.06812818534298401,0.31984376900395173
BIF-UCB,9314146,11,0.9959004861707034,0.07530227660579056,0.28773451850262294
BIF-UCB,9314146,12,0.9259480365502474,0.10361254235528261,0.16634435661375183
BIF-UCB,9314146,13,0.9689366148459329,0.10571519657746323,0.17754798567984298
BIF-UCB,9314146,14,0.9689366148459329,0.1510452671123072,0.17433754763684478
BIF-UCB,9314146,15,0.9901185300527912,0.1503674517790565,0.3775088378330802
BIF-UCB,9314146,16,0.9901185300527912,0.12895415548111763,0.3771807600814605
BIF-UCB,9314146,17,0.9918305924225789,0.0510087582242543,0.37008540951889457
BIF-UCB,9314146,18,0.9250122679623178,0.06771114906973634,0.18098455488405044
BIF-UCB,9314146,19,0.9250122679623178,0.06715918119977125,0.149225171941208
BIF-UCB,9488226,0,0.940204203296445,0.009350796030606566,0.054208517242415225
BIF-UCB,9488226,1,0.9307670181440635,0.048518199951528555,0.04140311201765622
BIF-UCB,9488226,2,0.8642627952986277,0.058255846500537556,0.06592677212749956
BIF-UCB,9488226,3,0.9361687513504021,0.05206347066704564,0.04537177172156994
BIF-UCB,9488226,4,0.9361687513504021,0.009332871751963429,0.04230706437827774
BIF-UCB,9488226,5,0.9795492718357297,0.024744896440565607,0.006700722537025676
BIF-UCB,9488226,6,0.9556771713856457,0.023123334483752304,0.2126808628621833
BIF-UCB,9488226,7,0.9556771713856457,0.03154177519568322,0.10152158228973736
BIF-UCB,9488226,8,0.9556771713856457,0.03962996951250374,0.0654566368199766
BIF-UCB,9488226,9,0.9341956230112413,0.05934847871946045,0.01529335257836317
BIF-UCB,9488226,10,0.9341956230112413,0.06538337780882968,0.047765896900043764
BIF-UCB,9488226,11,0.9795492718357297,0.06703900810451896,0.09436562445287196
BIF-UCB,9488226,12,0.9795492718357297,0.12890072241623524,0.09249074975937792
BIF-UCB,9488226,13,0.9795492718357297,0.12463776150621952,0.3173451890099893
BIF-UCB,9488226,14,0.9959004861707034,0.10971903790711489,0.32641806989405897
BIF-UCB,9488226,15,0.9959004861707034,0.14548624883000888,0.33238874567123533
BIF-UCB,9488226,16,0.9423502238326273,0.1578550739518266,0.3535310240992282
BIF-UCB,9488226,17,0.9449112539603227,0.19719811270317444,0.3443788748458615
BIF-UCB,9488226,18,0.9471871193677512,0.21961309266338766,0.37726817694961556
BIF-UCB,9488226,19,0.9467517849744758,0.22314570043442764,0.3931778946937456
BIF-UCB,2697408,0,0.7748115559465427,0.12732875233473415,0.1764148291969696
BIF-UCB,2697408,1,0.9359841464444141,0.12236021476924572,0.20473557265644532
BIF-UCB,2697408,2,0.9655431481056546,0.009326238154509095,0.49713234184003385
BIF-UCB,2697408,3,0.912882493275358,0.007820387133727387,0.15057051860735043
BIF-UCB,2697408,4,0.912882493275358,0.005377429484626008,0.16746078984441637
BIF-UCB,2697408,5,0.912882493275358,0.028080385953261792,0.1291208392949779
BIF-UCB,2697408,6,0.9439775612086431,0.0360597856105485,0.1819282150489176
BIF-UCB,2697408,7,0.9439775612086431,0.0356036509807322,0.13450846007501088
BIF-UCB,2697408,8,0.9439775612086431,0.03485339728571916,0.1694169437348531
BIF-UCB,2697408,9,0.9439775612086431,0.03446865741831626,0.14521585596324937
BIF-UCB,2697408,10,0.9439775612086431,0.013281247022819931,0.12854029025254116
BIF-UCB,2697408,11,0.9439775612086431,0.002620596101011987,0.0652743315958897
BIF-UCB,2697408,12,0.9473682754951597,0.0038227422519790995,0.059499449179109834
BIF-UCB,2697408,13,0.912882493275358,0.03428064224935546,0.07918077174905862
BIF-UCB,2697408,14,0.8924321034198437,0.056557634010322315,0.12913134581749122
BIF-UCB,2697408,15,0.9190219497808307,0.049448684504451855,0.19156807950125296
BIF-UCB,2697408,16,0.9190219497808307,0.05021543056414599,0.17658096851981434
BIF-UCB,2697408,17,0.9190219497808307,0.05423826796946948,0.13573342191200638
BIF-UCB,2697408,18,0.9190219497808307,0.07070929141647252,0.13713492566961796
BIF-UCB,2697408,19,0.9262886576300741,0.10129260252249385,0.19549941448435715
BIF-UCB,5135059,0,0.940204203296445,0.01490111116793881,0.4058712765294234
BIF-UCB,5135059,1,0.9307670181440635,0.1283077374700961,0.10965174943059071
BIF-UCB,5135059,2,0.9361687513504021,0.11672811843766856,0.35306645585221014
BIF-UCB,5135059,3,0.912882493275358,0.11168447948611773,0.35963697357932667
BIF-UCB,5135059,4,0.912882493275358,0.1267938409960461,0.3812688363388138
BIF-UCB,5135059,5,0.912882493275358,0.13353719852578388,0.32869038793452765
BIF-UCB,5135059,6,0.8992262891890704,0.14692379728573568,0.26348664308566183
BIF-UCB,5135059,7,0.8992262891890704,0.19073337984619135,0.21881174486375327
BIF-UCB,5135059,8,0.9469925228575354,0.09228439649084942,0.24189408612531596
BIF-UCB,5135059,9,0.9830043928833581,0.0972520504891904,0.12260144065369229
BIF-UCB,5135059,10,0.9556771713856457,0.09308176511844264,0.12496278726677529
BIF-UCB,5135059,11,0.9556771713856457,0.09288554318237596,0.07614643735569308
BIF-UCB,5135059,12,0.9556771713856457,0.09865396758854107,0.1202742444707775
BIF-UCB,5135059,13,0.9830043928833581,0.09423913855258584,0.10842912375251071
BIF-UCB,5135059,14,0.9556771713856457,0.08873216144557766,0.18073018314286665
BIF-UCB,5135059,15,0.9163692938176532,0.09510885344380815,0.19240995333962835
BIF-UCB,5135059,16,0.9163692938176532,0.09881336435379463,0.19978399637845293
BIF-UCB,5135059,17,0.95518982941139,0.08696683041883231,0.1624571787663664
BIF-UCB,5135059,18,0.8676597173865875,0.15651415567029672,0.26164626281323766
BIF-UCB,5135059,19,0.9918305924225789,0.150443211346227,0.32824058547726037
BIF-UCB,6813578,0,0.8827125125700589,0.00042664450042237054,0.24306630449725858
BIF-UCB,6813578,1,0.9534078553729675,0.003915778442718987,0.2514176247016268
BIF-UCB,6813578,2,0.8981672185555428,0.00922646348184896,0.1589495777209364
BIF-UCB,6813578,3,0.8981672185555428,8.261420026750823e-05,0.10925563217865132
BIF-UCB,6813578,4,0.9259480365502474,0.11553712700024496,0.10283467433574398
BIF-UCB,6813578,5,0.9038709990744332,0.07110751417300616,0.3826302445930822
BIF-UCB,6813578,6,0.9228135566585414,0.07574487658601835,0.2716140818811757
BIF-UCB,6813578,7,0.9228135566585414,0.07694473660058515,0.16825180031128087
BIF-UCB,6813578,8,0.9228135566585414,0.06312876899639536,0.08125057339641152
BIF-UCB,6813578,9,0.9655431481056546,0.09259011423972316,0.15423411297792458
BIF-UCB,6813578,10,0.9341956230112413,0.12815244902843434,0.1250278005223383
BIF-UCB,6813578,11,0.9341956230112413,0.10118072131445204,0.15545468948759808
BIF-UCB,6813578,12,0.9341956230112413,0.09142868722421639,0.13367756321855148
BIF-UCB,6813578,13,0.9341956230112413,0.07328360720656008,0.13089507555870908
BIF-UCB,6813578,14,0.9363182246985927,0.081740212374815,0.11112937551763974
BIF-UCB,6813578,15,0.9341956230112413,0.08644441814456245,0.12749632265508654
BIF-UCB,6813578,16,0.8031300089608464,0.1275542612692515,0.12714887879957337
BIF-UCB,6813578,17,0.8031300089608464,0.1308894139045261,0.2395411192536369
BIF-UCB,6813578,18,0.8031300089608464,0.1677489138227175,0.2213184625178715
BIF-UCB,6813578,19,0.9262886576300741,0.15825957442816646,0.17648408290341858
BIF-UCB,430826,0,0.7352977238908789,0.08917663995358176,0.3766609482416845
BIF-UCB,430826,1,0.9448220521234993,0.08639011614376803,0.5927904249848684
BIF-UCB,430826,2,0.9448220521234993,0.11305866755283066,0.3013127144012137
BIF-UCB,430826,3,0.9959004861707034,0.11251158109115217,0.33779864620117406
BIF-UCB,430826,4,0.9959004861707034,0.11357347615204967,0.3334955902861493
BIF-UCB,430826,5,0.9822353251137619,0.14996315018400216,0.34249418831776124
BIF-UCB,430826,6,0.9822353251137619,0.15666830866770107,0.3552600511497871
BIF-UCB,430826,7,0.9822353251137619,0.14302158323674935,0.34841229544454044
BIF-UCB,430826,8,0.9822353251137619,0.12172854853094174,0.3622395681821901
BIF-UCB,430826,9,0.9655431481056546,0.11413294755933327,0.29724958332881757
BIF-UCB,430826,10,0.9830043928833581,0.11424191188092624,0.23472037899023102
BIF-UCB,430826,11,0.9830043928833581,0.11014236863285254,0.24873977008798676
BIF-UCB,430826,12,0.9655431481056546,0.10782073008811985,0.29582153145118123
BIF-UCB,430826,13,0.9760541975093946,0.1083729400014269,0.2958836506689833
BIF-UCB,430826,14,0.9901185300527912,0.09858684607459019,0.30999302734314327
BIF-UCB,430826,15,0.9760541975093946,0.12869456152575956,0.2957298446443212
BIF-UCB,430826,16,0.9918305924225789,0.1363471079145437,0.3542565652198082
BIF-UCB,430826,17,0.9918305924225789,0.13740252039825648,0.3694412318921323
BIF-UCB,430826,18,0.9918305924225789,0.11823031725567303,0.3569128860436205
BIF-UCB,430826,19,0.9918305924225789,0.1353111298865024,0.3326596660624784
BIF-UCB,6192331,0,1.0,0.0008197812724556124,0.19917773881764295
BIF-UCB,6192331,1,0.9778613180704889,0.11606945828789832,0.3530538131861388
BIF-UCB,6192331,2,0.9374141348564523,0.12082388717765367,0.5461812213446284
BIF-UCB,6192331,3,0.9949939993551901,0.11330197954287968,0.44565514526989736
BIF-UCB,6192331,4,0.9949939993551901,0.11185929282786479,0.44195646543123407
BIF-UCB,6192331,5,0.9918305924225789,0.16168046817977239,0.44181955425791414
BIF-UCB,6192331,6,0.9373077154031392,0.16516136190732245,0.47625427415834776
BIF-UCB,6192331,7,0.9373077154031392,0.15952608658059605,0.4939892740481698
BIF-UCB,6192331,8,0.9373077154031392,0.16310295867962435,0.47493554173334096
BIF-UCB,6192331,9,0.9373077154031392,0.16062558740877722,0.4659958013389388
BIF-UCB,6192331,10,0.9373077154031392,0.15936024691816358,0.45817402695017506
BIF-UCB,6192331,11,0.9373077154031392,0.1537622183796852,0.46470753677683063
BIF-UCB,6192331,12,0.9918305924225789,0.16366760347072368,0.4672486727740704
BIF-UCB,6192331,13,0.9901185300527912,0.18945524219245852,0.42858331399267335
BIF-UCB,6192331,14,0.9918305924225789,0.1594331157279401,0.46380615405668285
BIF-UCB,6192331,15,0.9918305924225789,0.1600009492110223,0.42921442847946023
BIF-UCB,6192331,16,0.9901185300527912,0.15326652600621557,0.40821314086979477
BIF-UCB,6192331,17,0.9918305924225789,0.15165138172029483,0.43796091561896816
BIF-UCB,6192331,18,0.9949939993551901,0.1429611051771043,0.4337932857303636
BIF-UCB,6192331,19,0.9962204441400118,0.1487340851010824,0.4289998056908865
BIF-UCB,8026546,0,0.8780333543135125,0.09103545338348898,0.23061178482502437
BIF-UCB,8026546,1,0.9033629972742102,0.0865142159937273,0.1374083715088862
BIF-UCB,8026546,2,0.9730822831862775,0.10082106413243005,0.13207899971041945
BIF-UCB,8026546,3,0.9730822831862775,0.10028071781586484,0.1418162121418483
BIF-UCB,8026546,4,0.9730822831862775,0.08925364383295588,0.1904448622000372
BIF-UCB,8026546,5,0.9730822831862775,0.07371807090839039,0.17624388104244237
BIF-UCB,8026546,6,0.9730822831862775,0.03785717152421124,0.1857535278146374
BIF-UCB,8026546,7,0.9730822831862775,0.0329622930394533,0.15695108909999056
BIF-UCB,8026546,8,0.9381112216902658,0.03216896409688077,0.08901182259857707
BIF-UCB,8026546,9,0.9730822831862775,0.018175459039278113,0.08161969813075673
BIF-UCB,8026546,10,0.9250122679623178,0.060372557850641044,0.05166720498987825
BIF-UCB,8026546,11,0.9884843049732694,0.11810593606919065,0.1521387695861634
BIF-UCB,8026546,12,0.9435108856294566,0.13576202266026144,0.24937767937138805
BIF-UCB,8026546,13,0.9884843049732694,0.13687057971502192,0.327182177063
BIF-UCB,8026546,14,0.9901185300527912,0.14410034798263674,0.32833764932908754
BIF-UCB,8026546,15,0.9901185300527912,0.1403341024421934,0.2691401399867893
BIF-UCB,8026546,16,0.9844646944168354,0.11591896422867347,0.26435058066711453
BIF-UCB,8026546,17,0.9431120557363084,0.11222786497132323,0.1996903698231522
BIF-UCB,8026546,18,0.9431120557363084,0.13549894733077372,0.21049644588461894
BIF-UCB,8026546,19,0.9467517849744758,0.16179582393860312,0.2208378204789983
BIF-UCB,6735254,0,0.9432567073635896,0.08303085342510005,0.26319735587248555
BIF-UCB,6735254,1,0.9830043928833581,0.0951227229858471,0.30144130772106886
BIF-UCB,6735254,2,0.9959004861707034,0.11310952430804605,0.2590358969035803
BIF-UCB,6735254,3,0.9959004861707034,0.11387520513852008,0.20990873619132341
BIF-UCB,6735254,4,0.9959004861707034,0.05037198720063412,0.18781207118311039
BIF-UCB,6735254,5,0.9655431481056546,0.0999171874440023,0.3651002963466683
BIF-UCB,6735254,6,0.9469925228575354,0.13781304502119548,0.29796714472984065
BIF-UCB,6735254,7,0.9480302307711758,0.13967518945059682,0.2367678161125011
BIF-UCB,6735254,8,0.9343244299643626,0.13781367248466292,0.24127389411112535
BIF-UCB,6735254,9,0.942438046158019,0.16875304882287717,0.24115110843625104
BIF-UCB,6735254,10,0.9435108856294566,0.17048609368635328,0.34607791713767555
BIF-UCB,6735254,11,0.9435108856294566,0.11692866524994983,0.30537687821413706
BIF-UCB,6735254,12,0.9351689274483209,0.12073891745052216,0.3481587188449908
BIF-UCB,6735254,13,0.9351689274483209,0.12539041898301737,0.11866354055450307
BIF-UCB,6735254,14,0.9830043928833581,0.1479646753964827,0.13440374454103327
BIF-UCB,6735254,15,0.9458008680372043,0.13968890706016204,0.18726735705197156
BIF-UCB,6735254,16,0.9458008680372043,0.13959414374630175,0.16145982053590263
BIF-UCB,6735254,17,0.9351689274483209,0.1331593222746529,0.17513502265015785
BIF-UCB,6735254,18,0.9351689274483209,0.1384417490231922,0.1347198372693318
BIF-UCB,6735254,19,0.9351689274483209,0.14373953267889306,0.14044740317916415
BIF-UCB,1112898,0,0.9154910574255333,5.332734717781834e-06,0.3177606900481092
BIF-UCB,1112898,1,0.9869234370564112,0.020902900703754588,0.32045821699511917
BIF-UCB,1112898,2,0.989187934632731,0.019479829708625624,0.31938776160092713
BIF-UCB,1112898,3,0.989187934632731,0.06585028893249698,0.3338949387941176
BIF-UCB,1112898,4,0.989187934632731,0.06722637502596951,0.4969449353929128
BIF-UCB,1112898,5,0.989187934632731,0.06909887073569314,0.42765345280254197
BIF-UCB,1112898,6,0.9795492718357297,0.07510479626268982,0.3476814895128473
BIF-UCB,1112898,7,0.9795492718357297,0.07597581019838168,0.30810806431162774
BIF-UCB,1112898,8,0.9795492718357297,0.07949488546927251,0.30049770858187963
BIF-UCB,1112898,9,0.9795492718357297,0.08505164370753378,0.28097537966091235
BIF-UCB,1112898,10,0.9782821873010362,0.08164313382902928,0.302451010809352
BIF-UCB,1112898,11,0.9382090356198851,0.09052489248904719,0.3005677353549006
BIF-UCB,1112898,12,0.9382090356198851,0.08459155983310879,0.2933459649144127
BIF-UCB,1112898,13,0.9382090356198851,0.08303137895943874,0.2940714474073943
BIF-UCB,1112898,14,0.9361687513504021,0.08052760380988398,0.2954970245026701
BIF-UCB,1112898,15,0.9361687513504021,0.0880358550139275,0.30631796232212705
BIF-UCB,1112898,16,0.9890711786973322,0.07948434378404218,0.3095668353142388
BIF-UCB,1112898,17,0.9890711786973322,0.14382948711787538,0.3070354536615809
BIF-UCB,1112898,18,0.9379514151445406,0.15603324550249992,0.4998412034938453
BIF-UCB,1112898,19,0.9379514151445406,0.18147805523504265,0.44847495467847065
BIF-UCB,5609958,0,0.989187934632731,0.00022444783470436578,0.1780160823639258
BIF-UCB,5609958,1,0.9778613180704889,0.04344573104534592,0.3804914562183098
BIF-UCB,5609958,2,0.9959004861707034,0.05917747219852547,0.33146195589354094
BIF-UCB,5609958,3,0.9988517373833021,0.09182787736336928,0.3859856388276985
BIF-UCB,5609958,4,0.9822353251137619,0.09585680277144379,0.4141732820436201
BIF-UCB,5609958,5,0.9822353251137619,0.08735257232000804,0.41112275881226545
BIF-UCB,5609958,6,0.9822353251137619,0.10333417323511677,0.4228120854915369
BIF-UCB,5609958,7,0.9822353251137619,0.09406074540928755,0.40048403351495454
BIF-UCB,5609958,8,0.9822353251137619,0.08973038861762485,0.3964377446777443
BIF-UCB,5609958,9,0.9972908727509948,0.10080053003112768,0.40331288545291916
BIF-UCB,5609958,10,0.9822353251137619,0.10084339573897977,0.4003844805192671
BIF-UCB,5609958,11,0.9822353251137619,0.10673308990506333,0.3973604819556693
BIF-UCB,5609958,12,0.9906830195615969,0.1058271510088551,0.39291459042737964
BIF-UCB,5609958,13,0.9918305924225789,0.10710797205219079,0.37741438656285875
BIF-UCB,5609958,14,0.9918305924225789,0.0965399579422464,0.3835014114353429
BIF-UCB,5609958,15,0.9918305924225789,0.09691392829870703,0.3903537756739984
BIF-UCB,5609958,16,0.9949939993551901,0.09689144978371936,0.3919221153867066
BIF-UCB,5609958,17,0.9782821873010362,0.11361427829690644,0.40002271128089073
BIF-UCB,5609958,18,0.9782821873010362,0.11233292999376417,0.4189397088244841
BIF-UCB,5609958,19,0.9782821873010362,0.09874107297381225,0.42434471768244975
BIF-UCB,4736968,0,0.8756204180225758,0.0032610944666829405,0.14191154485430207
BIF-UCB,4736968,1,0.8278734515304421,0.010698851826099264,0.14202996262042789
BIF-UCB,4736968,2,0.9875767835241823,0.025130126557400316,0.22974389108263332
BIF-UCB,4736968,3,0.9875767835241823,0.1272440992077212,0.18098769338616413
BIF-UCB,4736968,4,0.9343244299643626,0.11239236730999258,0.31819331150325253
BIF-UCB,4736968,5,0.9343244299643626,0.11499148682875836,0.3019418758589647
BIF-UCB,4736968,6,0.9343244299643626,0.10198924033224908,0.3320736520186805
BIF-UCB,4736968,7,0.9373077154031392,0.10359198735200378,0.4726313986376373
BIF-UCB,4736968,8,0.9373077154031392,0.10657875502925075,0.3968049745170201
BIF-UCB,4736968,9,0.9435108856294566,0.10780604242061446,0.41860963192365536
BIF-UCB,4736968,10,0.9435108856294566,0.17835002226370353,0.42864043560793613
BIF-UCB,4736968,11,0.9343244299643626,0.17971749737623646,0.435527330276244
BIF-UCB,4736968,12,0.9373077154031392,0.1631438722920582,0.4274917415002416
BIF-UCB,4736968,13,0.9918305924225789,0.15700883345695185,0.42885280559539823
BIF-UCB,4736968,14,0.9918305924225789,0.1410277472134072,0.39440909201956315
BIF-UCB,4736968,15,0.9918305924225789,0.13478526619322498,0.3342422914372829
BIF-UCB,4736968,16,0.9918305924225789,0.14066053079397994,0.32504909563981693
BIF-UCB,4736968,17,0.9918305924225789,0.14215191065362837,0.3196325417147966
BIF-UCB,4736968,18,0.9918305924225789,0.10921792916289517,0.3285270642193759
BIF-UCB,4736968,19,1.0,0.10551791320272119,0.27918404711701555
BIF-UCB,617977,0,0.8827125125700589,0.00029205186609345416,0.3037253589919874
BIF-UCB,617977,1,0.8963077553892634,0.009119491701457753,0.2141445275638226
BIF-UCB,617977,2,0.8974177891165442,0.002466088713993092,0.016259956161705797
BIF-UCB,617977,3,0.8974177891165442,0.001854738020712131,0.018713950670990177
BIF-UCB,617977,4,0.8868223530277881,0.0636408829543072,0.00838256236740402
BIF-UCB,617977,5,0.9502775074464549,0.04228843313207069,0.21473403193045867
BIF-UCB,617977,6,0.9502775074464549,0.05572373851852557,0.19550019788578463
BIF-UCB,617977,7,0.9307081261441282,0.06105999754612958,0.10037636942118906
BIF-UCB,617977,8,0.9880324394346691,0.011168581522615415,0.21708508014535444
BIF-UCB,617977,9,0.8244820474882095,0.035084602477355724,0.08416884887862204
BIF-UCB,617977,10,0.8244820474882095,0.0378822966919613,0.2529044626110461
BIF-UCB,617977,11,0.9903341312668322,0.007335513598212989,0.4192664065595474
BIF-UCB,617977,12,0.9033629972742102,0.00031001293422226246,0.08980341082692729
BIF-UCB,617977,13,0.8967406723529822,0.0016793562073929452,0.038400426731995244
BIF-UCB,617977,14,0.9634560195694076,0.0005168370684834147,0.056481929659092205
BIF-UCB,617977,15,0.9634560195694076,0.00021191987653622818,0.21501388526462345
BIF-UCB,617977,16,0.9634560195694076,0.0006881040631699561,0.2517498544533934
BIF-UCB,617977,17,0.9634560195694076,0.0013319196674956481,0.25394272133304474
BIF-UCB,617977,18,0.8990571742257313,0.0010668030094672907,0.05027600914565118
BIF-UCB,617977,19,0.9635042367785013,0.00026759485740661274,0.18619241502164444
BIF-UCB,8500888,0,0.989187934632731,0.003808641098841277,0.23131975745716754
BIF-UCB,8500888,1,0.9959004861707034,0.032586288025814224,0.355629589359888
BIF-UCB,8500888,2,0.9830043928833581,0.106156276751675,0.24072776914526123
BIF-UCB,8500888,3,0.9830043928833581,0.15344052734812408,0.21186008682599033
BIF-UCB,8500888,4,0.9435108856294566,0.16004369182342196,0.31253022532767816
BIF-UCB,8500888,5,0.9435108856294566,0.11889484341150865,0.2953570260746942
BIF-UCB,8500888,6,0.9435108856294566,0.12624806314191214,0.30138348858939834
BIF-UCB,8500888,7,0.9469925228575354,0.1216821286188277,0.34908143392777147
BIF-UCB,8500888,8,0.9469925228575354,0.09957137317036593,0.3052213720536789
BIF-UCB,8500888,9,0.9469925228575354,0.10022092144320735,0.2898603749680653
BIF-UCB,8500888,10,0.9469925228575354,0.09628829500794632,0.3078472263519491
BIF-UCB,8500888,11,0.9423502238326273,0.1318590375171658,0.28708109675909393
BIF-UCB,8500888,12,0.9396755351011528,0.12917170255062838,0.26337547761752267
BIF-UCB,8500888,13,0.9423502238326273,0.130415018424088,0.2777722745923474
BIF-UCB,8500888,14,0.9423502238326273,0.13734185592189344,0.2862477914134246
BIF-UCB,8500888,15,0.9607117574780539,0.13767073150215503,0.2671162052636467
BIF-UCB,8500888,16,0.9607117574780539,0.12460171424738009,0.2627742296268249
BIF-UCB,8500888,17,0.9607117574780539,0.12963675536464037,0.2405053381672631
BIF-UCB,8500888,18,0.9607117574780539,0.13263598050342582,0.25781564019771186
BIF-UCB,8500888,19,0.9607117574780539,0.1380383127672492,0.26065080227194903
BIF-UCB,4205117,0,0.7352977238908789,0.10066804750409115,0.2498564096634824
BIF-UCB,4205117,1,0.9790219798673182,0.062119661174054056,0.12705283237603132
BIF-UCB,4205117,2,0.9432567073635896,0.07781993225408201,0.26686166966323993
BIF-UCB,4205117,3,0.9432567073635896,0.04764313542992809,0.3601206672667292
BIF-UCB,4205117,4,0.9050702412076396,0.06996257757501154,0.15115534467593153
BIF-UCB,4205117,5,0.9050702412076396,0.112978817260891,0.15046317835015077
BIF-UCB,4205117,6,0.9307081261441282,0.1538535255299659,0.14588718146044408
BIF-UCB,4205117,7,0.9307081261441282,0.16066812072146275,0.2016612160731185
BIF-UCB,4205117,8,0.9307081261441282,0.15647044499049528,0.21002473916306796
BIF-UCB,4205117,9,0.9307081261441282,0.15250861420058096,0.19612760586978664
BIF-UCB,4205117,10,0.9307081261441282,0.15329433562298803,0.21534709096795007
BIF-UCB,4205117,11,0.9307081261441282,0.12897558092529032,0.24034388555084196
BIF-UCB,4205117,12,0.972232280794796,0.14217745936223847,0.24676161143894237
BIF-UCB,4205117,13,0.972232280794796,0.14061914124904004,0.2536453635134396
BIF-UCB,4205117,14,0.972232280794796,0.16153197498665922,0.2565253681798641
BIF-UCB,4205117,15,0.9826186552106081,0.17037482938002496,0.31564326264194154
BIF-UCB,4205117,16,0.9826186552106081,0.1516895094167661,0.30755200470661714
BIF-UCB,4205117,17,0.9783269590161014,0.16805685542167964,0.3081138397898203
BIF-UCB,4205117,18,0.9783269590161014,0.14844645275304746,0.328077799216849
BIF-UCB,4205117,19,0.9783269590161014,0.14791512425456005,0.3014504601679452
BIF-UCB,756214,0,0.8780333543135125,0.09865411109178061,0.18841984142758234
BIF-UCB,756214,1,0.8967406723529822,0.086182530185491,0.4042841468699323
BIF-UCB,756214,2,0.9730822831862775,0.06285553276561387,0.31948242819001227
BIF-UCB,756214,3,0.9730822831862775,0.03400249406427661,0.25055593166286727
BIF-UCB,756214,4,0.9730822831862775,0.04355153976274384,0.27259800732730954
BIF-UCB,756214,5,0.9730822831862775,0.11130093712293364,0.22157777234533796
BIF-UCB,756214,6,0.9730822831862775,0.11990274759775667,0.22920486472336163
BIF-UCB,756214,7,0.9830043928833581,0.12766414861911235,0.33703025991789487
BIF-UCB,756214,8,0.9830043928833581,0.12795513322619995,0.37806060770489863
BIF-UCB,756214,9,0.9830043928833581,0.13306248260937878,0.362354270302809
BIF-UCB,756214,10,0.9822353251137619,0.15074041821404846,0.3654566054697611
BIF-UCB,756214,11,0.9840107596110873,0.1565305457842527,0.41071441388435603
BIF-UCB,756214,12,0.9840107596110873,0.1620387801096493,0.4054611581231685
BIF-UCB,756214,13,0.9840107596110873,0.17305839772287088,0.3985430701597257
BIF-UCB,756214,14,0.9918305924225789,0.14794822881934486,0.43813597610631694
BIF-UCB,756214,15,0.9901185300527912,0.1488512847480565,0.3928396433109588
BIF-UCB,756214,16,0.9901185300527912,0.1505891159044505,0.4024993930046491
BIF-UCB,756214,17,0.9901185300527912,0.14619577050114388,0.39087108915861735
BIF-UCB,756214,18,0.9911548617395507,0.1199807278828515,0.39035477419197495
BIF-UCB,756214,19,0.9822353251137619,0.10575049771573208,0.3621097135411943
BIF-UCB,4283694,0,0.9432567073635896,0.09050111214790349,0.17857979339959226
BIF-UCB,4283694,1,0.9830043928833581,0.09392565888933273,0.42024112906599165
BIF-UCB,4283694,2,0.9959004861707034,0.09194576543086687,0.17865646314578398
BIF-UCB,4283694,3,0.9959004861707034,0.08336086340218397,0.16580432655344063
BIF-UCB,4283694,4,0.9959004861707034,0.06829774864837693,0.18596270802760306
BIF-UCB,4283694,5,0.9959004861707034,0.06465186250639578,0.35476996219501994
BIF-UCB,4283694,6,0.9959004861707034,0.07646863843583648,0.3208582649085741
BIF-UCB,4283694,7,0.9959004861707034,0.05681124549137239,0.2658102177106489
BIF-UCB,4283694,8,0.9959004861707034,0.04446425214641716,0.1752795263337029
BIF-UCB,4283694,9,0.9959004861707034,0.042667197374853326,0.20537359846753064
BIF-UCB,4283694,10,0.9959004861707034,0.04423371215760138,0.20973498648530237
BIF-UCB,4283694,11,0.9959004861707034,0.046626599528469426,0.217807267125144
BIF-UCB,4283694,12,0.9959004861707034,0.04245979292217648,0.27199125303655997
BIF-UCB,4283694,13,0.99373896912277,0.06782356130960496,0.2577078854040609
BIF-UCB,4283694,14,0.99373896912277,0.07849453304421569,0.27165906609360313
BIF-UCB,4283694,15,0.99373896912277,0.06950562211329528,0.24637216518450977
BIF-UCB,4283694,16,0.9822635689680532,0.0848810140489349,0.24389372819768582
BIF-UCB,4283694,17,1.0,0.07480454280498278,0.25687615788921886
BIF-UCB,4283694,18,1.0,0.029015228167866104,0.2637477384926248
BIF-UCB,4283694,19,0.9760541975093946,0.1073683660025266,0.21609900867603493
BIF-UCB,7449696,0,0.989187934632731,0.0045617263110418315,0.21877057738093708
BIF-UCB,7449696,1,0.9959004861707034,0.02983409607096726,0.36528074267042515
BIF-UCB,7449696,2,0.9830043928833581,0.10679595985837902,0.2555975585756992
BIF-UCB,7449696,3,0.9830043928833581,0.14165900191474962,0.2856711085329001
BIF-UCB,7449696,4,0.9830043928833581,0.15829913521531336,0.3396703164288347
BIF-UCB,7449696,5,0.9840107596110873,0.14749416083607503,0.38404025062019287
BIF-UCB,7449696,6,0.9830043928833581,0.11692203648703192,0.39951833016351446
BIF-UCB,7449696,7,0.9655431481056546,0.11305117271594689,0.2560448769753591
BIF-UCB,7449696,8,0.9655431481056546,0.11252886090690538,0.2231342359005487
BIF-UCB,7449696,9,0.9655431481056546,0.11147903740642505,0.23807270649079312
BIF-UCB,7449696,10,0.9655431481056546,0.11112590552026817,0.2515816696393666
BIF-UCB,7449696,11,0.9655431481056546,0.11164929815762666,0.21715796991090475
BIF-UCB,7449696,12,0.9884843049732694,0.09231109046219707,0.22439420453507147
BIF-UCB,7449696,13,0.9249168714622552,0.0971326559867704,0.2135319169572093
BIF-UCB,7449696,14,0.9070871000591896,0.08761365050295902,0.21037219673213753
BIF-UCB,7449696,15,0.9760541975093946,0.08823863062461856,0.18645844990359806
BIF-UCB,7449696,16,0.940204203296445,0.07927297052671124,0.20772796785025932
BIF-UCB,7449696,17,0.981009914962514,0.10535967533416644,0.22085861873787174
BIF-UCB,7449696,18,0.9471871193677512,0.10768004234963781,0.27325844418408696
BIF-UCB,7449696,19,0.9471871193677512,0.09929685037930765,0.29940336651194555
BIF-UCB,9848369,0,0.989187934632731,0.0001992374965281411,0.2028434674145272
BIF-UCB,9848369,1,0.9959004861707034,0.005785145378664531,0.2597966978897188
BIF-UCB,9848369,2,0.9778613180704889,0.07085798436238791,0.2170194470191658
BIF-UCB,9848369,3,0.989187934632731,0.022023093461499124,0.3082159648618398
BIF-UCB,9848369,4,0.9959004861707034,0.021442750991972466,0.2979083295652613
BIF-UCB,9848369,5,0.9959004861707034,0.02320130857990802,0.2876510563835594
BIF-UCB,9848369,6,0.9959004861707034,0.029511501849772057,0.1643114486997904
BIF-UCB,9848369,7,0.9959004861707034,0.03362573124396611,0.18547095637238745
BIF-UCB,9848369,8,0.9959004861707034,0.015487934284008941,0.2012206464134233
BIF-UCB,9848369,9,0.9959004861707034,0.0346627878604561,0.18100984861496625
BIF-UCB,9848369,10,0.9959004861707034,0.040231773697264175,0.20648519479546973
BIF-UCB,9848369,11,0.9959004861707034,0.04306548576854591,0.1637997133609501
BIF-UCB,9848369,12,0.99373896912277,0.08551079315290788,0.2404649563378756
BIF-UCB,9848369,13,0.99373896912277,0.09081222265313346,0.2765799949019039
BIF-UCB,9848369,14,1.0,0.09102947291933666,0.26950102382760227
BIF-UCB,9848369,15,1.0,0.04255220944030776,0.2560895161325558
BIF-UCB,9848369,16,0.9760541975093946,0.07625603678742214,0.18263106674557253
BIF-UCB,9848369,17,0.9760541975093946,0.07241479001532118,0.22969207960522445
BIF-UCB,9848369,18,0.9812148381011624,0.08119099535228212,0.20318677402610555
BIF-UCB,9848369,19,0.9812148381011624,0.0792660808594419,0.2161985129389692
BIF-EI,9049607,0,0.8974177891165442,0.05723501687913539,0.34122368741016085
BIF-EI,9049607,1,0.8974177891165442,0.0012823128615608418,0.196407200394904
BIF-EI,9049607,2,0.9361687513504021,0.04660933513076461,0.29884711405998665
BIF-EI,9049607,3,0.9361687513504021,0.04459347390609144,0.41576219324224173
BIF-EI,9049607,4,0.9361687513504021,0.03417078801239136,0.4278065522711545
BIF-EI,9049607,5,0.8827125125700589,0.026554914675047357,0.35578604245175144
BIF-EI,9049607,6,0.8827125125700589,0.02558085706291609,0.2837326591204705
BIF-EI,9049607,7,0.8827125125700589,0.02823220955706581,0.14493504579116906
BIF-EI,9049607,8,0.9432567073635896,0.028689515427911406,0.15117455609278171
BIF-EI,9049607,9,0.9432567073635896,0.026904817164397878,0.11912293021223974
BIF-EI,9049607,10,0.9432567073635896,0.020064546050391464,0.1049958733697843
BIF-EI,9049607,11,0.8827125125700589,0.020574709528669965,0.0910317795977685
BIF-EI,9049607,12,0.8827125125700589,0.0281775618254327,0.10072805609232552
BIF-EI,9049607,13,0.9432567073635896,0.029381651121007313,0.11231478967755903
BIF-EI,9049607,14,0.9432567073635896,0.03547779538874787,0.12638415945560283
BIF-EI,9049607,15,0.9432567073635896,0.034823219272067184,0.20448405969193337
BIF-EI,9049607,16,0.9432567073635896,0.031170732449203906,0.20819871800539302
BIF-EI,9049607,17,0.9432567073635896,0.02900382966967195,0.21559669552113064
BIF-EI,9049607,18,0.9432567073635896,0.05357765559417564,0.1725330781728765
BIF-EI,9049607,19,0.9929399396786949,0.052588886094805144,0.3374332484672011
BIF-EI,2402697,0,0.7352977238908789,0.10669699425925651,0.3762267741062197
BIF-EI,2402697,1,0.9432567073635896,0.11576148422783647,0.46012626925389255
BIF-EI,2402697,2,0.9830043928833581,0.10151654312139759,0.10301471087130395
BIF-EI,2402697,3,0.9270477370799936,0.1965980284131667,0.25979206821366535
BIF-EI,2402697,4,0.9359841464444141,0.18466189891939516,0.27137564757589894
BIF-EI,2402697,5,0.950276476097432,0.17415704605738383,0.24254943960812853
BIF-EI,2402697,6,0.950276476097432,0.16528091342773663,0.2201244930696248
BIF-EI,2402697,7,0.950276476097432,0.165871672181826,0.27506939027345534
BIF-EI,2402697,8,0.950276476097432,0.1540260806586532,0.327412550928492
BIF-EI,2402697,9,0.9587575744292237,0.13593637259231706,0.266771872039557
BIF-EI,2402697,10,0.9432567073635896,0.16455319405401367,0.2895172523926972
BIF-EI,2402697,11,0.9432567073635896,0.16743081519495961,0.3379089233955108
BIF-EI,2402697,12,0.9432567073635896,0.18034421039274187,0.38270344064036854
BIF-EI,2402697,13,0.9432567073635896,0.17754075361668223,0.39642885432471237
BIF-EI,2402697,14,0.9432567073635896,0.1800699638782647,0.3946357220416613
BIF-EI,2402697,15,0.9432567073635896,0.15876258842294838,0.39682873438685073
BIF-EI,2402697,16,0.9432567073635896,0.15259401543761755,0.418551987108014
BIF-EI,2402697,17,0.9459775506061123,0.15665219789908544,0.395594066016496
BIF-EI,2402697,18,0.9459775506061123,0.1606041797922194,0.39923426334684403
BIF-EI,2402697,19,0.9587575744292237,0.16485441099894665,0.3995136041422489
BIF-EI,6510749,0,0.9154910574255333,8.257333841565577e-05,0.26120911227929683
BIF-EI,6510749,1,0.994787010233945,0.0019412578545623725,0.4300275545245553
BIF-EI,6510749,2,0.989187934632731,0.009733073594280819,0.33554725549414743
BIF-EI,6510749,3,0.989187934632731,0.001226153028098292,0.2871439269677323
BIF-EI,6510749,4,0.989187934632731,0.0010340927516147938,0.30581064142564274
BIF-EI,6510749,5,0.989187934632731,0.005888418220790155,0.2705801709215435
BIF-EI,6510749,6,0.989187934632731,0.023656307039335914,0.33807135809113176
BIF-EI,6510749,7,0.989187934632731,0.030876046517735,0.3656177219276268
BIF-EI,6510749,8,0.989187934632731,0.03279043187729297,0.32211358494981845
BIF-EI,6510749,9,0.989187934632731,0.06795734852325586,0.3640296337914491
BIF-EI,6510749,10,0.989187934632731,0.08796644835524206,0.41972310182038397
BIF-EI,6510749,11,0.9361687513504021,0.10852176071132386,0.42157228511290046
BIF-EI,6510749,12,0.9361687513504021,0.10408050903228,0.41693563099603753
BIF-EI,6510749,13,0.9361687513504021,0.10565788996287279,0.41573724621688296
BIF-EI,6510749,14,0.9361687513504021,0.10445925828704936,0.41858154977067413
BIF-EI,6510749,15,0.9361687513504021,0.10822231672155744,0.4465198177200862
BIF-EI,6510749,16,0.9361687513504021,0.1164898516037298,0.42975082514613594
BIF-EI,6510749,17,0.9361687513504021,0.13272647648683994,0.4371091938511429
BIF-EI,6510749,18,0.9361687513504021,0.13529125866173625,0.4336512917966455
BIF-EI,6510749,19,0.9361687513504021,0.1385966827527537,0.42975083445864576
BIF-EI,758529,0,0.8827125125700589,0.003026193787950653,0.0948626146439798
BIF-EI,758529,1,0.8278734515304421,0.0041461759432376505,0.2276668198838896
BIF-EI,758529,2,0.9297558296954248,0.060407861948841304,0.1938143637084321
BIF-EI,758529,3,0.7352977238908789,0.001722402423821524,0.4262017433310614
BIF-EI,758529,4,0.9700569817707484,0.0017496281162479631,0.3463923659694506
BIF-EI,758529,5,0.9700569817707484,0.028320420984066126,0.30653308354117853
BIF-EI,758529,6,0.9361687513504021,0.03185795745242021,0.37425750932920077
BIF-EI,758529,7,0.9361687513504021,0.05850306112102606,0.41232582138028795
BIF-EI,758529,8,0.9361687513504021,0.09776852838263861,0.40816090361626417
BIF-EI,758529,9,0.9361687513504021,0.11237853435109027,0.3962273344019561
BIF-EI,758529,10,0.9361687513504021,0.09996351550217841,0.36804311113445926
BIF-EI,758529,11,0.9361687513504021,0.10187567737766044,0.37517711831802025
BIF-EI,758529,12,0.9361687513504021,0.13723764796736868,0.3886392702353
BIF-EI,758529,13,0.9361687513504021,0.08249664346932248,0.4171761423865598
BIF-EI,758529,14,0.9361687513504021,0.08379894848144392,0.397888159519416
BIF-EI,758529,15,0.9361687513504021,0.0721046996213068,0.3989848474050993
BIF-EI,758529,16,0.9361687513504021,0.10993271815339968,0.37356843982667465
BIF-EI,758529,17,0.9361687513504021,0.11506275145216491,0.39214031993434834
BIF-EI,758529,18,0.9361687513504021,0.11585866858306018,0.4007812776293778
BIF-EI,758529,19,0.9361687513504021,0.11520493733268453,0.4128635330855124
BIF-EI,3523986,0,0.989187934632731,0.006240880875312331,0.10550477212808053
BIF-EI,3523986,1,0.989187934632731,0.046372213732616,0.32659493763444464
BIF-EI,3523986,2,0.989187934632731,0.11583268036288383,0.4148201430214584
BIF-EI,3523986,3,0.989187934632731,0.15457852853419365,0.416011826362585
BIF-EI,3523986,4,0.950276476097432,0.16763444366507355,0.4271960335657783
BIF-EI,3523986,5,0.950276476097432,0.1738419330528315,0.4132534806482828
BIF-EI,3523986,6,0.950276476097432,0.14017785349059736,0.39709505241178356
BIF-EI,3523986,7,0.9361687513504021,0.14595059901337526,0.3596200714253266
BIF-EI,3523986,8,0.9361687513504021,0.1434025592229623,0.3651071359319751
BIF-EI,3523986,9,0.950276476097432,0.14697914503830314,0.3699486796547609
BIF-EI,3523986,10,0.950276476097432,0.14116729199293088,0.40740305502365365
BIF-EI,3523986,11,0.950276476097432,0.14274764439470655,0.38955558248780564
BIF-EI,3523986,12,0.950276476097432,0.14666925735715625,0.3870705039987029
BIF-EI,3523986,13,0.950276476097432,0.14627121746982472,0.37657202841115806
BIF-EI,3523986,14,0.950276476097432,0.14540570679039322,0.38702325687577804
BIF-EI,3523986,15,0.9587575744292237,0.15088781308816615,0.39334289384617194
BIF-EI,3523986,16,0.9587575744292237,0.14875471186260958,0.4032486147738405
BIF-EI,3523986,17,0.9448220521234993,0.12643632584370315,0.3853481647887823
BIF-EI,3523986,18,0.9587575744292237,0.11567202463543771,0.3506602017659912
BIF-EI,3523986,19,0.9587575744292237,0.10986449466717732,0.3085115346037715
BIF-EI,3224638,0,0.7352977238908789,0.09709090465926623,0.4458798060828521
BIF-EI,3224638,1,0.9432567073635896,0.09897342184205339,0.2900162529938306
BIF-EI,3224638,2,0.9432567073635896,0.10181520260549498,0.2886179651856582
BIF-EI,3224638,3,0.989187934632731,0.10621483547096593,0.41645769438872227
BIF-EI,3224638,4,0.989187934632731,0.15661050499239465,0.44012473406116237
BIF-EI,3224638,5,0.950276476097432,0.15978682073943473,0.5528433146293354
BIF-EI,3224638,6,0.950276476097432,0.15469168591284466,0.5630730998677635
BIF-EI,3224638,7,0.950276476097432,0.10630955478756217,0.49015655093091015
BIF-EI,3224638,8,0.9432567073635896,0.10583653636155237,0.35331963088821433
BIF-EI,3224638,9,0.9432567073635896,0.10648088119402986,0.3800388554413573
BIF-EI,3224638,10,0.9432567073635896,0.11881382796697836,0.34165943297675294
BIF-EI,3224638,11,0.9432567073635896,0.10160615417298258,0.36747707312368527
BIF-EI,3224638,12,0.9432567073635896,0.10002520392488912,0.30969503761527384
BIF-EI,3224638,13,0.9790219798673182,0.10349337175075796,0.2954872736788802
BIF-EI,3224638,14,0.9790219798673182,0.11145798006902956,0.30662061870485696
BIF-EI,3224638,15,0.9790219798673182,0.11053312913657672,0.3345315384319428
BIF-EI,3224638,16,0.9790219798673182,0.10333047758015382,0.3350739493594932
BIF-EI,3224638,17,0.9790219798673182,0.1016086033997591,0.3410243324840211
BIF-EI,3224638,18,0.9790219798673182,0.10070181310919994,0.3401473119229853
BIF-EI,3224638,19,0.9790219798673182,0.09655798730030869,0.3553153164912962
BIF-EI,9729091,0,0.9154910574255333,0.13538511086591787,0.4760052038024931
BIF-EI,9729091,1,0.9154910574255333,0.04682086187962925,0.26988144538821396
BIF-EI,9729091,2,0.9154910574255333,0.032069470838518285,0.37458762501441745
BIF-EI,9729091,3,0.950276476097432,0.000994610190394461,0.4093629492546349
BIF-EI,9729091,4,0.856252169487011,0.003181632151248118,0.35965578046532265
BIF-EI,9729091,5,0.8362595015245802,0.003446035579414576,0.05658680531359807
BIF-EI,9729091,6,0.7454254661896299,0.0027088373068283695,0.02853916226007197
BIF-EI,9729091,7,0.8278734515304421,0.04029399055535769,0.12480746507906279
BIF-EI,9729091,8,0.9432567073635896,0.039641701927554125,0.17645782130654697
BIF-EI,9729091,9,0.9432567073635896,0.029498955897780576,0.2027241409350014
BIF-EI,9729091,10,0.9432567073635896,0.03230197600257521,0.1389343171707565
BIF-EI,9729091,11,0.9432567073635896,0.0308510690085395,0.14167506245911576
BIF-EI,9729091,12,0.9432567073635896,0.02462180394055969,0.1306633525777354
BIF-EI,9729091,13,0.9432567073635896,0.00010379613217067965,0.12075950693743233
BIF-EI,9729091,14,0.940204203296445,0.018206864515774378,0.12929724046163715
BIF-EI,9729091,15,0.9432567073635896,0.011044434896869959,0.12099320434203331
BIF-EI,9729091,16,0.940204203296445,0.012027218270257715,0.07584031416797918
BIF-EI,9729091,17,0.940204203296445,0.006949338841784188,0.0672024783035749
BIF-EI,9729091,18,0.940204203296445,0.022029134370417005,0.05783931623392635
BIF-EI,9729091,19,0.940204203296445,0.026748363495320553,0.09268553707104782
BIF-EI,5830471,0,0.8827125125700589,0.003288833218776194,0.3379709284652662
BIF-EI,5830471,1,0.8278734515304421,0.00363286641502598,0.09064943976011161
BIF-EI,5830471,2,0.940204203296445,0.0008828978670344293,0.012053992668702235
BIF-EI,5830471,3,0.940204203296445,0.046420026859706184,0.002686973027503014
BIF-EI,5830471,4,0.940204203296445,0.003082305280999926,0.006883580708760341
BIF-EI,5830471,5,0.856252169487011,0.06206163550180774,0.03782359595451934
BIF-EI,5830471,6,0.9587575744292237,0.057731866025269946,0.06761355552369053
BIF-EI,5830471,7,0.9587575744292237,0.06736297512284271,0.1057881689074867
BIF-EI,5830471,8,0.9587575744292237,0.04940203758724568,0.09889545970273951
BIF-EI,5830471,9,0.9587575744292237,0.020031837684238555,0.09984062276422113
BIF-EI,5830471,10,0.9587575744292237,0.11538814495458884,0.10483972915416125
BIF-EI,5830471,11,0.9587575744292237,0.06455956010244304,0.15063570343145494
BIF-EI,5830471,12,0.9587575744292237,0.07478500968239579,0.07584183619332881
BIF-EI,5830471,13,0.9587575744292237,0.07614188159089527,0.1518142912051029
BIF-EI,5830471,14,0.9587575744292237,0.07642675300756514,0.16551101306322039
BIF-EI,5830471,15,0.9587575744292237,0.04245734830618323,0.17497171023151864
BIF-EI,5830471,16,0.9587575744292237,0.04373040125415716,0.08252017344045981
BIF-EI,5830471,17,0.9587575744292237,0.043720136828119885,0.07609927260876281
BIF-EI,5830471,18,0.9587575744292237,0.02440229809394312,0.07499964346261487
BIF-EI,5830471,19,0.9587575744292237,0.06217021425053477,0.061748878125112774
BIF-EI,5343420,0,0.8780333543135125,0.038149164287851756,0.1497998625097305
BIF-EI,5343420,1,0.8780333543135125,0.03832425084993319,0.14993856488830015
BIF-EI,5343420,2,0.8780333543135125,8.539944550897265e-05,0.27615396370363554
BIF-EI,5343420,3,0.8780333543135125,5.942096603973642e-06,0.19701036880226552
BIF-EI,5343420,4,0.8780333543135125,0.004393378095890023,0.20775994434750117
BIF-EI,5343420,5,0.9154910574255333,0.013366015667197495,0.2838700484653996
BIF-EI,5343420,6,0.9154910574255333,0.0025200608938899566,0.23251422275263034
BIF-EI,5343420,7,0.940204203296445,5.6440281240385366e-05,0.19980716715122124
BIF-EI,5343420,8,0.940204203296445,0.03714837563840715,0.16104336770768432
BIF-EI,5343420,9,0.940204203296445,0.0777482514746945,0.24616390993242143
BIF-EI,5343420,10,0.9361687513504021,0.062341798727033194,0.4381814889141802
BIF-EI,5343420,11,0.9361687513504021,0.05061169153438414,0.4452480125419774
BIF-EI,5343420,12,0.8827125125700589,0.04806945234611813,0.38243158966351765
BIF-EI,5343420,13,0.8827125125700589,0.04832210426293255,0.33240786546778706
BIF-EI,5343420,14,0.9361687513504021,0.0414352867737466,0.3973436408796659
BIF-EI,5343420,15,0.989187934632731,0.043626718779933064,0.3911211969331247
BIF-EI,5343420,16,0.940204203296445,0.04264712000223095,0.3987077809052777
BIF-EI,5343420,17,0.940204203296445,0.09096925903691323,0.39011484760973075
BIF-EI,5343420,18,0.9361687513504021,0.08405997772989252,0.41903600409759145
BIF-EI,5343420,19,0.9361687513504021,0.07935815744806769,0.42184325961303626
BIF-EI,2417321,0,0.7352977238908789,0.08882314210965396,0.281207752802419
BIF-EI,2417321,1,0.9432567073635896,0.08021997262667724,0.05935085205559487
BIF-EI,2417321,2,0.9830043928833581,0.026233911288426223,0.19360562781672952
BIF-EI,2417321,3,0.9432567073635896,9.237601890234198e-08,0.20664848502145763
BIF-EI,2417321,4,0.856252169487011,0.0011263347991015515,0.013618189110088264
BIF-EI,2417321,5,0.9587575744292237,0.04042143726577157,0.010843766548694242
BIF-EI,2417321,6,0.9154910574255333,0.02122663220591481,0.09039002871204846
BIF-EI,2417321,7,0.9154910574255333,0.04529957827663278,0.087731313441889
BIF-EI,2417321,8,0.9154910574255333,0.042933666555800776,0.041887973158357454
BIF-EI,2417321,9,0.9587575744292237,0.03487332799832398,0.04229944985818395
BIF-EI,2417321,10,0.9587575744292237,0.03031796691182576,0.05885156720064859
BIF-EI,2417321,11,0.9587575744292237,0.023734108079719624,0.06080160824768516
BIF-EI,2417321,12,0.9587575744292237,0.11784657480364145,0.07797550798204884
BIF-EI,2417321,13,0.9587575744292237,0.13787585030419788,0.2011479008257968
BIF-EI,2417321,14,0.9587575744292237,0.13334700203702665,0.12558951503498278
BIF-EI,2417321,15,0.9587575744292237,0.11700146002166814,0.17799375087608993
BIF-EI,2417321,16,0.9587575744292237,0.11899715528116393,0.1964339529218036
BIF-EI,2417321,17,0.9587575744292237,0.11051142495546198,0.1990968482401158
BIF-EI,2417321,18,0.9587575744292237,0.10020267723706196,0.1689994177461157
BIF-EI,2417321,19,0.9587575744292237,0.1029731546588127,0.10882650731740352
BIF-EI,9891788,0,0.989187934632731,0.019695157902102394,0.2175045332171869
BIF-EI,9891788,1,0.9154910574255333,0.0127315916086404,0.3349090592440281
BIF-EI,9891788,2,0.9703307885135598,0.0041721675674642,0.10889623039245096
BIF-EI,9891788,3,0.9703307885135598,0.10633236174900224,0.0763333385658063
BIF-EI,9891788,4,0.9587575744292237,0.13006356385071363,0.2810175404714374
BIF-EI,9891788,5,0.9587575744292237,0.12302666118667978,0.387463048153465
BIF-EI,9891788,6,0.9587575744292237,0.12499903403107683,0.3146569715548006
BIF-EI,9891788,7,0.9587575744292237,0.12136465655900294,0.3114305541982273
BIF-EI,9891788,8,0.9587575744292237,0.10750307468935194,0.3106126201728697
BIF-EI,9891788,9,0.9587575744292237,0.10103303344928008,0.32220780410392014
BIF-EI,9891788,10,0.9587575744292237,0.08009941497639998,0.3267861505053795
BIF-EI,9891788,11,0.9587575744292237,0.07507566001056407,0.3195737195963153
BIF-EI,9891788,12,0.9587575744292237,0.07254470688298756,0.2962742507927392
BIF-EI,9891788,13,0.9587575744292237,0.11849349362843434,0.29193526441295015
BIF-EI,9891788,14,0.9587575744292237,0.11994883490027358,0.2978448539400516
BIF-EI,9891788,15,0.9431120557363084,0.12027483866388029,0.311079348392889
BIF-EI,9891788,16,0.9431120557363084,0.12670835989409807,0.3092550137070047
BIF-EI,9891788,17,0.9431120557363084,0.11414651961266781,0.3484030941531671
BIF-EI,9891788,18,0.9431120557363084,0.1135035908263973,0.300986720129639
BIF-EI,9891788,19,0.9431120557363084,0.113685618591589,0.30304428352531476
BIF-EI,9314146,0,0.7352977238908789,0.09099421529738953,0.38872553679930266
BIF-EI,9314146,1,0.9432567073635896,0.05364152143249279,0.4021386541961233
BIF-EI,9314146,2,0.9154910574255333,0.06481279331446362,0.17691479331437582
BIF-EI,9314146,3,0.9154910574255333,0.12702935285238917,0.3534158747319488
BIF-EI,9314146,4,0.950276476097432,0.1188704739955236,0.4462035786250243
BIF-EI,9314146,5,0.950276476097432,0.13380923200548864,0.45208894895727714
BIF-EI,9314146,6,0.950276476097432,0.1361214195881325,0.44574010856311064
BIF-EI,9314146,7,0.950276476097432,0.13563334143012426,0.41106375711601845
BIF-EI,9314146,8,0.950276476097432,0.02853468596087497,0.4156950088054434
BIF-EI,9314146,9,0.9154910574255333,0.09931318907743797,0.3001278096046043
BIF-EI,9314146,10,0.9154910574255333,0.09779403425909815,0.4087625597783479
BIF-EI,9314146,11,0.9154910574255333,0.08612552785707284,0.4529024366608672
BIF-EI,9314146,12,0.950276476097432,0.08638546471809933,0.45407421404434684
BIF-EI,9314146,13,0.950276476097432,0.09148600298626644,0.45605288408143807
BIF-EI,9314146,14,0.950276476097432,0.05182061505322794,0.4404939018576143
BIF-EI,9314146,15,0.950276476097432,0.05051845568244939,0.26007589159522243
BIF-EI,9314146,16,0.950276476097432,0.0675592447426521,0.26299087762081724
BIF-EI,9314146,17,0.950276476097432,0.0044338761044276495,0.35252965037124206
BIF-EI,9314146,18,0.8974177891165442,0.01110398809394301,0.054401350179546074
BIF-EI,9314146,19,0.8974177891165442,0.010875520008116252,0.07709881616748256
BIF-EI,9488226,0,0.9432567073635896,0.08329469631701632,0.054208517242415225
BIF-EI,9488226,1,0.7352977238908789,0.10212217052366926,0.035627737924043945
BIF-EI,9488226,2,0.9154910574255333,0.09859911948975142,0.2643483917608768
BIF-EI,9488226,3,0.9154910574255333,0.041848420798978714,0.31294447917424684
BIF-EI,9488226,4,0.9154910574255333,0.04348698817341989,0.3589385629058159
BIF-EI,9488226,5,0.9154910574255333,0.05708456950292048,0.3552077414846965
BIF-EI,9488226,6,0.9154910574255333,0.12802294085031005,0.2780033577740713
BIF-EI,9488226,7,0.950276476097432,0.11462352232181021,0.4138240290495437
BIF-EI,9488226,8,0.9154910574255333,0.12788528905380814,0.3410442868327507
BIF-EI,9488226,9,0.940204203296445,0.11862069033842758,0.2933435514767497
BIF-EI,9488226,10,0.940204203296445,0.11238912871826112,0.2300528747379595
BIF-EI,9488226,11,0.940204203296445,0.10103931247879577,0.21146862917955794
BIF-EI,9488226,12,0.940204203296445,0.09101608786024525,0.2625121422241071
BIF-EI,9488226,13,0.989187934632731,0.06132375148177672,0.3771087415955239
BIF-EI,9488226,14,0.989187934632731,0.06320481170080273,0.2909148318007414
BIF-EI,9488226,15,0.989187934632731,0.03581208061948683,0.2760173741839669
BIF-EI,9488226,16,0.9935020150424948,0.03715560530484131,0.25618297915696936
BIF-EI,9488226,17,0.9935020150424948,0.08403610201104303,0.2579200765582933
BIF-EI,9488226,18,0.9935020150424948,0.09181265955635692,0.32795583628755
BIF-EI,9488226,19,0.9935020150424948,0.11854452801960377,0.3339031033098974
BIF-EI,2697408,0,0.940204203296445,0.03624402559001634,0.1764148291969696
BIF-EI,2697408,1,0.940204203296445,0.0025512447495267565,0.3018349058189317
BIF-EI,2697408,2,0.940204203296445,0.00079080912273814,0.23775341127045518
BIF-EI,2697408,3,0.8814571308906789,0.025057242574879256,0.26163198186183695
BIF-EI,2697408,4,0.8814571308906789,0.07099397526347515,0.17623530167090318
BIF-EI,2697408,5,0.9432567073635896,0.06923809754598129,0.17204656240226665
BIF-EI,2697408,6,0.9448220521234993,0.0659307464746348,0.18258072361208436
BIF-EI,2697408,7,0.9448220521234993,0.0783332972960983,0.18894906244215512
BIF-EI,2697408,8,0.9448220521234993,0.12265859812297752,0.18261223129742324
BIF-EI,2697408,9,0.9587575744292237,0.12619940235158622,0.34506568413509764
BIF-EI,2697408,10,0.9587575744292237,0.09494850332838213,0.37585811634585
BIF-EI,2697408,11,0.912882493275358,0.12166785958100193,0.29502648845210955
BIF-EI,2697408,12,0.8814571308906789,0.12218284142868596,0.31316726687316326
BIF-EI,2697408,13,0.8814571308906789,0.1160430577638429,0.3175898880732041
BIF-EI,2697408,14,0.8814571308906789,0.14981884390896655,0.31207342670334903
BIF-EI,2697408,15,0.9359841464444141,0.14215952342803262,0.38658950726641317
BIF-EI,2697408,16,0.9312550498740352,0.14010893702342983,0.3829116461597788
BIF-EI,2697408,17,0.9312550498740352,0.1401289863283279,0.3805066658216878
BIF-EI,2697408,18,0.9312550498740352,0.14657457560705198,0.3725155587912633
BIF-EI,2697408,19,0.9359841464444141,0.1360377752144166,0.3982201534084172
BIF-EI,5135059,0,0.8780333543135125,0.027036523847475246,0.4058712765294234
BIF-EI,5135059,1,0.950276476097432,0.14336420972466174,0.18412159689775337
BIF-EI,5135059,2,0.9432567073635896,0.17885853164697646,0.1622421780297701
BIF-EI,5135059,3,0.950276476097432,0.17985060552515417,0.17502949140020463
BIF-EI,5135059,4,0.9363822800127444,0.1739758222012226,0.21783501086949097
BIF-EI,5135059,5,0.9363822800127444,0.1627014159452562,0.20581932255174162
BIF-EI,5135059,6,0.9413872525930824,0.15811216705591266,0.19518227306935484
BIF-EI,5135059,7,0.9480302307711758,0.1362685807210925,0.1848379965272431
BIF-EI,5135059,8,0.9448220521234993,0.1389465678061772,0.21262516718033064
BIF-EI,5135059,9,0.9154910574255333,0.1521206955207212,0.23849613959301105
BIF-EI,5135059,10,0.9363822800127444,0.1428988682832113,0.27781171398347254
BIF-EI,5135059,11,0.9587575744292237,0.13463785485038177,0.2559849541781756
BIF-EI,5135059,12,0.9587575744292237,0.13444203006590824,0.2672686602423839
BIF-EI,5135059,13,0.9587575744292237,0.11539819279179632,0.2590420194429615
BIF-EI,5135059,14,0.9587575744292237,0.14205751329115401,0.19706441474274305
BIF-EI,5135059,15,0.9587575744292237,0.13908434637850756,0.2789679881432447
BIF-EI,5135059,16,0.9448220521234993,0.13856683356154065,0.2704893959399446
BIF-EI,5135059,17,0.9587575744292237,0.1467290132364271,0.27606291957698137
BIF-EI,5135059,18,0.9448220521234993,0.15396923631481688,0.33535233487758365
BIF-EI,5135059,19,0.9448220521234993,0.15145744156871535,0.37054203677045205
BIF-EI,6813578,0,0.940204203296445,0.005039579950391684,0.24306630449725858
BIF-EI,6813578,1,0.912882493275358,0.000864587746529406,0.2154871327770078
BIF-EI,6813578,2,0.8973847202567925,0.17355467930220583,0.00594190703433421
BIF-EI,6813578,3,0.9432567073635896,0.10524515966873482,0.061558865586689646
BIF-EI,6813578,4,0.9432567073635896,0.05214097904292017,0.16169441397418854
BIF-EI,6813578,5,0.9918726116838824,0.0014742027900647048,0.14906286565325277
BIF-EI,6813578,6,0.940204203296445,0.013723733673540775,0.09455999697100782
BIF-EI,6813578,7,0.940204203296445,0.006077394323459659,0.05988303031676857
BIF-EI,6813578,8,0.940204203296445,0.030500041944900174,0.049074356695849156
BIF-EI,6813578,9,0.8827125125700589,0.011026720528877388,0.06133617678617533
BIF-EI,6813578,10,0.8827125125700589,0.030625933982239076,0.18225418086196388
BIF-EI,6813578,11,0.8827125125700589,0.010381334295048176,0.11981596001512167
BIF-EI,6813578,12,0.8827125125700589,0.03295301579123045,0.15617142479601687
BIF-EI,6813578,13,0.8827125125700589,0.04293060787273134,0.14040187114650607
BIF-EI,6813578,14,0.8827125125700589,0.04175598266732266,0.12821773004367107
BIF-EI,6813578,15,0.8827125125700589,0.04565103100597918,0.1660843666935088
BIF-EI,6813578,16,0.8827125125700589,0.06955916820516042,0.16789104082459447
BIF-EI,6813578,17,0.8827125125700589,0.06819789162979598,0.13939044583095606
BIF-EI,6813578,18,0.8827125125700589,0.0480288879258649,0.20050583699509278
BIF-EI,6813578,19,0.8827125125700589,0.026427729576936412,0.1605339126905523
BIF-EI,430826,0,0.7748115559465427,0.11878221982081373,0.3766609482416845
BIF-EI,430826,1,0.9361687513504021,0.12307073056691237,0.5038577351147457
BIF-EI,430826,2,0.9361687513504021,0.15021333036427448,0.35332008974493984
BIF-EI,430826,3,0.9587575744292237,0.1562502802533764,0.35403362133547656
BIF-EI,430826,4,0.9587575744292237,0.13772332515021682,0.326308919960007
BIF-EI,430826,5,0.9361687513504021,0.13260159126171872,0.3722368701065675
BIF-EI,430826,6,0.989187934632731,0.14069626419597503,0.38726624959585226
BIF-EI,430826,7,0.9361687513504021,0.14680248053515943,0.4015375440497042
BIF-EI,430826,8,0.989187934632731,0.1266207462393624,0.4067113467029495
BIF-EI,430826,9,0.989187934632731,0.1266147065942933,0.3858691417149467
BIF-EI,430826,10,0.9361687513504021,0.12868786180926473,0.3884546148108436
BIF-EI,430826,11,0.9361687513504021,0.12702057641238004,0.38984493260694053
BIF-EI,430826,12,0.9361687513504021,0.1251578280437373,0.3668645077964817
BIF-EI,430826,13,0.9361687513504021,0.1278080274504517,0.3711813736835176
BIF-EI,430826,14,0.9361687513504021,0.12539562183296526,0.3637991269102795
BIF-EI,430826,15,0.9361687513504021,0.1414845630875533,0.36420750853690065
BIF-EI,430826,16,0.9361687513504021,0.12558563923560445,0.3704277649989264
BIF-EI,430826,17,0.9361687513504021,0.1322579472202168,0.3673424050290526
BIF-EI,430826,18,0.9361687513504021,0.12213206931399424,0.38750649396128256
BIF-EI,430826,19,0.9361687513504021,0.1212850701021572,0.37529715546075526
BIF-EI,6192331,0,0.7352977238908789,0.0903736086263043,0.19917773881764295
BIF-EI,6192331,1,0.9432567073635896,0.000999502214557848,0.24794192392712763
BIF-EI,6192331,2,0.9730822831862775,0.0005427399035312693,0.03688961298398755
BIF-EI,6192331,3,0.9432567073635896,0.0008946817858612932,0.21013679621262005
BIF-EI,6192331,4,0.8827125125700589,0.006477958065648926,0.19218479733417346
BIF-EI,6192331,5,0.989187934632731,0.0041623281621021085,0.01736711995968398
BIF-EI,6192331,6,0.989187934632731,0.00465405921083392,0.14937934136760103
BIF-EI,6192331,7,0.989187934632731,0.004665637930042063,0.24946952480882517
BIF-EI,6192331,8,0.989187934632731,1.3111041149474394e-05,0.2764363135675178
BIF-EI,6192331,9,0.989187934632731,2.4898268618702275e-05,0.2557347566862361
BIF-EI,6192331,10,0.989187934632731,0.00016968808961215012,0.23045632005742525
BIF-EI,6192331,11,0.989187934632731,2.9215892458916922e-05,0.16265729975167184
BIF-EI,6192331,12,0.989187934632731,0.012706823274708472,0.16077219298919898
BIF-EI,6192331,13,0.989187934632731,0.011083350428143358,0.16280385905668984
BIF-EI,6192331,14,0.989187934632731,0.011073569506573074,0.13977804928697338
BIF-EI,6192331,15,0.989187934632731,0.010283541465699826,0.2751626826486141
BIF-EI,6192331,16,0.989187934632731,0.034639085760152656,0.25926389237089453
BIF-EI,6192331,17,0.940204203296445,0.012387564191292116,0.19494729171065697
BIF-EI,6192331,18,0.940204203296445,0.025593625504097234,0.10274134428163334
BIF-EI,6192331,19,0.940204203296445,0.03439821421691221,0.13908460737897033
BIF-EI,8026546,0,0.7352977238908789,0.08958118050973823,0.23061178482502437
BIF-EI,8026546,1,0.9432567073635896,0.08667590979079594,0.18140453098913195
BIF-EI,8026546,2,0.9448220521234993,0.022140646846390593,0.3752900117506256
BIF-EI,8026546,3,0.9154910574255333,0.0557330490689508,0.1362552689956894
BIF-EI,8026546,4,0.9154910574255333,0.004921400585751968,0.106221291951955
BIF-EI,8026546,5,0.9154910574255333,0.030771037654744284,0.050766710654505005
BIF-EI,8026546,6,0.950276476097432,0.015332562255732497,0.21274186179465512
BIF-EI,8026546,7,0.9587575744292237,0.017215002238759373,0.16582186117352266
BIF-EI,8026546,8,0.9587575744292237,0.013251166866587064,0.1464744032142067
BIF-EI,8026546,9,0.9587575744292237,0.021667787337091262,0.19406562542666883
BIF-EI,8026546,10,0.9587575744292237,0.0632531833333757,0.24160866836020692
BIF-EI,8026546,11,0.950276476097432,0.05748184584973949,0.26387578285906627
BIF-EI,8026546,12,0.950276476097432,0.05874189929838949,0.278303880935561
BIF-EI,8026546,13,0.9899483903095313,0.055522179646588565,0.28288310528530186
BIF-EI,8026546,14,0.9899483903095313,0.04425005658331243,0.26724484974401647
BIF-EI,8026546,15,0.9899483903095313,0.05121139930197946,0.26943223180514164
BIF-EI,8026546,16,0.950276476097432,0.024128140340158314,0.2784948691703394
BIF-EI,8026546,17,0.950276476097432,0.027310619300398437,0.24026119598419698
BIF-EI,8026546,18,0.950276476097432,0.02932288001009214,0.24360536969371283
BIF-EI,8026546,19,0.950276476097432,0.02914409253528658,0.27979671817273494
BIF-EI,6735254,0,0.9154910574255333,3.1382941962166103e-06,0.26319735587248555
BIF-EI,6735254,1,0.989187934632731,0.11380077819838869,0.1894393791507487
BIF-EI,6735254,2,0.9432567073635896,0.10465384436491147,0.5543383248722766
BIF-EI,6735254,3,0.9432567073635896,0.10692501003004477,0.36345055165809526
BIF-EI,6735254,4,0.9432567073635896,0.08313222612219193,0.3795863118987859
BIF-EI,6735254,5,0.9361687513504021,0.1377056989696174,0.3264248760062498
BIF-EI,6735254,6,0.9361687513504021,0.14265810918543276,0.35927509543014313
BIF-EI,6735254,7,0.9361687513504021,0.13992978807935547,0.3419473574140655
BIF-EI,6735254,8,0.9432567073635896,0.14045992808846897,0.3477393933777852
BIF-EI,6735254,9,0.9432567073635896,0.14150668691457519,0.3557817496827292
BIF-EI,6735254,10,0.9432567073635896,0.14296714085131768,0.36785721598275667
BIF-EI,6735254,11,0.9432567073635896,0.08652373152575435,0.388673119627129
BIF-EI,6735254,12,0.8827125125700589,0.08554009670706059,0.26783594660771826
BIF-EI,6735254,13,0.9432567073635896,0.07649760537165602,0.277353580427186
BIF-EI,6735254,14,0.9432567073635896,0.07455720577475726,0.23402539464294364
BIF-EI,6735254,15,0.9432567073635896,0.0810382231748474,0.2475070532406903
BIF-EI,6735254,16,0.9432567073635896,0.08355190671832693,0.24723764794317166
BIF-EI,6735254,17,0.9432567073635896,0.08577184350856934,0.24653576506383
BIF-EI,6735254,18,0.9432567073635896,0.086575973074077,0.22701570789127512
BIF-EI,6735254,19,0.9432567073635896,0.07865587383613719,0.2702022885264192
BIF-EI,1112898,0,0.856252169487011,0.014992218895152403,0.3177606900481092
BIF-EI,1112898,1,0.8814571308906789,0.020179561731482235,0.24269999328215996
BIF-EI,1112898,2,0.8814571308906789,0.05797061773536347,0.3033315254290156
BIF-EI,1112898,3,0.8814571308906789,0.04958376975365827,0.28759492589170715
BIF-EI,1112898,4,0.9361687513504021,0.020324406541504095,0.1906400344654933
BIF-EI,1112898,5,0.989187934632731,0.019428101497214047,0.19791902256144117
BIF-EI,1112898,6,0.989187934632731,0.09874319953653923,0.22390918648093458
BIF-EI,1112898,7,0.989187934632731,0.11609506205700938,0.3420338254912283
BIF-EI,1112898,8,0.9361687513504021,0.11543765527871223,0.26544172736153876
BIF-EI,1112898,9,0.9361687513504021,0.11130223023431435,0.24812487437730046
BIF-EI,1112898,10,0.9361687513504021,0.09929736455157492,0.25598689637523736
BIF-EI,1112898,11,0.9361687513504021,0.09369560916204801,0.23037958847522017
BIF-EI,1112898,12,0.9361687513504021,0.10475923553040507,0.20580236396711496
BIF-EI,1112898,13,0.9361687513504021,0.10350282308808477,0.2283019207442243
BIF-EI,1112898,14,0.9361687513504021,0.10310707617573536,0.20399163441352872
BIF-EI,1112898,15,0.9361687513504021,0.12054543123076004,0.20540824843075503
BIF-EI,1112898,16,0.9361687513504021,0.12331560990553332,0.25395122163119976
BIF-EI,1112898,17,0.9361687513504021,0.1276877301555765,0.25538656759874323
BIF-EI,1112898,18,0.9361687513504021,0.1337404191267642,0.2721427066237937
BIF-EI,1112898,19,0.9361687513504021,0.13568458177060222,0.28492214742617283
BIF-EI,5609958,0,0.8974177891165442,0.04831687124315194,0.1780160823639258
BIF-EI,5609958,1,0.8974177891165442,0.04248557999828204,0.2240499337699955
BIF-EI,5609958,2,0.8827125125700589,0.027813470727973525,0.36016219398517624
BIF-EI,5609958,3,0.8827125125700589,0.008475895037166236,0.15041312003313181
BIF-EI,5609958,4,0.8827125125700589,0.01286312748545556,0.20052845088993554
BIF-EI,5609958,5,0.9361687513504021,0.019215765602763914,0.2617942069885329
BIF-EI,5609958,6,0.9361687513504021,0.10682814386332866,0.28431472114425715
BIF-EI,5609958,7,0.9312550498740352,0.11528729085440079,0.3807282400664198
BIF-EI,5609958,8,0.9361687513504021,0.10059269761196804,0.3819613229908131
BIF-EI,5609958,9,0.9361687513504021,0.1045913602460805,0.33931019596766754
BIF-EI,5609958,10,0.9361687513504021,0.10287326346639702,0.36096415166240503
BIF-EI,5609958,11,0.9361687513504021,0.1054627865397962,0.3852307436144228
BIF-EI,5609958,12,0.9782821873010362,0.10485292777608274,0.3797410286650233
BIF-EI,5609958,13,0.9782821873010362,0.09773369813011679,0.363620957179915
BIF-EI,5609958,14,0.9361687513504021,0.10569200534613094,0.3622510305024276
BIF-EI,5609958,15,0.9361687513504021,0.13144749962155478,0.37516768815624174
BIF-EI,5609958,16,0.9361687513504021,0.12895901948918778,0.4219169023255597
BIF-EI,5609958,17,0.9361687513504021,0.13605075918276346,0.4243903908347636
BIF-EI,5609958,18,0.9782821873010362,0.13512697514984448,0.44359270963009645
BIF-EI,5609958,19,0.9782821873010362,0.12417627553118694,0.44078755798983843
BIF-EI,4736968,0,0.989187934632731,0.023424339696159195,0.14191154485430207
BIF-EI,4736968,1,0.9154910574255333,0.04967677006983348,0.08564257597355475
BIF-EI,4736968,2,0.9216532430241211,0.025840766274907685,0.3649802792414739
BIF-EI,4736968,3,0.9154910574255333,0.06447793337080969,0.3207051569508389
BIF-EI,4736968,4,0.950276476097432,0.06977999972017906,0.3706734192496657
BIF-EI,4736968,5,0.950276476097432,0.08285721950105783,0.2922453244445639
BIF-EI,4736968,6,0.950276476097432,0.06540065564228877,0.3138994381843291
BIF-EI,4736968,7,0.950276476097432,0.07028986538544303,0.2981207190292799
BIF-EI,4736968,8,0.950276476097432,0.06841867309922621,0.2998887265641715
BIF-EI,4736968,9,0.950276476097432,0.0625497180147642,0.3168159184924175
BIF-EI,4736968,10,0.950276476097432,0.07728589930656284,0.3185522569722153
BIF-EI,4736968,11,0.9587575744292237,0.07838421904760823,0.31912019775542816
BIF-EI,4736968,12,0.9587575744292237,0.0736323059255831,0.31023853384882755
BIF-EI,4736968,13,0.9587575744292237,0.0735706722838097,0.3191876697908936
BIF-EI,4736968,14,0.9587575744292237,0.055347040309803544,0.321180279981226
BIF-EI,4736968,15,0.950276476097432,0.052532191514757506,0.30116859857811273
BIF-EI,4736968,16,0.950276476097432,0.05721856241872166,0.3071439759881533
BIF-EI,4736968,17,0.950276476097432,0.08248419645839093,0.3021442071331996
BIF-EI,4736968,18,0.950276476097432,0.08966125459155944,0.3059888442045742
BIF-EI,4736968,19,0.950276476097432,0.09482614507719365,0.2954264500258964
BIF-EI,617977,0,0.8974177891165442,0.013307713693536874,0.3037253589919874
BIF-EI,617977,1,0.9587575744292237,0.17322614865014951,0.08059823870798663
BIF-EI,617977,2,0.9448640681002519,0.14168731530910644,0.4675158119544272
BIF-EI,617977,3,0.9587575744292237,0.13966660758299276,0.5025859934335896
BIF-EI,617977,4,0.9587575744292237,0.0912004060637104,0.294154691335939
BIF-EI,617977,5,0.9432567073635896,0.07034519851600472,0.5248981903082798
BIF-EI,617977,6,0.8827125125700589,0.07944267988459273,0.4016770884312565
BIF-EI,617977,7,0.8827125125700589,0.03683546700126078,0.23381565970383755
BIF-EI,617977,8,0.8827125125700589,0.07269070197126959,0.2214024243205557
BIF-EI,617977,9,0.8827125125700589,0.06884993184822565,0.23096860621301726
BIF-EI,617977,10,0.8827125125700589,0.09440823374775678,0.24541397745082727
BIF-EI,617977,11,0.989187934632731,0.015046911931415122,0.1911055753137401
BIF-EI,617977,12,0.8780333543135125,0.013501189875488075,0.1439334020784143
BIF-EI,617977,13,0.8780333543135125,0.06749362814712709,0.1507835947917445
BIF-EI,617977,14,0.8780333543135125,0.06240408526094821,0.1761964135280917
BIF-EI,617977,15,0.8780333543135125,0.06320439655970816,0.18390784907780602
BIF-EI,617977,16,0.8780333543135125,0.060860797109861274,0.21130355399053932
BIF-EI,617977,17,0.8780333543135125,0.017761628037557573,0.1479850540802378
BIF-EI,617977,18,0.9869234370564112,0.01783893012529889,0.01644978293817285
BIF-EI,617977,19,0.9869234370564112,0.016733556720587933,0.018823114423409653
BIF-EI,8500888,0,0.7352977238908789,0.09141233694402634,0.23131975745716754
BIF-EI,8500888,1,0.9432567073635896,0.09636795026561519,0.3731046258289092
BIF-EI,8500888,2,0.989187934632731,0.09947000436322857,0.3336952148075401
BIF-EI,8500888,3,0.989187934632731,0.10341140677655325,0.27238105453218375
BIF-EI,8500888,4,0.989187934632731,0.12114811119698209,0.23703392427795705
BIF-EI,8500888,5,0.989187934632731,0.15553518447806056,0.3281210591770761
BIF-EI,8500888,6,0.9361687513504021,0.1678058109324406,0.34623136560914886
BIF-EI,8500888,7,0.9361687513504021,0.16578885159743192,0.41217333866411465
BIF-EI,8500888,8,0.9361687513504021,0.17486225873011296,0.4135028811371107
BIF-EI,8500888,9,0.9361687513504021,0.1505627773984705,0.3951922892467067
BIF-EI,8500888,10,0.9361687513504021,0.14317522119198908,0.39235728838303485
BIF-EI,8500888,11,0.9550606808649618,0.1661101898621665,0.4035702969532063
BIF-EI,8500888,12,0.9550606808649618,0.17570126866899718,0.41871975557237434
BIF-EI,8500888,13,0.9361687513504021,0.1712981532546862,0.4268246649341939
BIF-EI,8500888,14,0.9361687513504021,0.1725626521344768,0.43013420118374834
BIF-EI,8500888,15,0.9361687513504021,0.17144522870428985,0.4300823861132853
BIF-EI,8500888,16,0.9361687513504021,0.17212188947457457,0.4326723426492141
BIF-EI,8500888,17,0.950276476097432,0.15701637720316944,0.43253289066832706
BIF-EI,8500888,18,0.950276476097432,0.1558739090294034,0.39040997552420087
BIF-EI,8500888,19,0.950276476097432,0.1407350925409867,0.3859297801582825
BIF-EI,4205117,0,0.9587575744292237,0.0032040383997767267,0.2498564096634824
BIF-EI,4205117,1,0.9587575744292237,0.00010632651772713079,0.29702473466097734
BIF-EI,4205117,2,0.9587575744292237,0.0007567703268140561,0.35568914911465377
BIF-EI,4205117,3,0.9587575744292237,0.1328659051785595,0.3958607211707514
BIF-EI,4205117,4,0.9587575744292237,0.16338041957370072,0.41035596793419993
BIF-EI,4205117,5,0.9587575744292237,0.13436479867734752,0.4166642571149734
BIF-EI,4205117,6,0.9587575744292237,0.15460028173841625,0.40896797443137306
BIF-EI,4205117,7,0.9587575744292237,0.10324892222529532,0.41759854076466607
BIF-EI,4205117,8,0.9587575744292237,0.10088121266056135,0.36202979408133196
BIF-EI,4205117,9,0.9587575744292237,0.1545661274461833,0.3912035450755398
BIF-EI,4205117,10,0.9587575744292237,0.15246804451196302,0.4311374146727263
BIF-EI,4205117,11,0.9587575744292237,0.12972417558746985,0.4120078677600001
BIF-EI,4205117,12,0.9587575744292237,0.12990727361615037,0.32080223237355454
BIF-EI,4205117,13,0.9587575744292237,0.1301501124822096,0.3369712771379927
BIF-EI,4205117,14,0.9587575744292237,0.13027225556846744,0.34097262898811087
BIF-EI,4205117,15,0.9587575744292237,0.1348602443137389,0.3373325487162082
BIF-EI,4205117,16,0.9587575744292237,0.13586695080932892,0.35573627504219923
BIF-EI,4205117,17,0.9587575744292237,0.1548940842219162,0.36799211773018026
BIF-EI,4205117,18,0.9587575744292237,0.1507378408115829,0.3756212671169171
BIF-EI,4205117,19,0.9587575744292237,0.1548625294873083,0.3535277136565387
BIF-EI,756214,0,0.7352977238908789,0.09137618723398083,0.18841984142758234
BIF-EI,756214,1,0.9432567073635896,0.04045352329547066,0.3643277967833608
BIF-EI,756214,2,0.8780333543135125,0.12002153634246492,0.22992857222717047
BIF-EI,756214,3,0.950276476097432,0.11099811853093583,0.4459067068643271
BIF-EI,756214,4,0.950276476097432,0.12984794827552243,0.5019727248215031
BIF-EI,756214,5,0.950276476097432,0.14239234156499087,0.49542653264913594
BIF-EI,756214,6,0.950276476097432,0.14297593459745114,0.5067991675983756
BIF-EI,756214,7,0.950276476097432,0.14178786087761863,0.47285649463006507
BIF-EI,756214,8,0.950276476097432,0.14717492229719376,0.4280584351649431
BIF-EI,756214,9,0.950276476097432,0.14990475704012846,0.4531231940901532
BIF-EI,756214,10,0.950276476097432,0.15349260452469343,0.44176374231888804
BIF-EI,756214,11,0.950276476097432,0.13528551573587094,0.4492409329350186
BIF-EI,756214,12,0.950276476097432,0.1399252228845119,0.4400624737088605
BIF-EI,756214,13,0.950276476097432,0.13014196398566139,0.4598144663861238
BIF-EI,756214,14,0.950276476097432,0.1337004279323984,0.4054983524539917
BIF-EI,756214,15,0.950276476097432,0.13282237691023074,0.42071911916409677
BIF-EI,756214,16,0.950276476097432,0.12322907783875146,0.4248582514457565
BIF-EI,756214,17,0.950276476097432,0.11851597279793837,0.4160931967504472
BIF-EI,756214,18,0.950276476097432,0.11779476856918786,0.4179054024311728
BIF-EI,756214,19,0.9361687513504021,0.10589874117301935,0.4052365629954312
BIF-EI,4283694,0,0.989187934632731,0.05438640989499049,0.17857979339959226
BIF-EI,4283694,1,0.989187934632731,1.269925160466364e-06,0.16928759430475
BIF-EI,4283694,2,0.989187934632731,0.001055797883176038,0.10408441997364798
BIF-EI,4283694,3,0.989187934632731,0.007036348209512631,0.15705865121950405
BIF-EI,4283694,4,0.989187934632731,0.000934563261669194,0.21598167758811093
BIF-EI,4283694,5,0.8278734515304421,0.001989243565138476,0.16810268342865042
BIF-EI,4283694,6,0.8346194200905752,0.10085507635446599,0.19504337998506888
BIF-EI,4283694,7,0.9361687513504021,0.07718258993827634,0.25375879128131307
BIF-EI,4283694,8,0.8827125125700589,0.07821504257107488,0.14545584187088656
BIF-EI,4283694,9,0.8827125125700589,0.06931010708004531,0.20243168745741094
BIF-EI,4283694,10,0.8827125125700589,0.06947351074660844,0.22309420557819215
BIF-EI,4283694,11,0.8827125125700589,0.020022523903865296,0.21063472897341845
BIF-EI,4283694,12,0.9154910574255333,0.05171377130936601,0.0993615274760667
BIF-EI,4283694,13,0.9154910574255333,0.048941586480808846,0.10550016873273368
BIF-EI,4283694,14,0.8827125125700589,0.03971218664702592,0.14539130260390615
BIF-EI,4283694,15,0.8827125125700589,0.045656623752079926,0.12443029854655138
BIF-EI,4283694,16,0.8827125125700589,0.033997882490233056,0.1342757186662282
BIF-EI,4283694,17,0.8827125125700589,0.012486904196878102,0.13572381080551138
BIF-EI,4283694,18,0.8827125125700589,0.09059087500546244,0.08686869939136548
BIF-EI,4283694,19,0.9361687513504021,0.049483411211803205,0.20695240820018235
BIF-EI,7449696,0,0.7352977238908789,0.08918367665354764,0.21877057738093708
BIF-EI,7449696,1,0.9432567073635896,0.11967125996775173,0.2803838099422936
BIF-EI,7449696,2,0.950276476097432,0.12806404752356682,0.41436010705265136
BIF-EI,7449696,3,0.950276476097432,0.12597954577144546,0.41280799322329764
BIF-EI,7449696,4,0.950276476097432,0.1304584314979114,0.3536666968021171
BIF-EI,7449696,5,0.950276476097432,0.11104315568723,0.3408799884374742
BIF-EI,7449696,6,0.950276476097432,0.11865938539152296,0.32313575280617135
BIF-EI,7449696,7,0.950276476097432,0.11491110690549061,0.42200448433663584
BIF-EI,7449696,8,0.950276476097432,0.11664568650883686,0.4398379734505
BIF-EI,7449696,9,0.950276476097432,0.14567335459358713,0.44272689341805066
BIF-EI,7449696,10,0.950276476097432,0.1447558606450802,0.4358428580329009
BIF-EI,7449696,11,0.950276476097432,0.1322532585188294,0.43678098744478966
BIF-EI,7449696,12,0.950276476097432,0.11595259549182864,0.4283253281694913
BIF-EI,7449696,13,0.950276476097432,0.11403842786929648,0.43987945947333296
BIF-EI,7449696,14,0.989187934632731,0.06481155749061841,0.4342998706538176
BIF-EI,7449696,15,0.950276476097432,0.06832345929146892,0.3261815505729075
BIF-EI,7449696,16,0.950276476097432,0.08351848489853358,0.2801968378137377
BIF-EI,7449696,17,0.950276476097432,0.08770164587250721,0.34083999368374723
BIF-EI,7449696,18,0.950276476097432,0.09716964364448862,0.3390376142957938
BIF-EI,7449696,19,0.950276476097432,0.09955210729475983,0.3467172334143282
BIF-EI,9848369,0,0.7352977238908789,0.11796772375152859,0.2028434674145272
BIF-EI,9848369,1,0.7352977238908789,0.0024139334425663924,0.19025662332426113
BIF-EI,9848369,2,0.989187934632731,9.78668429233417e-05,0.27637885627091535
BIF-EI,9848369,3,0.989187934632731,0.016721987806829642,0.18762244071848658
BIF-EI,9848369,4,0.856252169487011,3.349561020614771e-07,0.13352727336847156
BIF-EI,9848369,5,0.856252169487011,1.7954135249313754e-05,0.20358631573666014
BIF-EI,9848369,6,0.8362595015245802,0.003368469284438494,0.230399487338627
BIF-EI,9848369,7,0.856252169487011,0.0028657999154809276,0.23335854182749932
BIF-EI,9848369,8,0.856252169487011,0.0035083035027379302,0.24291064543691673
BIF-EI,9848369,9,0.856252169487011,0.010307195372595397,0.07754073704873338
BIF-EI,9848369,10,0.856252169487011,0.00014207445304704035,0.03873629567410408
BIF-EI,9848369,11,0.856252169487011,0.012895885853844364,0.08726637319348568
BIF-EI,9848369,12,0.9587575744292237,0.011439974549533459,0.08400584334228858
BIF-EI,9848369,13,0.9587575744292237,0.012078525543126219,0.05511323261504999
BIF-EI,9848369,14,0.9587575744292237,0.08569195677578219,0.05333476708521486
BIF-EI,9848369,15,0.9587575744292237,0.10070299819462458,0.2683801289187528
BIF-EI,9848369,16,0.9587575744292237,0.10141564236939445,0.2950806198878821
BIF-EI,9848369,17,0.9587575744292237,0.14278455333617335,0.29887294721942226
BIF-EI,9848369,18,0.9361687513504021,0.14300850679138163,0.4074790921424348
BIF-EI,9848369,19,0.9361687513504021,0.14888554293769063,0.4044562951860188
BIF-PI,9049607,0,0.7352977238908789,0.08877941642734657,0.34122368741016085
BIF-PI,9049607,1,0.9432567073635896,0.0003773398543043616,0.342768326589264
BIF-PI,9049607,2,0.8780333543135125,0.08165548730403348,0.3176750882760559
BIF-PI,9049607,3,0.950276476097432,0.06130441318576384,0.4976699951205762
BIF-PI,9049607,4,0.989187934632731,0.052573910814017515,0.46219997947712727
BIF-PI,9049607,5,0.989187934632731,0.04917351409431546,0.38881152485159653
BIF-PI,9049607,6,0.989187934632731,0.05149909430173126,0.3594602656972726
BIF-PI,9049607,7,0.989187934632731,0.053764424449121585,0.27597528304878116
BIF-PI,9049607,8,0.9361687513504021,0.04933246096671483,0.27921734194018855
BIF-PI,9049607,9,0.9361687513504021,0.04698243875359212,0.22185586479672748
BIF-PI,9049607,10,0.9361687513504021,0.048682756735727764,0.19920708061960968
BIF-PI,9049607,11,0.9361687513504021,0.04159635003796306,0.2065869421371448
BIF-PI,9049607,12,0.9361687513504021,0.04181306504880123,0.19641981428752003
BIF-PI,9049607,13,0.9361687513504021,0.043125041579009885,0.22505338133979472
BIF-PI,9049607,14,0.9361687513504021,0.03714170153364194,0.20811442649667497
BIF-PI,9049607,15,0.9361687513504021,0.03880174192952225,0.15999223244351485
BIF-PI,9049607,16,0.989187934632731,0.03974704451821421,0.1767340783603143
BIF-PI,9049607,17,0.989187934632731,0.04744386457409043,0.19318413337455903
BIF-PI,9049607,18,0.9361687513504021,0.09649864576200065,0.2966458217328359
BIF-PI,9049607,19,0.9361687513504021,0.0954446246899688,0.3344142525802871
BIF-PI,2402697,0,0.7352977238908789,0.08927944394289013,0.3762267741062197
BIF-PI,2402697,1,0.9448220521234993,0.08722906450845133,0.46010930092275015
BIF-PI,2402697,2,0.9432567073635896,0.09409215256821275,0.10278184299884485
BIF-PI,2402697,3,0.9432567073635896,0.13062448731581566,0.14958306770815866
BIF-PI,2402697,4,0.9361687513504021,0.11260483097757326,0.20545365146984249
BIF-PI,2402697,5,0.9432567073635896,0.10719211274156357,0.3695752998532479
BIF-PI,2402697,6,0.9432567073635896,0.12237393279898484,0.3267969206873257
BIF-PI,2402697,7,0.9432567073635896,0.11043653261399697,0.283269866598101
BIF-PI,2402697,8,0.9432567073635896,0.10870813744033699,0.274482555512812
BIF-PI,2402697,9,0.9587575744292237,0.08971921188081428,0.24365314769783444
BIF-PI,2402697,10,0.9432567073635896,0.09947655701869909,0.2573348586370995
BIF-PI,2402697,11,0.9432567073635896,0.08730228390749178,0.23473317273570038
BIF-PI,2402697,12,0.9448220521234993,0.09128995172691601,0.21382938527436296
BIF-PI,2402697,13,0.9432567073635896,0.09085560729497266,0.22054540128778946
BIF-PI,2402697,14,0.9432567073635896,0.10652520996465405,0.21990192403891026
BIF-PI,2402697,15,0.9432567073635896,0.15514443367986064,0.27797804041179397
BIF-PI,2402697,16,0.9432567073635896,0.1570134892434829,0.4197129903003274
BIF-PI,2402697,17,0.9432567073635896,0.15720308130318122,0.4234258476096382
BIF-PI,2402697,18,0.9432567073635896,0.15528537993043262,0.4156231179553436
BIF-PI,2402697,19,0.9432567073635896,0.16133192976369823,0.4176954878427109
BIF-PI,6510749,0,0.7352977238908789,0.08919276520605408,0.26120911227929683
BIF-PI,6510749,1,0.9448220521234993,0.0866887158260714,0.24213545792111413
BIF-PI,6510749,2,0.9432567073635896,0.0974847005930912,0.20973722705509437
BIF-PI,6510749,3,0.989187934632731,0.06129602797093433,0.375136413685327
BIF-PI,6510749,4,0.989187934632731,0.038705681063091954,0.37300703513890965
BIF-PI,6510749,5,0.940204203296445,0.07622212368673607,0.3567340474340322
BIF-PI,6510749,6,0.989187934632731,0.10906424445833814,0.3835604162047781
BIF-PI,6510749,7,0.989187934632731,0.1001983766940386,0.41895350548007787
BIF-PI,6510749,8,0.989187934632731,0.12314619844502842,0.4352412164176175
BIF-PI,6510749,9,0.9432567073635896,0.1259346183079476,0.4495425445552884
BIF-PI,6510749,10,0.9432567073635896,0.1374702902700624,0.43893120322701384
BIF-PI,6510749,11,0.9432567073635896,0.13716028551985016,0.4004750443969155
BIF-PI,6510749,12,0.9432567073635896,0.13596345885897762,0.3846823268326509
BIF-PI,6510749,13,0.9432567073635896,0.13537777451250477,0.38991121230451253
BIF-PI,6510749,14,0.9432567073635896,0.13398943405180191,0.37087420010307076
BIF-PI,6510749,15,0.9432567073635896,0.14012431308151896,0.3740282810192823
BIF-PI,6510749,16,0.9432567073635896,0.13652003178479644,0.36039564990763495
BIF-PI,6510749,17,0.9432567073635896,0.1401650723105529,0.3640524649764926
BIF-PI,6510749,18,0.9432567073635896,0.14951713688131033,0.3643905184355055
BIF-PI,6510749,19,0.9432567073635896,0.15171812835953288,0.41046701067344804
BIF-PI,758529,0,0.7352977238908789,0.0891851596738508,0.0948626146439798
BIF-PI,758529,1,0.9359993013628581,0.07172640995552154,0.20965055258334245
BIF-PI,758529,2,0.9432567073635896,0.07154738407043443,0.41497072453758105
BIF-PI,758529,3,0.9432567073635896,0.07398384946369677,0.43559919490060495
BIF-PI,758529,4,0.9432567073635896,0.1105214637956669,0.2986141160452608
BIF-PI,758529,5,0.9432567073635896,0.13341406189887914,0.329357446151751
BIF-PI,758529,6,0.9432567073635896,0.1295789635873067,0.49007942225911505
BIF-PI,758529,7,0.9432567073635896,0.0997085310684051,0.482852391284613
BIF-PI,758529,8,0.9432567073635896,0.09883036347918407,0.48260441573604185
BIF-PI,758529,9,0.9432567073635896,0.09987652161742656,0.4316743029048471
BIF-PI,758529,10,0.9432567073635896,0.12352818365210505,0.4396715167204331
BIF-PI,758529,11,0.9432567073635896,0.12328173075778129,0.4069980734714744
BIF-PI,758529,12,0.9432567073635896,0.11989982583479343,0.4076957340384684
BIF-PI,758529,13,0.9432567073635896,0.11226099810588797,0.41963692854670165
BIF-PI,758529,14,0.9432567073635896,0.11284729063997619,0.4212702055752004
BIF-PI,758529,15,0.9432567073635896,0.12363331950182857,0.41719726525607626
BIF-PI,758529,16,0.9432567073635896,0.1202948350694347,0.4273632203246728
BIF-PI,758529,17,0.9432567073635896,0.09273264872547218,0.4150752801429566
BIF-PI,758529,18,0.9432567073635896,0.09207384097722139,0.3534052384430383
BIF-PI,758529,19,0.9432567073635896,0.10201363209254613,0.3528957197703222
BIF-PI,3523986,0,0.8974177891165442,0.011709476259676502,0.10550477212808053
BIF-PI,3523986,1,0.9587575744292237,2.2929927069955234e-05,0.2674897239756801
BIF-PI,3523986,2,0.9582537045941941,0.010514081416016173,0.3876619168730988
BIF-PI,3523986,3,0.9582537045941941,0.001117420286075473,0.2593216105262847
BIF-PI,3523986,4,0.912882493275358,0.06939057523590171,0.194064733884577
BIF-PI,3523986,5,0.912882493275358,0.09891123160282927,0.0900321966289549
BIF-PI,3523986,6,0.912882493275358,0.021280102736166814,0.11124535202868294
BIF-PI,3523986,7,0.912882493275358,0.013245201584583212,0.06366169257682877
BIF-PI,3523986,8,0.912882493275358,0.00038250762901830015,0.03017596152169699
BIF-PI,3523986,9,0.9582537045941941,0.002890130281002802,0.02177073476183995
BIF-PI,3523986,10,0.940204203296445,0.004744916845953979,0.13992620162865124
BIF-PI,3523986,11,0.989187934632731,0.09143244858434767,0.23874425920260475
BIF-PI,3523986,12,0.940204203296445,0.0900252216366665,0.33593440318317924
BIF-PI,3523986,13,0.940204203296445,0.08984244502941562,0.34326457206131317
BIF-PI,3523986,14,0.940204203296445,0.0888086718617738,0.3612679868141898
BIF-PI,3523986,15,0.940204203296445,0.10850925051413822,0.3378879156420484
BIF-PI,3523986,16,0.9361687513504021,0.119433541899921,0.4028826305005797
BIF-PI,3523986,17,0.9782821873010362,0.13697247059715814,0.4088976956711673
BIF-PI,3523986,18,0.9361687513504021,0.14158325712339034,0.4103727938267778
BIF-PI,3523986,19,0.9782821873010362,0.14248882322895093,0.41085906637058656
BIF-PI,3224638,0,0.7352977238908789,0.08921741932379268,0.4458798060828521
BIF-PI,3224638,1,0.9448220521234993,0.0819293446742606,0.2902465520370959
BIF-PI,3224638,2,0.9448220521234993,0.10024685682744773,0.2888159314419364
BIF-PI,3224638,3,0.989187934632731,0.11428697680194126,0.4178485535700449
BIF-PI,3224638,4,0.989187934632731,0.0252592834914994,0.40976369453694095
BIF-PI,3224638,5,0.856252169487011,0.034013273227301556,0.37100557561150166
BIF-PI,3224638,6,0.856252169487011,0.1135222796424449,0.40210356409261117
BIF-PI,3224638,7,0.9431120557363084,0.13415947369038353,0.4030196356674578
BIF-PI,3224638,8,0.9361687513504021,0.14138774342739863,0.411556737055252
BIF-PI,3224638,9,0.9361687513504021,0.13244000875804368,0.417012466201745
BIF-PI,3224638,10,0.9361687513504021,0.13347541620464295,0.3948560541245546
BIF-PI,3224638,11,0.9361687513504021,0.13108244882773878,0.3655947517756574
BIF-PI,3224638,12,0.9361687513504021,0.13420860929549797,0.3624935547412964
BIF-PI,3224638,13,0.9361687513504021,0.14567194345108347,0.3768912415983152
BIF-PI,3224638,14,0.9361687513504021,0.1452814659666251,0.3949593488822291
BIF-PI,3224638,15,0.9361687513504021,0.14556634900081902,0.3980605280059233
BIF-PI,3224638,16,0.9361687513504021,0.14813091343947082,0.3972394198496721
BIF-PI,3224638,17,0.9361687513504021,0.15012107677333045,0.40431970468164447
BIF-PI,3224638,18,0.9361687513504021,0.13417151493058732,0.40998212142378143
BIF-PI,3224638,19,0.9361687513504021,0.13165453161578353,0.3911451269362243
BIF-PI,9729091,0,0.7352977238908789,0.08917558909511067,0.4760052038024931
BIF-PI,9729091,1,0.9359993013628581,0.02180494632873659,0.41775672872795644
BIF-PI,9729091,2,0.9154910574255333,0.032357791348027645,0.21850426120223054
BIF-PI,9729091,3,0.9154910574255333,0.09610231973280262,0.17070864126757881
BIF-PI,9729091,4,0.950276476097432,0.0987822599646634,0.1561568398173927
BIF-PI,9729091,5,0.950276476097432,0.08397972444370119,0.15419490929315025
BIF-PI,9729091,6,0.9154910574255333,0.0860279242344841,0.15577785296822508
BIF-PI,9729091,7,0.9154910574255333,0.08473669415115957,0.14658280265951565
BIF-PI,9729091,8,0.9154910574255333,0.0928444865335131,0.16257226635090952
BIF-PI,9729091,9,0.9587575744292237,0.07068006933584736,0.19108712764171804
BIF-PI,9729091,10,0.9587575744292237,0.06873111798627352,0.21741261402062034
BIF-PI,9729091,11,0.9587575744292237,0.07460667164345253,0.2196721441758557
BIF-PI,9729091,12,0.9587575744292237,0.07595200130543903,0.2465664556577577
BIF-PI,9729091,13,0.9587575744292237,0.15506526198408596,0.23839834796071552
BIF-PI,9729091,14,0.9587575744292237,0.15465181084044222,0.3754630592130551
BIF-PI,9729091,15,0.9361687513504021,0.14868003462714577,0.37534845119619814
BIF-PI,9729091,16,0.9361687513504021,0.13052689243382593,0.3929296414037018
BIF-PI,9729091,17,0.9361687513504021,0.1304979800322585,0.3978230792174321
BIF-PI,9729091,18,0.9361687513504021,0.1285384953114823,0.39225231614341555
BIF-PI,9729091,19,0.9361687513504021,0.13325037440282783,0.3926519564330633
BIF-PI,5830471,0,0.7352977238908789,0.08916223062245901,0.3379709284652662
BIF-PI,5830471,1,0.9359993013628581,0.0748234501617355,0.33610056530444626
BIF-PI,5830471,2,0.9154910574255333,0.09645461743771594,0.09251830918605872
BIF-PI,5830471,3,0.989187934632731,0.05723394333086217,0.13016854507121645
BIF-PI,5830471,4,0.8780333543135125,0.03730287760862217,0.13373077524869562
BIF-PI,5830471,5,0.940204203296445,0.03866429054721604,0.12655496538786498
BIF-PI,5830471,6,0.940204203296445,0.04170598442545296,0.07708050981916485
BIF-PI,5830471,7,0.940204203296445,0.037481820637412594,0.03561332151658611
BIF-PI,5830471,8,0.940204203296445,0.021641955404414392,0.040639800856741494
BIF-PI,5830471,9,0.940204203296445,0.03720987008332905,0.04024505552284712
BIF-PI,5830471,10,0.940204203296445,0.03156225619940335,0.09213804836306067
BIF-PI,5830471,11,0.940204203296445,0.01925191766685856,0.045228164401896524
BIF-PI,5830471,12,0.940204203296445,0.0003044984319336827,0.023746146396263136
BIF-PI,5830471,13,0.940204203296445,0.0008064409654984158,0.012363320934277172
BIF-PI,5830471,14,0.940204203296445,0.004284767468446383,0.021129775641735304
BIF-PI,5830471,15,0.940204203296445,0.0017112445683713504,0.04346299082085399
BIF-PI,5830471,16,0.940204203296445,0.004142706272237602,0.22745373918263734
BIF-PI,5830471,17,0.940204203296445,0.002653074718910084,0.26065648062501506
BIF-PI,5830471,18,0.940204203296445,0.001343444445672755,0.2638246818055463
BIF-PI,5830471,19,0.940204203296445,0.0012299502160216988,0.2617370953916003
BIF-PI,5343420,0,0.7352977238908789,0.08917122566899546,0.1497998625097305
BIF-PI,5343420,1,0.9359993013628581,0.017102804165497015,0.1816864260067664
BIF-PI,5343420,2,0.9154910574255333,0.05411815495036651,0.2117202969833993
BIF-PI,5343420,3,0.989187934632731,0.04039685278853514,0.5323519271389612
BIF-PI,5343420,4,0.989187934632731,0.0001150018207584286,0.41847519659829757
BIF-PI,5343420,5,0.856252169487011,0.04423304903199272,0.35611100291336906
BIF-PI,5343420,6,0.950276476097432,0.0920452457364438,0.47511086594465923
BIF-PI,5343420,7,0.950276476097432,0.10462238818084034,0.4640989435943718
BIF-PI,5343420,8,0.950276476097432,0.10603680024231801,0.4627613830920433
BIF-PI,5343420,9,0.950276476097432,0.08083559480313286,0.4604523904740877
BIF-PI,5343420,10,0.950276476097432,0.08765274442018425,0.4573413357437843
BIF-PI,5343420,11,0.950276476097432,0.058413852833004945,0.4434872741533885
BIF-PI,5343420,12,0.940204203296445,0.062208788475105574,0.3788571251550745
BIF-PI,5343420,13,0.940204203296445,0.03115791394421035,0.35690250515939637
BIF-PI,5343420,14,0.940204203296445,0.03252145004751598,0.354399621659012
BIF-PI,5343420,15,0.9935020150424948,0.06260863828372337,0.35085165992745915
BIF-PI,5343420,16,0.9935020150424948,0.06630610770903672,0.36731353298230907
BIF-PI,5343420,17,0.9935020150424948,0.053982079669184016,0.37113315405551034
BIF-PI,5343420,18,0.9361687513504021,0.04682708487818553,0.4079720130136997
BIF-PI,5343420,19,0.9361687513504021,0.02698868636021981,0.40487576320178087
BIF-PI,2417321,0,0.7352977238908789,0.08875107170212321,0.281207752802419
BIF-PI,2417321,1,0.9432567073635896,0.08296320496315056,0.032049328593366996
BIF-PI,2417321,2,0.9432567073635896,0.0202955528425849,0.2048829293362674
BIF-PI,2417321,3,0.9790219798673182,0.0006187510264941784,0.2180764179076351
BIF-PI,2417321,4,0.856252169487011,0.00012320299355349983,0.015440041925498218
BIF-PI,2417321,5,0.9587575744292237,0.019250017025025587,0.012995773422823157
BIF-PI,2417321,6,0.9154910574255333,0.01208695586742775,0.09618151751541923
BIF-PI,2417321,7,0.9154910574255333,0.028879503195213145,0.09459128305301817
BIF-PI,2417321,8,0.9154910574255333,0.03578132113865676,0.04763492355789222
BIF-PI,2417321,9,0.9587575744292237,0.02977997483244226,0.041510635941573865
BIF-PI,2417321,10,0.9587575744292237,0.10112015958245785,0.05883020492713939
BIF-PI,2417321,11,0.9587575744292237,0.10195781071580089,0.17450872401952766
BIF-PI,2417321,12,0.9587575744292237,0.09271163157188612,0.22014757615466318
BIF-PI,2417321,13,0.9587575744292237,0.10278170353414359,0.22781211624595066
BIF-PI,2417321,14,0.9432567073635896,0.09498539700801739,0.23860991035323126
BIF-PI,2417321,15,0.9432567073635896,0.09599300517516189,0.21191021946052807
BIF-PI,2417321,16,0.9432567073635896,0.09721627715633234,0.2179932636582605
BIF-PI,2417321,17,0.9432567073635896,0.08586564564708184,0.22011234058216186
BIF-PI,2417321,18,0.9432567073635896,0.08648529414716434,0.21129876535529596
BIF-PI,2417321,19,0.9432567073635896,0.08607739544321033,0.2153456656153745
BIF-PI,9891788,0,0.7352977238908789,0.08921362063168092,0.2175045332171869
BIF-PI,9891788,1,0.9448220521234993,0.08241208818962187,0.1943487943013948
BIF-PI,9891788,2,0.9432567073635896,0.09977701726187617,0.20260405734688935
BIF-PI,9891788,3,0.989187934632731,0.1358628984036695,0.4633700656970692
BIF-PI,9891788,4,0.9361687513504021,0.12454461040579777,0.45336638352356495
BIF-PI,9891788,5,0.9431120557363084,0.1356844801471985,0.42167945839175713
BIF-PI,9891788,6,0.950276476097432,0.14253816976524772,0.4635305458305683
BIF-PI,9891788,7,0.950276476097432,0.13933930171803152,0.48520776107558616
BIF-PI,9891788,8,0.950276476097432,0.1332424957260795,0.4829277065028109
BIF-PI,9891788,9,0.989187934632731,0.13909318822226804,0.49646846043168524
BIF-PI,9891788,10,0.950276476097432,0.13445892149346425,0.4961640550197155
BIF-PI,9891788,11,0.950276476097432,0.1441368070123983,0.49772423997682935
BIF-PI,9891788,12,0.9359841464444141,0.14461679852327908,0.47916304537223087
BIF-PI,9891788,13,0.9359841464444141,0.14424346162195473,0.47519821093956993
BIF-PI,9891788,14,0.9432567073635896,0.1448884107226159,0.47097927677625023
BIF-PI,9891788,15,0.9359841464444141,0.14027596953791566,0.483112512897083
BIF-PI,9891788,16,0.9431120557363084,0.14065507970872382,0.46194753634217633
BIF-PI,9891788,17,0.9782821873010362,0.13457130359017058,0.45471721232990814
BIF-PI,9891788,18,0.9782821873010362,0.11913042314829077,0.4305992141036735
BIF-PI,9891788,19,0.9782821873010362,0.11157369301794866,0.42541532289591255
BIF-PI,9314146,0,0.7352977238908789,0.08917695188381822,0.38872553679930266
BIF-PI,9314146,1,0.9359993013628581,0.043970408348360183,0.4030456077676262
BIF-PI,9314146,2,0.9154910574255333,0.0606075015237745,0.1771552650293935
BIF-PI,9314146,3,0.9154910574255333,0.12621085410683383,0.3544020126567735
BIF-PI,9314146,4,0.950276476097432,0.12091635911543548,0.44669033713251505
BIF-PI,9314146,5,0.950276476097432,0.12526730861041274,0.4529376385801005
BIF-PI,9314146,6,0.950276476097432,0.0808901036142448,0.4524285200348563
BIF-PI,9314146,7,0.950276476097432,0.08798477611471824,0.39361279890895173
BIF-PI,9314146,8,0.950276476097432,0.01631767969131552,0.4028581773432147
BIF-PI,9314146,9,0.950276476097432,0.058166189951836096,0.2794406476305068
BIF-PI,9314146,10,0.950276476097432,0.058408166495806095,0.35603148255612543
BIF-PI,9314146,11,0.950276476097432,0.050121140169419195,0.375793445923674
BIF-PI,9314146,12,0.950276476097432,0.05911701864717883,0.381855733467126
BIF-PI,9314146,13,0.950276476097432,0.05764241908720763,0.3747666258847214
BIF-PI,9314146,14,0.950276476097432,0.054491074679553574,0.36337392285544123
BIF-PI,9314146,15,0.9154910574255333,0.059350862238966524,0.25104457225702054
BIF-PI,9314146,16,0.9154910574255333,0.058095395499026314,0.23922586304561771
BIF-PI,9314146,17,0.9154910574255333,0.008387186781886297,0.21877126161009303
BIF-PI,9314146,18,0.9154910574255333,0.00906601827145711,0.1548607423184422
BIF-PI,9314146,19,0.9154910574255333,0.013383403156329273,0.15747220154896424
BIF-PI,9488226,0,0.7352977238908789,0.08921001433354377,0.054208517242415225
BIF-PI,9488226,1,0.9359993013628581,0.062453785922171705,0.4528155032584317
BIF-PI,9488226,2,0.9154910574255333,0.09763581102351937,0.24037360664869772
BIF-PI,9488226,3,0.989187934632731,0.07213381100478568,0.3493963578205338
BIF-PI,9488226,4,0.989187934632731,0.08918918609061634,0.298939245808881
BIF-PI,9488226,5,0.989187934632731,0.1555339683063869,0.2270288551804752
BIF-PI,9488226,6,0.9361687513504021,0.14942717343833103,0.3794250364001755
BIF-PI,9488226,7,0.9361687513504021,0.14521921870867052,0.2944756919632822
BIF-PI,9488226,8,0.9382090356198851,0.15139030237279308,0.3035476220562862
BIF-PI,9488226,9,0.9587575744292237,0.17220938004833203,0.40529961887973953
BIF-PI,9488226,10,0.9587575744292237,0.17192440261064318,0.4660962591756963
BIF-PI,9488226,11,0.9587575744292237,0.17063417636896394,0.4679785974935592
BIF-PI,9488226,12,0.9359841464444141,0.16671471492099965,0.4674416063383995
BIF-PI,9488226,13,0.9359841464444141,0.16044150084088704,0.4386705611143842
BIF-PI,9488226,14,0.9587575744292237,0.16008746792761588,0.394246087157108
BIF-PI,9488226,15,0.9359841464444141,0.14325797173903732,0.41530364480512105
BIF-PI,9488226,16,0.9459775506061123,0.14284078641023082,0.3276438788574213
BIF-PI,9488226,17,0.9459775506061123,0.1438361163154235,0.321564102374794
BIF-PI,9488226,18,0.9459775506061123,0.1466076132679803,0.32412333407715016
BIF-PI,9488226,19,0.9459775506061123,0.14931230332755024,0.3248468117889024
BIF-PI,2697408,0,0.7352977238908789,0.08920858942976567,0.1764148291969696
BIF-PI,2697408,1,0.9790219798673182,0.08303259665147192,0.2061724093553912
BIF-PI,2697408,2,0.9432567073635896,0.0392462076338865,0.246909740228368
BIF-PI,2697408,3,0.989187934632731,0.055163097887515014,0.3122180445520403
BIF-PI,2697408,4,0.989187934632731,0.04181911370512477,0.33242307805495924
BIF-PI,2697408,5,0.989187934632731,0.042546947955343174,0.3037159843458647
BIF-PI,2697408,6,0.989187934632731,0.04921141103478062,0.3310791164655513
BIF-PI,2697408,7,0.989187934632731,0.048731565112812264,0.3131890657662456
BIF-PI,2697408,8,0.989187934632731,0.04650133895701431,0.3211469047795929
BIF-PI,2697408,9,0.989187934632731,0.057387639049716735,0.30443621102090757
BIF-PI,2697408,10,0.989187934632731,0.0378084589984107,0.3013866553806534
BIF-PI,2697408,11,0.989187934632731,0.0333283837732981,0.2799664104129279
BIF-PI,2697408,12,0.989187934632731,0.05182783689797452,0.2779000165310177
BIF-PI,2697408,13,0.989187934632731,0.05251159904310156,0.30160090358560593
BIF-PI,2697408,14,0.989187934632731,0.04960765188502381,0.3008506618404049
BIF-PI,2697408,15,0.989187934632731,0.08452343776508874,0.3021603759548799
BIF-PI,2697408,16,0.989187934632731,0.08620083845107505,0.3393557680951296
BIF-PI,2697408,17,0.989187934632731,0.08718452115243125,0.34433279582795046
BIF-PI,2697408,18,0.989187934632731,0.1040606670271848,0.3484708227004411
BIF-PI,2697408,19,0.989187934632731,0.11257923365366221,0.36270457066849193
BIF-PI,5135059,0,0.7352977238908789,0.08914787148889672,0.4058712765294234
BIF-PI,5135059,1,0.9359993013628581,0.03766078374065545,0.16590088965834143
BIF-PI,5135059,2,0.9432567073635896,0.03691624463594894,0.14308620144861228
BIF-PI,5135059,3,0.9432567073635896,0.04874505825995309,0.20902155443619394
BIF-PI,5135059,4,0.9432567073635896,0.042960350298309455,0.22635174309662104
BIF-PI,5135059,5,0.9432567073635896,0.04482778248195197,0.19525140968698154
BIF-PI,5135059,6,0.9432567073635896,0.06002832165971294,0.01896432129989469
BIF-PI,5135059,7,0.9432567073635896,0.05203388340236519,0.050438667612179466
BIF-PI,5135059,8,0.9432567073635896,0.05939638999241095,0.06115310292588809
BIF-PI,5135059,9,0.9432567073635896,0.08515572944855744,0.05484327304346745
BIF-PI,5135059,10,0.9432567073635896,0.07112385094534729,0.04734099922022021
BIF-PI,5135059,11,0.8814571308906789,0.06904518787595086,0.020825506714558472
BIF-PI,5135059,12,0.8814571308906789,0.06973791507986876,0.058460357159157345
BIF-PI,5135059,13,0.8814571308906789,0.055967762281468075,0.09864992172588513
BIF-PI,5135059,14,0.8814571308906789,0.04984118085895562,0.07402917211712909
BIF-PI,5135059,15,0.8814571308906789,0.03423239552696106,0.07179685490400668
BIF-PI,5135059,16,0.8814571308906789,0.02977474876361626,0.1036822048828841
BIF-PI,5135059,17,0.9417413074866144,0.015042597989557817,0.1554302508882742
BIF-PI,5135059,18,0.9417413074866144,0.008302270449413798,0.14078331336461175
BIF-PI,5135059,19,0.8814571308906789,0.05387564231073262,0.12234098379153863
BIF-PI,6813578,0,0.7352977238908789,0.08919431870035502,0.24306630449725858
BIF-PI,6813578,1,0.9448220521234993,0.08223224644429408,0.05011394613001638
BIF-PI,6813578,2,0.9432567073635896,0.07996517612396642,0.25181660502840364
BIF-PI,6813578,3,0.9432567073635896,0.027508697044351143,0.015923116970766014
BIF-PI,6813578,4,0.9432567073635896,0.04604593956821974,0.029825217490268438
BIF-PI,6813578,5,0.8827125125700589,0.10340232271532475,0.13721885149738772
BIF-PI,6813578,6,0.9154910574255333,0.1170431088368217,0.10572486386782212
BIF-PI,6813578,7,0.9154910574255333,0.15492618735587538,0.09621022811794182
BIF-PI,6813578,8,0.9432567073635896,0.11907113060269678,0.09969267610088017
BIF-PI,6813578,9,0.9432567073635896,0.00034719203262891,0.09609115037928125
BIF-PI,6813578,10,0.9154910574255333,0.0010642950818638313,0.13484823651562416
BIF-PI,6813578,11,0.9154910574255333,0.009119700556076502,0.1465692870320773
BIF-PI,6813578,12,0.9154910574255333,0.0998966047896875,0.09571704630027328
BIF-PI,6813578,13,0.9432567073635896,0.08293437499935774,0.18269987853660144
BIF-PI,6813578,14,0.9432567073635896,0.07786868855233385,0.09239017672013221
BIF-PI,6813578,15,0.9432567073635896,0.07986454813198786,0.1527360047534584
BIF-PI,6813578,16,0.9432567073635896,0.05134835781418686,0.17232936257684622
BIF-PI,6813578,17,0.9021041733853526,0.05605760038626699,0.3028673839189863
BIF-PI,6813578,18,0.9021041733853526,0.04277249798762895,0.1698447200991656
BIF-PI,6813578,19,0.9021041733853526,0.039753019720199866,0.0345532058937465
BIF-PI,430826,0,0.7352977238908789,0.08917569670177994,0.3766609482416845
BIF-PI,430826,1,0.9359993013628581,0.08326105589703205,0.5920148744153145
BIF-PI,430826,2,0.9359993013628581,0.09823108651579397,0.29980470406102966
BIF-PI,430826,3,0.989187934632731,0.10562846986524567,0.3357254185926515
BIF-PI,430826,4,0.989187934632731,0.10539293822007367,0.3316789406447028
BIF-PI,430826,5,0.989187934632731,0.13006896749367539,0.340848338147555
BIF-PI,430826,6,0.9361687513504021,0.1323186143123649,0.3551012976696052
BIF-PI,430826,7,0.9361687513504021,0.11263551811563555,0.3601344208505912
BIF-PI,430826,8,0.989187934632731,0.09409799723687416,0.3689189131937489
BIF-PI,430826,9,0.940204203296445,0.08761352525174265,0.2931007397926366
BIF-PI,430826,10,0.940204203296445,0.08733843586109616,0.2324768027734816
BIF-PI,430826,11,0.940204203296445,0.07541993793101917,0.24506060681875746
BIF-PI,430826,12,0.940204203296445,0.07496107658290899,0.2491958481194797
BIF-PI,430826,13,0.940204203296445,0.07451119853554102,0.2879650733771922
BIF-PI,430826,14,0.940204203296445,0.08250323582094667,0.28332770908342253
BIF-PI,430826,15,0.994787010233945,0.06185958742230396,0.3068367247915731
BIF-PI,430826,16,0.940204203296445,0.06237123828096142,0.2562093348727481
BIF-PI,430826,17,0.940204203296445,0.0702981859358468,0.18867057722207764
BIF-PI,430826,18,0.940204203296445,0.06955476241944072,0.18808067294258896
BIF-PI,430826,19,0.940204203296445,0.07738791387314412,0.18210067785977568
BIF-PI,6192331,0,0.7352977238908789,0.08918880409466377,0.19917773881764295
BIF-PI,6192331,1,0.9448220521234993,0.018954740028599912,0.2428210163017734
BIF-PI,6192331,2,0.9432567073635896,0.01817206365320503,0.28705973757233616
BIF-PI,6192331,3,0.989187934632731,0.020328443907011207,0.23432427539050707
BIF-PI,6192331,4,0.989187934632731,0.06977133439271441,0.21615117961472952
BIF-PI,6192331,5,0.989187934632731,0.0767515713658016,0.29199008074812954
BIF-PI,6192331,6,0.989187934632731,0.07927491523243295,0.3005965904304147
BIF-PI,6192331,7,0.950276476097432,0.07804189807668593,0.2714636342619936
BIF-PI,6192331,8,0.950276476097432,0.14380049024401703,0.2909076447955825
BIF-PI,6192331,9,0.950276476097432,0.1672735283165642,0.3182365049441929
BIF-PI,6192331,10,0.950276476097432,0.16712053467922364,0.3809709836652623
BIF-PI,6192331,11,0.950276476097432,0.1649769107537623,0.40627998742247884
BIF-PI,6192331,12,0.950276476097432,0.14236739183615793,0.42197774424229084
BIF-PI,6192331,13,0.950276476097432,0.1332259022496897,0.39327162904274926
BIF-PI,6192331,14,0.950276476097432,0.13156250751942414,0.3851843021614905
BIF-PI,6192331,15,0.950276476097432,0.14445447684563667,0.3972941046251298
BIF-PI,6192331,16,0.9361687513504021,0.14307077346955002,0.40738248153781825
BIF-PI,6192331,17,0.950276476097432,0.14793584880264743,0.39484690309847637
BIF-PI,6192331,18,0.9361687513504021,0.15069516362597055,0.399809581608537
BIF-PI,6192331,19,0.9361687513504021,0.14428747135657397,0.41245655047918484
BIF-PI,8026546,0,0.7352977238908789,0.08918304720911338,0.23061178482502437
BIF-PI,8026546,1,0.9448220521234993,0.04758578844075304,0.18146032530723877
BIF-PI,8026546,2,0.9432567073635896,0.030550859216779785,0.238883184450587
BIF-PI,8026546,3,0.989187934632731,0.0606690843478348,0.2522420236556283
BIF-PI,8026546,4,0.989187934632731,0.056847881345997484,0.2545238184085501
BIF-PI,8026546,5,0.989187934632731,0.07533232475237137,0.2134053260493898
BIF-PI,8026546,6,0.989187934632731,0.06425645674201404,0.27863550351177024
BIF-PI,8026546,7,0.9361687513504021,0.08876494373079218,0.17604425324916756
BIF-PI,8026546,8,0.9361687513504021,0.08887133352075502,0.2765839021301929
BIF-PI,8026546,9,0.9361687513504021,0.08687676353290595,0.2732083140647158
BIF-PI,8026546,10,0.9361687513504021,0.09604648240023063,0.2934633256458184
BIF-PI,8026546,11,0.9361687513504021,0.10245382408142684,0.4280626549668022
BIF-PI,8026546,12,0.9361687513504021,0.10161067059148812,0.37110954315193695
BIF-PI,8026546,13,0.9361687513504021,0.10772991931260009,0.3093189731834749
BIF-PI,8026546,14,0.9361687513504021,0.10734349525876774,0.3197554767005275
BIF-PI,8026546,15,0.9361687513504021,0.11037195051998602,0.3238784330058844
BIF-PI,8026546,16,0.9361687513504021,0.11207230835243401,0.3340765293325198
BIF-PI,8026546,17,0.9361687513504021,0.11543359294324805,0.3216818099741761
BIF-PI,8026546,18,0.9361687513504021,0.11222551964867054,0.29730589439405514
BIF-PI,8026546,19,0.9361687513504021,0.12959055089381316,0.28965967977990437
BIF-PI,6735254,0,0.7352977238908789,0.08919338236912577,0.26319735587248555
BIF-PI,6735254,1,0.9448220521234993,0.0811811492883241,0.6374327284980974
BIF-PI,6735254,2,0.9448220521234993,0.09792375343225358,0.44859758180175424
BIF-PI,6735254,3,0.989187934632731,0.13728639057899306,0.38892805226328064
BIF-PI,6735254,4,0.989187934632731,0.07083106751866745,0.3994246394410406
BIF-PI,6735254,5,0.989187934632731,0.011694605009551313,0.29998117544136305
BIF-PI,6735254,6,0.940204203296445,0.025284223393037354,0.1800166678893123
BIF-PI,6735254,7,0.940204203296445,0.031822882209203575,0.20792350316605226
BIF-PI,6735254,8,0.9790219798673182,0.033522706451936,0.23458402478613005
BIF-PI,6735254,9,0.9790219798673182,0.02729786767215001,0.24373790810854046
BIF-PI,6735254,10,0.989187934632731,0.017127536709469385,0.2568783226216087
BIF-PI,6735254,11,0.989187934632731,0.003572093374983497,0.27464925431340775
BIF-PI,6735254,12,0.989187934632731,0.009834371553350648,0.4070145317112641
BIF-PI,6735254,13,0.989187934632731,0.004981289064472954,0.4338044303808428
BIF-PI,6735254,14,0.989187934632731,0.004307740189481162,0.437097724986337
BIF-PI,6735254,15,0.989187934632731,0.0047248822993931116,0.3352134991304537
BIF-PI,6735254,16,0.989187934632731,0.004895946842045703,0.34202956866036693
BIF-PI,6735254,17,0.9154376637640191,0.015978440396843523,0.3231716836344609
BIF-PI,6735254,18,0.989187934632731,0.049363935823248835,0.2702090923554838
BIF-PI,6735254,19,0.989187934632731,0.04999002261365921,0.3196124604066011
BIF-PI,1112898,0,0.7352977238908789,0.08919384131974895,0.3177606900481092
BIF-PI,1112898,1,0.9359993013628581,0.08226565175294857,0.3016804656775842
BIF-PI,1112898,2,0.9432567073635896,0.07963206685819751,0.24387781923308105
BIF-PI,1112898,3,0.9432567073635896,0.13892049108609886,0.34119984195445074
BIF-PI,1112898,4,0.950276476097432,0.11725557666029862,0.42306691903648014
BIF-PI,1112898,5,0.950276476097432,0.116519479242353,0.4062402410105903
BIF-PI,1112898,6,0.950276476097432,0.11790590762263568,0.3639720454980337
BIF-PI,1112898,7,0.9587575744292237,0.11671428453050797,0.3722563884649485
BIF-PI,1112898,8,0.9587575744292237,0.11767738693575604,0.31634380631575965
BIF-PI,1112898,9,0.9587575744292237,0.1074563734585762,0.35120815263965777
BIF-PI,1112898,10,0.9459775506061123,0.10361202234419206,0.37756788056763635
BIF-PI,1112898,11,0.9459775506061123,0.10341128689065035,0.3671888573267633
BIF-PI,1112898,12,0.9459775506061123,0.10834934816510611,0.3546605760853947
BIF-PI,1112898,13,0.9587575744292237,0.1038138076870618,0.35315836812127316
BIF-PI,1112898,14,0.9587575744292237,0.09434054923301011,0.33336643666580457
BIF-PI,1112898,15,0.9587575744292237,0.09903991676407801,0.3339607607601751
BIF-PI,1112898,16,0.9587575744292237,0.10410435512401797,0.34573285771110207
BIF-PI,1112898,17,0.9587575744292237,0.10614558858195576,0.36651263133000145
BIF-PI,1112898,18,0.9587575744292237,0.10207628955192696,0.4044198498138297
BIF-PI,1112898,19,0.9587575744292237,0.10587137753878764,0.4026062013452417
BIF-PI,5609958,0,0.7352977238908789,0.0891717955277694,0.1780160823639258
BIF-PI,5609958,1,0.9359993013628581,0.015793820442743606,0.1429062196167174
BIF-PI,5609958,2,0.9154910574255333,0.05164737437649066,0.17710995029006693
BIF-PI,5609958,3,0.989187934632731,0.015274529396604453,0.3378332868694768
BIF-PI,5609958,4,0.989187934632731,0.026223429682598935,0.3136144819277963
BIF-PI,5609958,5,0.989187934632731,0.12694800478310916,0.3311524100262594
BIF-PI,5609958,6,0.989187934632731,0.09500845340173085,0.43569078559231117
BIF-PI,5609958,7,0.989187934632731,0.09696668829115587,0.3352644893549239
BIF-PI,5609958,8,0.989187934632731,0.09142927959954257,0.3367035350704592
BIF-PI,5609958,9,0.989187934632731,0.10352539896068336,0.2844923683920246
BIF-PI,5609958,10,0.9363822800127444,0.09898222035752535,0.2973376881420015
BIF-PI,5609958,11,0.9363822800127444,0.13851914525049733,0.2999501434513038
BIF-PI,5609958,12,0.9363822800127444,0.13314111942775197,0.4574340617981706
BIF-PI,5609958,13,0.912882493275358,0.14975615129731443,0.4530140654034671
BIF-PI,5609958,14,0.9587575744292237,0.1350211615433302,0.4644508790109636
BIF-PI,5609958,15,0.9587575744292237,0.12911087282410638,0.4366482226085917
BIF-PI,5609958,16,0.9587575744292237,0.13141489315730193,0.34648655733925804
BIF-PI,5609958,17,0.9587575744292237,0.08666196071422932,0.3988177778257933
BIF-PI,5609958,18,0.9154910574255333,0.08647185324540971,0.26856501802198607
BIF-PI,5609958,19,0.9154910574255333,0.06898776557029743,0.23611847826086607
BIF-PI,4736968,0,0.7352977238908789,0.08877221749696211,0.14191154485430207
BIF-PI,4736968,1,0.9432567073635896,0.08427401056046303,0.23547220847984726
BIF-PI,4736968,2,0.9448220521234993,0.0805612392316585,0.2583654147268409
BIF-PI,4736968,3,0.9448220521234993,0.07575947666928352,0.289476453339437
BIF-PI,4736968,4,0.9448220521234993,0.0811132243884986,0.18552943371071906
BIF-PI,4736968,5,0.9361687513504021,0.08207577160429867,0.40550032840865985
BIF-PI,4736968,6,0.9361687513504021,0.07813600345679607,0.4094650756148721
BIF-PI,4736968,7,0.9432567073635896,0.07617491518502406,0.34698832700213295
BIF-PI,4736968,8,0.9432567073635896,0.07672429239731361,0.35553716479669406
BIF-PI,4736968,9,0.9432567073635896,0.07967111045383847,0.3104953112939283
BIF-PI,4736968,10,0.940204203296445,0.0705352707080066,0.30289460347754166
BIF-PI,4736968,11,0.940204203296445,0.06177168477947493,0.3073364402475746
BIF-PI,4736968,12,0.940204203296445,0.05413874350186818,0.3055335436103637
BIF-PI,4736968,13,0.940204203296445,0.06269896313238701,0.2627063648849871
BIF-PI,4736968,14,0.940204203296445,0.0727061299991714,0.26351212313416933
BIF-PI,4736968,15,0.9448220521234993,0.07336768088802033,0.29013683332650025
BIF-PI,4736968,16,0.9448220521234993,0.06638521133378693,0.34090960616560184
BIF-PI,4736968,17,0.9448220521234993,0.07306879549791584,0.2645754659252327
BIF-PI,4736968,18,0.9448220521234993,0.08502495312283834,0.31691023302209065
BIF-PI,4736968,19,0.9431120557363084,0.08705066242397298,0.3045732692689499
BIF-PI,617977,0,0.8974177891165442,0.01159999100745622,0.3037253589919874
BIF-PI,617977,1,0.9587575744292237,0.010860022962331007,0.07358152692189684
BIF-PI,617977,2,0.9615386891831136,0.026210675569221267,0.13377151840748414
BIF-PI,617977,3,0.9615386891831136,0.027889013124245864,0.40554328357839103
BIF-PI,617977,4,0.9587575744292237,0.0007364641206121854,0.5211557461816707
BIF-PI,617977,5,0.9587575744292237,0.003268384315566444,0.5178480521537681
BIF-PI,617977,6,0.9154910574255333,0.07631535954056526,0.46669665985056896
BIF-PI,617977,7,0.9361687513504021,0.03277728446851152,0.2505890061827509
BIF-PI,617977,8,0.9361687513504021,0.07283648144291922,0.22371058454354698
BIF-PI,617977,9,0.9361687513504021,0.08598793924035929,0.22716387896700602
BIF-PI,617977,10,0.9361687513504021,0.08840585416730269,0.1914106387785002
BIF-PI,617977,11,0.9361687513504021,0.004267569229016046,0.20622854995004986
BIF-PI,617977,12,0.9154910574255333,0.003337230611840949,0.26403336169609887
BIF-PI,617977,13,0.9154910574255333,0.001523497452445748,0.27109215971643513
BIF-PI,617977,14,0.9154910574255333,0.0014446279523588539,0.2611865030717119
BIF-PI,617977,15,0.9154910574255333,0.001669677494698207,0.2774792412959117
BIF-PI,617977,16,0.9154910574255333,1.1021797703743398e-05,0.28455616085253865
BIF-PI,617977,17,0.9154910574255333,0.008424182741243787,0.22159269890175218
BIF-PI,617977,18,0.9154910574255333,0.009159117513261514,0.08459044842611069
BIF-PI,617977,19,0.9154910574255333,0.00922610935343926,0.08310823502196082
BIF-PI,8500888,0,0.7352977238908789,0.08919116314216727,0.23131975745716754
BIF-PI,8500888,1,0.9448220521234993,0.06195245751888495,0.3729706809650647
BIF-PI,8500888,2,0.9154910574255333,0.0987759502216772,0.202224577686007
BIF-PI,8500888,3,0.989187934632731,0.122761853521173,0.24392239711874936
BIF-PI,8500888,4,0.989187934632731,0.10176786728972892,0.19240652536783887
BIF-PI,8500888,5,0.989187934632731,0.05615740739204789,0.18364708018358158
BIF-PI,8500888,6,0.989187934632731,0.037165026097894654,0.1753039767256066
BIF-PI,8500888,7,0.940204203296445,0.02818649117756046,0.1705840529504089
BIF-PI,8500888,8,0.940204203296445,0.025054676449642443,0.12522884606125007
BIF-PI,8500888,9,0.940204203296445,0.02815263405630785,0.12455057180269112
BIF-PI,8500888,10,0.940204203296445,0.0176846754967293,0.14963544807638085
BIF-PI,8500888,11,0.940204203296445,0.012528056358514554,0.17155086354229276
BIF-PI,8500888,12,0.940204203296445,0.013201596575895452,0.16065078815602749
BIF-PI,8500888,13,0.940204203296445,0.06412475746987503,0.1623206783875184
BIF-PI,8500888,14,0.940204203296445,0.06484759157602422,0.23830341211897463
BIF-PI,8500888,15,0.940204203296445,0.06436089102808124,0.25271280576051053
BIF-PI,8500888,16,0.940204203296445,0.06128966416271315,0.2675209822645089
BIF-PI,8500888,17,0.940204203296445,0.07717710781103795,0.2567220118223858
BIF-PI,8500888,18,0.940204203296445,0.08551463052060601,0.2767291409397675
BIF-PI,8500888,19,0.940204203296445,0.07787997220562261,0.2800258722651481
BIF-PI,4205117,0,0.7352977238908789,0.0891716705191758,0.2498564096634824
BIF-PI,4205117,1,0.9359993013628581,0.03944488973454011,0.12963900329636455
BIF-PI,4205117,2,0.9432567073635896,0.04054244976611703,0.30387559082279514
BIF-PI,4205117,3,0.9432567073635896,0.033592453312805,0.299516284122502
BIF-PI,4205117,4,0.8814571308906789,0.05516736369393091,0.09629115371449452
BIF-PI,4205117,5,0.8814571308906789,0.08919587946488844,0.09878130806417873
BIF-PI,4205117,6,0.9361687513504021,0.11908929700401223,0.09367352446434127
BIF-PI,4205117,7,0.9361687513504021,0.1157554592579412,0.2362385304392119
BIF-PI,4205117,8,0.9361687513504021,0.11018163439920146,0.26897991587090686
BIF-PI,4205117,9,0.9361687513504021,0.10698164815482099,0.2517680074435401
BIF-PI,4205117,10,0.9361687513504021,0.11352539580923551,0.2691614795886116
BIF-PI,4205117,11,0.9361687513504021,0.07646589675899741,0.25323754393247333
BIF-PI,4205117,12,0.9361687513504021,0.07605293853731986,0.18378069609381395
BIF-PI,4205117,13,0.9361687513504021,0.07551296277932322,0.21030693525134753
BIF-PI,4205117,14,0.9361687513504021,0.07617777387991215,0.21826426345488426
BIF-PI,4205117,15,0.9361687513504021,0.07335732959449631,0.22719324758019943
BIF-PI,4205117,16,0.9361687513504021,0.083698559788194,0.23706862929246733
BIF-PI,4205117,17,0.9361687513504021,0.08740831546182876,0.23353309971943803
BIF-PI,4205117,18,0.9361687513504021,0.07617154837942443,0.24284140072617327
BIF-PI,4205117,19,0.9361687513504021,0.07746876185774364,0.21584170959574936
BIF-PI,756214,0,0.7352977238908789,0.08920713235675255,0.18841984142758234
BIF-PI,756214,1,0.9448220521234993,0.05304712159977137,0.3643492169389033
BIF-PI,756214,2,0.9154910574255333,0.053908884435264745,0.2820491219814735
BIF-PI,756214,3,0.989187934632731,0.09844475476701718,0.2954866983461233
BIF-PI,756214,4,0.989187934632731,0.11063359040312554,0.4192895965904265
BIF-PI,756214,5,0.989187934632731,0.07148542350110088,0.4102932022916659
BIF-PI,756214,6,0.989187934632731,0.07297058304804344,0.4016995560348982
BIF-PI,756214,7,0.989187934632731,0.08085170309247365,0.36973693617924214
BIF-PI,756214,8,0.989187934632731,0.07760803163191969,0.35075238308971185
BIF-PI,756214,9,0.989187934632731,0.08101321884977117,0.36173116041049547
BIF-PI,756214,10,0.989187934632731,0.08323304862515495,0.36252957111368217
BIF-PI,756214,11,0.989187934632731,0.07487788763615505,0.36893442727379605
BIF-PI,756214,12,0.989187934632731,0.08966657072617433,0.3317666892161532
BIF-PI,756214,13,0.989187934632731,0.07029435085687763,0.36925964494826735
BIF-PI,756214,14,0.989187934632731,0.057085214742734404,0.2950631443288534
BIF-PI,756214,15,0.989187934632731,0.060638739349295506,0.2921888718671811
BIF-PI,756214,16,0.989187934632731,0.05600177187361473,0.28152274266693617
BIF-PI,756214,17,0.989187934632731,0.06243255448614842,0.26882479155863787
BIF-PI,756214,18,0.989187934632731,0.05390366807065461,0.2792735666514067
BIF-PI,756214,19,0.989187934632731,0.050576591192111886,0.2997845841490367
BIF-PI,4283694,0,0.7352977238908789,0.08936499529323073,0.17857979339959226
BIF-PI,4283694,1,0.9432567073635896,0.02565922212677154,0.4041895635002217
BIF-PI,4283694,2,0.8780333543135125,0.009785864709921486,0.09266893912999857
BIF-PI,4283694,3,0.8780333543135125,0.009285659573651864,0.04804253236906707
BIF-PI,4283694,4,0.8780333543135125,5.6054832089435205e-05,0.03281584410857539
BIF-PI,4283694,5,0.8780333543135125,0.008444288439238916,0.005377448792754611
BIF-PI,4283694,6,0.989187934632731,0.009212649155997189,0.16862704708569665
BIF-PI,4283694,7,0.989187934632731,0.06410833902240924,0.163992103253933
BIF-PI,4283694,8,0.989187934632731,0.06712103477970485,0.22094097099316026
BIF-PI,4283694,9,0.989187934632731,0.11473182811166348,0.2408490634204645
BIF-PI,4283694,10,0.989187934632731,0.11322831112995055,0.2571797772263155
BIF-PI,4283694,11,0.989187934632731,0.13521814785168748,0.25767530890751816
BIF-PI,4283694,12,0.9587575744292237,0.14337907347665,0.28222741989691147
BIF-PI,4283694,13,0.9587575744292237,0.12427566008128715,0.30445089233912764
BIF-PI,4283694,14,0.9587575744292237,0.11486194414549696,0.30662261559039233
BIF-PI,4283694,15,0.950276476097432,0.10150090336595323,0.3125795844194491
BIF-PI,4283694,16,0.9587575744292237,0.07861484495777517,0.3166250552932746
BIF-PI,4283694,17,0.9587575744292237,0.0798971560473057,0.3098267246048697
BIF-PI,4283694,18,0.9587575744292237,0.07247271752463885,0.33150637440461156
BIF-PI,4283694,19,0.950276476097432,0.04446751681029108,0.24270819311616398
BIF-PI,7449696,0,0.7352977238908789,0.08918782986682913,0.21877057738093708
BIF-PI,7449696,1,0.9448220521234993,0.01975596440032014,0.2800912187795105
BIF-PI,7449696,2,0.9154910574255333,0.023016683003994773,0.18089488482555632
BIF-PI,7449696,3,0.9154910574255333,0.04213287432636273,0.17615280405050074
BIF-PI,7449696,4,0.9154910574255333,0.04556763196267039,0.17044232788705443
BIF-PI,7449696,5,0.9154910574255333,0.08525024024732164,0.16057966071635654
BIF-PI,7449696,6,0.950276476097432,0.08220156195760403,0.2729370446941711
BIF-PI,7449696,7,0.950276476097432,0.07441592420912395,0.2503509265683459
BIF-PI,7449696,8,0.912882493275358,0.07073328842837073,0.14958018404310258
BIF-PI,7449696,9,0.950276476097432,0.07522771192784836,0.20617057187442084
BIF-PI,7449696,10,0.912882493275358,0.0772906821624963,0.32185598558997786
BIF-PI,7449696,11,0.912882493275358,0.06499237177848403,0.2497128215633938
BIF-PI,7449696,12,0.912882493275358,0.0930535646521309,0.22199908956998812
BIF-PI,7449696,13,0.950276476097432,0.09457400066053125,0.3500043262322261
BIF-PI,7449696,14,0.950276476097432,0.09069987014324148,0.36411259919629724
BIF-PI,7449696,15,0.950276476097432,0.09549762863483725,0.3707957138842731
BIF-PI,7449696,16,0.950276476097432,0.07712934782204017,0.38164242862358067
BIF-PI,7449696,17,0.950276476097432,0.10771829937972366,0.3743919087730223
BIF-PI,7449696,18,0.950276476097432,0.10849939527599958,0.3954257514109039
BIF-PI,7449696,19,0.950276476097432,0.07929345747546018,0.3933710897837722
BIF-PI,9848369,0,0.7352977238908789,0.09415675703549882,0.2028434674145272
BIF-PI,9848369,1,0.8475647685051392,0.0308062691812276,0.1920688984987954
BIF-PI,9848369,2,0.7352977238908789,0.0033262480997204645,0.2877821473027231
BIF-PI,9848369,3,0.989187934632731,0.03981364433345128,0.17190801610760936
BIF-PI,9848369,4,0.950276476097432,0.02762614442176978,0.21211257818241275
BIF-PI,9848369,5,0.950276476097432,0.04008958053974706,0.21457796330086862
BIF-PI,9848369,6,0.950276476097432,0.04699928680209065,0.24941229251162353
BIF-PI,9848369,7,0.950276476097432,0.037670961860283875,0.24460713845686172
BIF-PI,9848369,8,0.950276476097432,0.04886231963555217,0.23617603795931455
BIF-PI,9848369,9,0.950276476097432,0.13232182720148114,0.3308563752863314
BIF-PI,9848369,10,0.950276476097432,0.15578066236730717,0.3859949898182594
BIF-PI,9848369,11,0.950276476097432,0.16017321482843733,0.444084607933082
BIF-PI,9848369,12,0.9587575744292237,0.15876197232366335,0.4579181750385298
BIF-PI,9848369,13,0.9587575744292237,0.1577397361555659,0.4018207806246627
BIF-PI,9848369,14,0.9587575744292237,0.15009171174980446,0.4042841025257652
BIF-PI,9848369,15,0.9431120557363084,0.11655753000386404,0.36785118055750954
BIF-PI,9848369,16,0.9431120557363084,0.14436183923755286,0.3062905013974814
BIF-PI,9848369,17,0.9431120557363084,0.13529044500709392,0.37803786909436765
BIF-PI,9848369,18,0.9459775506061123,0.13082323035795818,0.34457142068499835
BIF-PI,9848369,19,0.9587575744292237,0.13217175346010665,0.33186814663173747
Laferriere,9049607,0,0.8780333543135125,0.0,0.0
Laferriere,9049607,1,0.8780333543135125,0.0,0.0
Laferriere,9049607,2,0.8780333543135125,0.0,0.0
Laferriere,9049607,3,0.8780333543135125,0.0,0.0
Laferriere,9049607,4,0.8780333543135125,0.0,0.0
Laferriere,9049607,5,0.8780333543135125,0.0,0.0
Laferriere,9049607,6,0.950276476097432,0.013812805846302297,0.5180962917140547
Laferriere,9049607,7,0.950276476097432,0.10063156041707062,0.5180962917140547
Laferriere,9049607,8,0.9432567073635896,0.05427286596449109,0.5180962917140547
Laferriere,9049607,9,0.950276476097432,0.05343717404443734,0.5180962917140547
Laferriere,9049607,10,0.989187934632731,0.0613149585584151,0.5180962917140547
Laferriere,9049607,11,0.989187934632731,0.07060890842470621,0.5180962917140547
Laferriere,9049607,12,0.989187934632731,0.03771415440416416,0.5180962917140547
Laferriere,9049607,13,0.989187934632731,0.03469635974264408,0.5180962917140547
Laferriere,9049607,14,0.989187934632731,0.04969356225784967,0.5180962917140547
Laferriere,9049607,15,0.989187934632731,0.05082618390441439,0.5180962917140547
Laferriere,9049607,16,0.989187934632731,0.055039590636620596,0.5180962917140547
Laferriere,9049607,17,0.9361687513504021,0.0485959363049519,0.5180962917140547
Laferriere,9049607,18,0.9361687513504021,0.05173623462078383,0.5180962917140547
Laferriere,9049607,19,0.9154910574255333,0.07534407413635019,0.5180962917140547
Laferriere,2402697,0,0.8780333543135125,0.0,0.0
Laferriere,2402697,1,0.8780333543135125,0.0,0.0
Laferriere,2402697,2,0.8780333543135125,0.0,0.0
Laferriere,2402697,3,0.8780333543135125,0.0,0.0
Laferriere,2402697,4,0.8780333543135125,0.0,0.0
Laferriere,2402697,5,0.8780333543135125,0.0,0.0
Laferriere,2402697,6,0.950276476097432,0.020518499553643814,0.20884081515738848
Laferriere,2402697,7,0.950276476097432,0.010151755138857584,0.20884081515738848
Laferriere,2402697,8,0.950276476097432,0.03448178804180537,0.20884081515738848
Laferriere,2402697,9,0.950276476097432,0.03232455598030344,0.20884081515738848
Laferriere,2402697,10,0.950276476097432,0.09481743472418082,0.20884081515738848
Laferriere,2402697,11,0.8827125125700589,0.11168542330612725,0.20884081515738848
Laferriere,2402697,12,0.9361687513504021,0.08765664335396749,0.20884081515738848
Laferriere,2402697,13,0.9361687513504021,0.026042308685112123,0.20884081515738848
Laferriere,2402697,14,0.8814571308906789,0.017229973683051313,0.20884081515738848
Laferriere,2402697,15,0.9432567073635896,0.01572139697216967,0.20884081515738848
Laferriere,2402697,16,0.9432567073635896,0.02849420182985297,0.20884081515738848
Laferriere,2402697,17,0.940204203296445,0.03135539794194952,0.20884081515738848
Laferriere,2402697,18,0.9432567073635896,0.03227133100830339,0.20884081515738848
Laferriere,2402697,19,0.9432567073635896,0.005595522435780257,0.20884081515738848
Laferriere,6510749,0,0.8827125125700589,0.0,0.0
Laferriere,6510749,1,0.8827125125700589,0.0,0.0
Laferriere,6510749,2,0.8827125125700589,0.0,0.0
Laferriere,6510749,3,0.8827125125700589,0.0,0.0
Laferriere,6510749,4,0.8827125125700589,0.0,0.0
Laferriere,6510749,5,0.8827125125700589,0.0,0.0
Laferriere,6510749,6,0.8278734515304421,0.005754800652791301,0.19985005541386688
Laferriere,6510749,7,0.8278734515304421,0.003686581698104455,0.19985005541386688
Laferriere,6510749,8,0.8278734515304421,0.006213051197757185,0.19985005541386688
Laferriere,6510749,9,0.8278734515304421,0.025264318405920454,0.19985005541386688
Laferriere,6510749,10,0.8278734515304421,0.05171233686687366,0.19985005541386688
Laferriere,6510749,11,0.8278734515304421,0.0018162608120686015,0.19985005541386688
Laferriere,6510749,12,0.989187934632731,7.962705889751129e-05,0.19985005541386688
Laferriere,6510749,13,0.989187934632731,8.056434278517193e-05,0.19985005541386688
Laferriere,6510749,14,0.989187934632731,0.008407800429273702,0.19985005541386688
Laferriere,6510749,15,0.989187934632731,0.00573672109248647,0.19985005541386688
Laferriere,6510749,16,0.989187934632731,0.006800845023087832,0.19985005541386688
Laferriere,6510749,17,0.989187934632731,0.016031273398059594,0.19985005541386688
Laferriere,6510749,18,0.989187934632731,0.022515286479009994,0.19985005541386688
Laferriere,6510749,19,0.989187934632731,0.04558256680733429,0.19985005541386688
Laferriere,758529,0,0.950276476097432,0.0,0.0
Laferriere,758529,1,0.950276476097432,0.0,0.0
Laferriere,758529,2,0.950276476097432,0.0,0.0
Laferriere,758529,3,0.950276476097432,0.0,0.0
Laferriere,758529,4,0.950276476097432,0.0,0.0
Laferriere,758529,5,0.950276476097432,0.0,0.0
Laferriere,758529,6,0.8780333543135125,0.057276131036418036,0.027331291879335678
Laferriere,758529,7,0.950276476097432,0.0001335156616414793,0.027331291879335678
Laferriere,758529,8,0.950276476097432,0.12816101751519238,0.027331291879335678
Laferriere,758529,9,0.950276476097432,0.12023568869594213,0.027331291879335678
Laferriere,758529,10,0.950276476097432,0.13820015739564065,0.027331291879335678
Laferriere,758529,11,0.950276476097432,0.12553559841889161,0.027331291879335678
Laferriere,758529,12,0.950276476097432,0.10945710776754687,0.027331291879335678
Laferriere,758529,13,0.950276476097432,0.11613492659266732,0.027331291879335678
Laferriere,758529,14,0.950276476097432,0.14581657658662775,0.027331291879335678
Laferriere,758529,15,0.950276476097432,0.15152624653343344,0.027331291879335678
Laferriere,758529,16,0.950276476097432,0.1481574498987446,0.027331291879335678
Laferriere,758529,17,0.950276476097432,0.16757369671156855,0.027331291879335678
Laferriere,758529,18,0.950276476097432,0.18523810290088508,0.027331291879335678
Laferriere,758529,19,0.950276476097432,0.17021034915285552,0.027331291879335678
Laferriere,3523986,0,0.8278734515304421,0.0,0.0
Laferriere,3523986,1,0.8278734515304421,0.0,0.0
Laferriere,3523986,2,0.8278734515304421,0.0,0.0
Laferriere,3523986,3,0.8278734515304421,0.0,0.0
Laferriere,3523986,4,0.8278734515304421,0.0,0.0
Laferriere,3523986,5,0.8278734515304421,0.0,0.0
Laferriere,3523986,6,0.8827125125700589,0.010895068881738539,0.29549180955440957
Laferriere,3523986,7,0.8278734515304421,0.009735584910567183,0.29549180955440957
Laferriere,3523986,8,0.8278734515304421,0.01494324216812872,0.29549180955440957
Laferriere,3523986,9,0.8278734515304421,0.010610390359125173,0.29549180955440957
Laferriere,3523986,10,0.7923210245024419,0.12924680377514952,0.29549180955440957
Laferriere,3523986,11,0.7352977238908789,0.06835105069293411,0.29549180955440957
Laferriere,3523986,12,0.7352977238908789,0.04526610535298733,0.29549180955440957
Laferriere,3523986,13,0.912882493275358,0.005597550905129983,0.29549180955440957
Laferriere,3523986,14,0.950276476097432,0.006007195390625925,0.29549180955440957
Laferriere,3523986,15,0.950276476097432,0.0023170551255697123,0.29549180955440957
Laferriere,3523986,16,0.950276476097432,0.005904716149127633,0.29549180955440957
Laferriere,3523986,17,0.950276476097432,0.004818507157518995,0.29549180955440957
Laferriere,3523986,18,0.950276476097432,0.009067735097686437,0.29549180955440957
Laferriere,3523986,19,0.950276476097432,0.0022383467767443793,0.29549180955440957
Laferriere,3224638,0,0.8814571308906789,0.0,0.0
Laferriere,3224638,1,0.8814571308906789,0.0,0.0
Laferriere,3224638,2,0.8814571308906789,0.0,0.0
Laferriere,3224638,3,0.8814571308906789,0.0,0.0
Laferriere,3224638,4,0.8814571308906789,0.0,0.0
Laferriere,3224638,5,0.8814571308906789,0.0,0.0
Laferriere,3224638,6,0.856252169487011,0.021524636829295014,0.2538763515331954
Laferriere,3224638,7,0.856252169487011,0.0419109206073007,0.2538763515331954
Laferriere,3224638,8,0.8780333543135125,0.0062957173450475966,0.2538763515331954
Laferriere,3224638,9,0.950276476097432,0.011100280667255423,0.2538763515331954
Laferriere,3224638,10,0.989187934632731,0.06300099073652522,0.2538763515331954
Laferriere,3224638,11,0.989187934632731,0.06892281461504592,0.2538763515331954
Laferriere,3224638,12,0.989187934632731,0.07338439841023801,0.2538763515331954
Laferriere,3224638,13,0.989187934632731,0.06577604264326287,0.2538763515331954
Laferriere,3224638,14,0.989187934632731,0.06938479542066824,0.2538763515331954
Laferriere,3224638,15,0.989187934632731,0.06919291898950948,0.2538763515331954
Laferriere,3224638,16,0.989187934632731,0.06986924475384697,0.2538763515331954
Laferriere,3224638,17,0.989187934632731,0.03618783408893495,0.2538763515331954
Laferriere,3224638,18,0.989187934632731,0.009391512667973391,0.2538763515331954
Laferriere,3224638,19,0.8780333543135125,0.010546460735576224,0.2538763515331954
Laferriere,9729091,0,0.7352977238908789,0.0,0.0
Laferriere,9729091,1,0.7352977238908789,0.0,0.0
Laferriere,9729091,2,0.7352977238908789,0.0,0.0
Laferriere,9729091,3,0.7352977238908789,0.0,0.0
Laferriere,9729091,4,0.7352977238908789,0.0,0.0
Laferriere,9729091,5,0.7352977238908789,0.0,0.0
Laferriere,9729091,6,0.9432567073635896,0.06231316629080687,0.012500897412388981
Laferriere,9729091,7,0.9432567073635896,0.05144558219028808,0.012500897412388981
Laferriere,9729091,8,0.9432567073635896,0.0479825335243845,0.012500897412388981
Laferriere,9729091,9,0.989187934632731,0.04041571150153245,0.012500897412388981
Laferriere,9729091,10,0.940204203296445,0.056541513072283694,0.012500897412388981
Laferriere,9729091,11,0.989187934632731,0.03781535556983045,0.012500897412388981
Laferriere,9729091,12,0.940204203296445,0.026164068119681673,0.012500897412388981
Laferriere,9729091,13,0.940204203296445,0.023160801316381683,0.012500897412388981
Laferriere,9729091,14,0.989187934632731,0.03211344844277526,0.012500897412388981
Laferriere,9729091,15,0.989187934632731,0.032972284322620456,0.012500897412388981
Laferriere,9729091,16,0.989187934632731,0.02871723653142526,0.012500897412388981
Laferriere,9729091,17,0.989187934632731,0.006214648993759102,0.012500897412388981
Laferriere,9729091,18,0.989187934632731,0.01688224340044183,0.012500897412388981
Laferriere,9729091,19,0.989187934632731,0.01594472161970449,0.012500897412388981
Laferriere,5830471,0,0.7748115559465427,0.0,0.0
Laferriere,5830471,1,0.7748115559465427,0.0,0.0
Laferriere,5830471,2,0.7748115559465427,0.0,0.0
Laferriere,5830471,3,0.7748115559465427,0.0,0.0
Laferriere,5830471,4,0.7748115559465427,0.0,0.0
Laferriere,5830471,5,0.7748115559465427,0.0,0.0
Laferriere,5830471,6,0.9361687513504021,0.13160600874601963,0.12855770829526686
Laferriere,5830471,7,0.7748115559465427,0.011261739868975976,0.12855770829526686
Laferriere,5830471,8,0.940204203296445,0.008150901053364296,0.12855770829526686
Laferriere,5830471,9,0.940204203296445,9.700110659100783e-07,0.12855770829526686
Laferriere,5830471,10,0.9587575744292237,0.00038575164131807865,0.12855770829526686
Laferriere,5830471,11,0.9587575744292237,0.002310090146745688,0.12855770829526686
Laferriere,5830471,12,0.9587575744292237,0.00043627208556840607,0.12855770829526686
Laferriere,5830471,13,0.9587575744292237,8.434700115155555e-05,0.12855770829526686
Laferriere,5830471,14,0.940204203296445,0.0008261881194553365,0.12855770829526686
Laferriere,5830471,15,0.940204203296445,0.0013127705146515679,0.12855770829526686
Laferriere,5830471,16,0.940204203296445,0.0061623817800913645,0.12855770829526686
Laferriere,5830471,17,0.940204203296445,0.034968655335619096,0.12855770829526686
Laferriere,5830471,18,0.940204203296445,0.03405110673299895,0.12855770829526686
Laferriere,5830471,19,0.940204203296445,0.03585036162072728,0.12855770829526686
Laferriere,5343420,0,0.940204203296445,0.0,0.0
Laferriere,5343420,1,0.940204203296445,0.0,0.0
Laferriere,5343420,2,0.940204203296445,0.0,0.0
Laferriere,5343420,3,0.940204203296445,0.0,0.0
Laferriere,5343420,4,0.940204203296445,0.0,0.0
Laferriere,5343420,5,0.940204203296445,0.0,0.0
Laferriere,5343420,6,0.9307670181440635,0.002938622066711734,0.3526741628199503
Laferriere,5343420,7,0.940204203296445,0.1082761460375556,0.3526741628199503
Laferriere,5343420,8,0.9312550498740352,0.11003954051437227,0.3526741628199503
Laferriere,5343420,9,0.9312550498740352,0.12544818836124277,0.3526741628199503
Laferriere,5343420,10,0.9449890912505887,0.1124456097361825,0.3526741628199503
Laferriere,5343420,11,0.975165962943945,0.10672806215690839,0.3526741628199503
Laferriere,5343420,12,0.9449112539603227,0.12861302238330502,0.3526741628199503
Laferriere,5343420,13,0.9449890912505887,0.11517429518227916,0.3526741628199503
Laferriere,5343420,14,0.9432567073635896,0.11205327934714608,0.3526741628199503
Laferriere,5343420,15,0.9432567073635896,0.11830036578008697,0.3526741628199503
Laferriere,5343420,16,0.94376230487246,0.17355055074468598,0.3526741628199503
Laferriere,5343420,17,0.9911548617395507,0.16236326757849656,0.3526741628199503
Laferriere,5343420,18,0.9901185300527912,0.1538271425759801,0.3526741628199503
Laferriere,5343420,19,0.985145246820773,0.13220156201534508,0.3526741628199503
Laferriere,2417321,0,0.8278734515304421,0.0,0.0
Laferriere,2417321,1,0.8278734515304421,0.0,0.0
Laferriere,2417321,2,0.8278734515304421,0.0,0.0
Laferriere,2417321,3,0.8278734515304421,0.0,0.0
Laferriere,2417321,4,0.8278734515304421,0.0,0.0
Laferriere,2417321,5,0.8278734515304421,0.0,0.0
Laferriere,2417321,6,0.8827125125700589,0.0005292599489928336,0.10056440014184698
Laferriere,2417321,7,0.8827125125700589,4.4399147361248325e-05,0.10056440014184698
Laferriere,2417321,8,0.8827125125700589,2.609486066085485e-05,0.10056440014184698
Laferriere,2417321,9,0.940204203296445,0.005253945118990381,0.10056440014184698
Laferriere,2417321,10,0.9432567073635896,0.0035783371924683633,0.10056440014184698
Laferriere,2417321,11,0.9432567073635896,0.03056082972341492,0.10056440014184698
Laferriere,2417321,12,0.9432567073635896,0.030019742980479793,0.10056440014184698
Laferriere,2417321,13,0.9432567073635896,0.036183105542939374,0.10056440014184698
Laferriere,2417321,14,0.9432567073635896,0.03762038139392647,0.10056440014184698
Laferriere,2417321,15,0.9431120557363084,0.036007695997113176,0.10056440014184698
Laferriere,2417321,16,0.9432567073635896,0.05458944010481338,0.10056440014184698
Laferriere,2417321,17,0.9432567073635896,0.0384336300143764,0.10056440014184698
Laferriere,2417321,18,0.9587575744292237,0.05713782767042955,0.10056440014184698
Laferriere,2417321,19,0.9607117574780539,0.04891228722094927,0.10056440014184698
Laferriere,9891788,0,0.8278734515304421,0.0,0.0
Laferriere,9891788,1,0.8278734515304421,0.0,0.0
Laferriere,9891788,2,0.8278734515304421,0.0,0.0
Laferriere,9891788,3,0.8278734515304421,0.0,0.0
Laferriere,9891788,4,0.8278734515304421,0.0,0.0
Laferriere,9891788,5,0.8278734515304421,0.0,0.0
Laferriere,9891788,6,0.8827125125700589,0.0006523958157728893,0.1661667835501457
Laferriere,9891788,7,0.8827125125700589,5.4663679840449054e-05,0.1661667835501457
Laferriere,9891788,8,0.8827125125700589,1.6511078966595156e-05,0.1661667835501457
Laferriere,9891788,9,0.8827125125700589,0.0013974084783485003,0.1661667835501457
Laferriere,9891788,10,0.8827125125700589,0.03759753586047875,0.1661667835501457
Laferriere,9891788,11,0.8827125125700589,0.06757679304666635,0.1661667835501457
Laferriere,9891788,12,0.9432567073635896,0.05530726034573403,0.1661667835501457
Laferriere,9891788,13,0.9432567073635896,0.05387427320721301,0.1661667835501457
Laferriere,9891788,14,0.8827125125700589,0.05770229688404874,0.1661667835501457
Laferriere,9891788,15,0.9432567073635896,0.06934159900152856,0.1661667835501457
Laferriere,9891788,16,0.9432567073635896,0.04686775670819534,0.1661667835501457
Laferriere,9891788,17,0.8827125125700589,0.05887141574204655,0.1661667835501457
Laferriere,9891788,18,0.9432567073635896,0.06101060635407333,0.1661667835501457
Laferriere,9891788,19,0.9432567073635896,0.059289290962591036,0.1661667835501457
Laferriere,9314146,0,0.8827125125700589,0.0,0.0
Laferriere,9314146,1,0.8827125125700589,0.0,0.0
Laferriere,9314146,2,0.8827125125700589,0.0,0.0
Laferriere,9314146,3,0.8827125125700589,0.0,0.0
Laferriere,9314146,4,0.8827125125700589,0.0,0.0
Laferriere,9314146,5,0.8827125125700589,0.0,0.0
Laferriere,9314146,6,0.950276476097432,9.743429634337519e-05,0.13691599169496552
Laferriere,9314146,7,0.8126288254287208,0.00010042911992764716,0.13691599169496552
Laferriere,9314146,8,0.912882493275358,0.00046616441449054755,0.13691599169496552
Laferriere,9314146,9,0.912882493275358,3.582531954574062e-05,0.13691599169496552
Laferriere,9314146,10,0.8974177891165442,0.10258213549910594,0.13691599169496552
Laferriere,9314146,11,0.9361687513504021,0.08493059395934191,0.13691599169496552
Laferriere,9314146,12,0.9361687513504021,0.08708508915546188,0.13691599169496552
Laferriere,9314146,13,0.9361687513504021,0.08605045025359451,0.13691599169496552
Laferriere,9314146,14,0.989187934632731,0.08989999115639094,0.13691599169496552
Laferriere,9314146,15,0.989187934632731,0.09020964483900476,0.13691599169496552
Laferriere,9314146,16,0.989187934632731,0.08921424574880224,0.13691599169496552
Laferriere,9314146,17,0.989187934632731,0.02661538146574955,0.13691599169496552
Laferriere,9314146,18,0.9361687513504021,0.029613852292438472,0.13691599169496552
Laferriere,9314146,19,0.9382090356198851,0.027880020777812417,0.13691599169496552
Laferriere,9488226,0,0.950276476097432,0.0,0.0
Laferriere,9488226,1,0.950276476097432,0.0,0.0
Laferriere,9488226,2,0.950276476097432,0.0,0.0
Laferriere,9488226,3,0.950276476097432,0.0,0.0
Laferriere,9488226,4,0.950276476097432,0.0,0.0
Laferriere,9488226,5,0.950276476097432,0.0,0.0
Laferriere,9488226,6,0.8780333543135125,0.016285021376476576,0.44326296102335855
Laferriere,9488226,7,0.950276476097432,0.12776688544761047,0.44326296102335855
Laferriere,9488226,8,0.9432567073635896,0.1270358404432452,0.44326296102335855
Laferriere,9488226,9,0.950276476097432,0.007082348508791039,0.44326296102335855
Laferriere,9488226,10,0.9154910574255333,0.01390220543186257,0.44326296102335855
Laferriere,9488226,11,0.8827125125700589,0.04825286792382933,0.44326296102335855
Laferriere,9488226,12,0.9361687513504021,0.05763704469163563,0.44326296102335855
Laferriere,9488226,13,0.9361687513504021,0.06086274138293504,0.44326296102335855
Laferriere,9488226,14,0.9361687513504021,0.07913757950860223,0.44326296102335855
Laferriere,9488226,15,0.9361687513504021,0.09353480953761506,0.44326296102335855
Laferriere,9488226,16,0.9361687513504021,0.118804967587366,0.44326296102335855
Laferriere,9488226,17,0.950276476097432,0.12442996933809976,0.44326296102335855
Laferriere,9488226,18,0.9361687513504021,0.12990140701466696,0.44326296102335855
Laferriere,9488226,19,0.9361687513504021,0.14359769494112784,0.44326296102335855
Laferriere,2697408,0,0.9587575744292237,0.0,0.0
Laferriere,2697408,1,0.9587575744292237,0.0,0.0
Laferriere,2697408,2,0.9587575744292237,0.0,0.0
Laferriere,2697408,3,0.9587575744292237,0.0,0.0
Laferriere,2697408,4,0.9587575744292237,0.0,0.0
Laferriere,2697408,5,0.9587575744292237,0.0,0.0
Laferriere,2697408,6,0.9185872985741692,0.00543718142207321,0.2385138858509167
Laferriere,2697408,7,0.9587575744292237,0.002141926983822223,0.2385138858509167
Laferriere,2697408,8,0.9587575744292237,0.009883073738961782,0.2385138858509167
Laferriere,2697408,9,0.9587575744292237,0.002069298640897203,0.2385138858509167
Laferriere,2697408,10,0.7769007668881416,0.001376065055548062,0.2385138858509167
Laferriere,2697408,11,0.7769007668881416,0.01813634455575744,0.2385138858509167
Laferriere,2697408,12,0.9587575744292237,0.01809066061314261,0.2385138858509167
Laferriere,2697408,13,0.9587575744292237,0.0019167988233271091,0.2385138858509167
Laferriere,2697408,14,0.9154910574255333,0.00125718889765327,0.2385138858509167
Laferriere,2697408,15,0.9154910574255333,0.011535110853246225,0.2385138858509167
Laferriere,2697408,16,0.9154910574255333,0.009697672403774562,0.2385138858509167
Laferriere,2697408,17,0.9154910574255333,0.0059978811019019964,0.2385138858509167
Laferriere,2697408,18,0.9154910574255333,0.010139265448951574,0.2385138858509167
Laferriere,2697408,19,0.9154910574255333,0.023456424629271104,0.2385138858509167
Laferriere,5135059,0,0.989187934632731,0.0,0.0
Laferriere,5135059,1,0.989187934632731,0.0,0.0
Laferriere,5135059,2,0.989187934632731,0.0,0.0
Laferriere,5135059,3,0.989187934632731,0.0,0.0
Laferriere,5135059,4,0.989187934632731,0.0,0.0
Laferriere,5135059,5,0.989187934632731,0.0,0.0
Laferriere,5135059,6,0.9247536161379504,0.0014062534654524523,0.565909854213108
Laferriere,5135059,7,0.989187934632731,0.004107491338917099,0.565909854213108
Laferriere,5135059,8,0.856252169487011,0.0010121202362090797,0.565909854213108
Laferriere,5135059,9,0.989187934632731,0.020806293189820472,0.565909854213108
Laferriere,5135059,10,0.950276476097432,0.07273179034241378,0.565909854213108
Laferriere,5135059,11,0.950276476097432,0.09487063033833228,0.565909854213108
Laferriere,5135059,12,0.950276476097432,0.12893751932231437,0.565909854213108
Laferriere,5135059,13,0.950276476097432,0.12113313655342145,0.565909854213108
Laferriere,5135059,14,0.950276476097432,0.11741732102919629,0.565909854213108
Laferriere,5135059,15,0.950276476097432,0.10041153509799247,0.565909854213108
Laferriere,5135059,16,0.950276476097432,0.09396606573476106,0.565909854213108
Laferriere,5135059,17,0.950276476097432,0.09001844469862619,0.565909854213108
Laferriere,5135059,18,0.950276476097432,0.09603054176015172,0.565909854213108
Laferriere,5135059,19,0.950276476097432,0.10046703198535663,0.565909854213108
Laferriere,6813578,0,0.9432567073635896,0.0,0.0
Laferriere,6813578,1,0.9432567073635896,0.0,0.0
Laferriere,6813578,2,0.9432567073635896,0.0,0.0
Laferriere,6813578,3,0.9432567073635896,0.0,0.0
Laferriere,6813578,4,0.9432567073635896,0.0,0.0
Laferriere,6813578,5,0.9432567073635896,0.0,0.0
Laferriere,6813578,6,0.7352977238908789,0.0639356834881264,0.18747127670236147
Laferriere,6813578,7,0.9432567073635896,0.041211481491578446,0.18747127670236147
Laferriere,6813578,8,0.9432567073635896,0.05689378875692692,0.18747127670236147
Laferriere,6813578,9,0.9432567073635896,0.07274985978661531,0.18747127670236147
Laferriere,6813578,10,0.9432567073635896,0.06817608658705579,0.18747127670236147
Laferriere,6813578,11,0.8827125125700589,0.0787846914955251,0.18747127670236147
Laferriere,6813578,12,0.9432567073635896,0.07650786300260647,0.18747127670236147
Laferriere,6813578,13,0.9432567073635896,0.11017227815766421,0.18747127670236147
Laferriere,6813578,14,0.9432567073635896,0.10498832569259751,0.18747127670236147
Laferriere,6813578,15,0.9432567073635896,0.07202139016875587,0.18747127670236147
Laferriere,6813578,16,0.9432567073635896,0.05861453308421978,0.18747127670236147
Laferriere,6813578,17,0.9432567073635896,0.03764595684651707,0.18747127670236147
Laferriere,6813578,18,0.940204203296445,0.06373665717692976,0.18747127670236147
Laferriere,6813578,19,0.9432567073635896,0.06925191278752767,0.18747127670236147
Laferriere,430826,0,0.9361687513504021,0.0,0.0
Laferriere,430826,1,0.9361687513504021,0.0,0.0
Laferriere,430826,2,0.9361687513504021,0.0,0.0
Laferriere,430826,3,0.9361687513504021,0.0,0.0
Laferriere,430826,4,0.9361687513504021,0.0,0.0
Laferriere,430826,5,0.9361687513504021,0.0,0.0
Laferriere,430826,6,0.7748115559465427,0.0947249943842387,0.2678805311240872
Laferriere,430826,7,0.9361687513504021,0.02834918399561859,0.2678805311240872
Laferriere,430826,8,0.8974177891165442,0.11541228472314043,0.2678805311240872
Laferriere,430826,9,0.9587575744292237,0.047117015416617815,0.2678805311240872
Laferriere,430826,10,0.912882493275358,0.04786680813134697,0.2678805311240872
Laferriere,430826,11,0.912882493275358,0.03822611006235774,0.2678805311240872
Laferriere,430826,12,0.912882493275358,0.05065363902143206,0.2678805311240872
Laferriere,430826,13,0.912882493275358,0.05087872585803827,0.2678805311240872
Laferriere,430826,14,0.912882493275358,0.03444842643410282,0.2678805311240872
Laferriere,430826,15,0.950276476097432,0.016829990244364164,0.2678805311240872
Laferriere,430826,16,0.9590795983811289,0.0008994741623861759,0.2678805311240872
Laferriere,430826,17,0.9592283819736035,0.001137662313803083,0.2678805311240872
Laferriere,430826,18,0.9590795983811289,0.05592187446954805,0.2678805311240872
Laferriere,430826,19,0.9590795983811289,0.05374046136348937,0.2678805311240872
Laferriere,6192331,0,0.9231834562262333,0.0,0.0
Laferriere,6192331,1,0.9231834562262333,0.0,0.0
Laferriere,6192331,2,0.9231834562262333,0.0,0.0
Laferriere,6192331,3,0.9231834562262333,0.0,0.0
Laferriere,6192331,4,0.9231834562262333,0.0,0.0
Laferriere,6192331,5,0.9231834562262333,0.0,0.0
Laferriere,6192331,6,0.912882493275358,0.0015224230378004244,0.2821747797724066
Laferriere,6192331,7,0.912882493275358,0.022845327948678145,0.2821747797724066
Laferriere,6192331,8,0.9312550498740352,0.0893039203490122,0.2821747797724066
Laferriere,6192331,9,0.9312550498740352,0.06391257986191529,0.2821747797724066
Laferriere,6192331,10,0.9312550498740352,0.07496573254163459,0.2821747797724066
Laferriere,6192331,11,0.8814571308906789,0.03374541643214697,0.2821747797724066
Laferriere,6192331,12,0.8814571308906789,0.029897483421720817,0.2821747797724066
Laferriere,6192331,13,0.8814571308906789,0.018053342918759964,0.2821747797724066
Laferriere,6192331,14,0.9432567073635896,0.014046382965137195,0.2821747797724066
Laferriere,6192331,15,0.8827125125700589,0.014420294093593583,0.2821747797724066
Laferriere,6192331,16,0.8827125125700589,0.013411571264720874,0.2821747797724066
Laferriere,6192331,17,0.8827125125700589,0.0024340660278053252,0.2821747797724066
Laferriere,6192331,18,0.8827125125700589,0.002059612393070425,0.2821747797724066
Laferriere,6192331,19,0.8827125125700589,0.0032291433283476007,0.2821747797724066
Laferriere,8026546,0,0.8278734515304421,0.0,0.0
Laferriere,8026546,1,0.8278734515304421,0.0,0.0
Laferriere,8026546,2,0.8278734515304421,0.0,0.0
Laferriere,8026546,3,0.8278734515304421,0.0,0.0
Laferriere,8026546,4,0.8278734515304421,0.0,0.0
Laferriere,8026546,5,0.8278734515304421,0.0,0.0
Laferriere,8026546,6,0.8827125125700589,0.0013574127300792316,0.24098869035789416
Laferriere,8026546,7,0.8827125125700589,0.008968306041272673,0.24098869035789416
Laferriere,8026546,8,0.8827125125700589,0.011547308373704776,0.24098869035789416
Laferriere,8026546,9,0.8827125125700589,0.14377062680779587,0.24098869035789416
Laferriere,8026546,10,0.9361687513504021,0.09966474834734605,0.24098869035789416
Laferriere,8026546,11,0.9361687513504021,0.07994716431734808,0.24098869035789416
Laferriere,8026546,12,0.912882493275358,0.1549141295031163,0.24098869035789416
Laferriere,8026546,13,0.9432567073635896,0.18107370198844155,0.24098869035789416
Laferriere,8026546,14,0.9587575744292237,0.18122509854614935,0.24098869035789416
Laferriere,8026546,15,0.950276476097432,0.18753960794471386,0.24098869035789416
Laferriere,8026546,16,0.950276476097432,0.18443421633119955,0.24098869035789416
Laferriere,8026546,17,0.950276476097432,0.18192496978418707,0.24098869035789416
Laferriere,8026546,18,0.950276476097432,0.21450930438321794,0.24098869035789416
Laferriere,8026546,19,0.950276476097432,0.2085577598698601,0.24098869035789416
Laferriere,6735254,0,0.8974177891165442,0.0,0.0
Laferriere,6735254,1,0.8974177891165442,0.0,0.0
Laferriere,6735254,2,0.8974177891165442,0.0,0.0
Laferriere,6735254,3,0.8974177891165442,0.0,0.0
Laferriere,6735254,4,0.8974177891165442,0.0,0.0
Laferriere,6735254,5,0.8974177891165442,0.0,0.0
Laferriere,6735254,6,0.9587575744292237,0.05463734496865375,0.15538442385748957
Laferriere,6735254,7,0.8974177891165442,0.011876269736574513,0.15538442385748957
Laferriere,6735254,8,0.8974177891165442,0.0016689775381986023,0.15538442385748957
Laferriere,6735254,9,0.8974177891165442,0.004154236907260942,0.15538442385748957
Laferriere,6735254,10,0.8974177891165442,0.0033697788621935548,0.15538442385748957
Laferriere,6735254,11,0.8974177891165442,0.005953600687871265,0.15538442385748957
Laferriere,6735254,12,0.8974177891165442,0.005878162541468088,0.15538442385748957
Laferriere,6735254,13,0.8974177891165442,0.03425812621479862,0.15538442385748957
Laferriere,6735254,14,0.8974177891165442,0.00028051542079734213,0.15538442385748957
Laferriere,6735254,15,0.8974177891165442,0.015899860132206005,0.15538442385748957
Laferriere,6735254,16,0.940204203296445,0.027747740632358724,0.15538442385748957
Laferriere,6735254,17,0.940204203296445,0.01580037450985926,0.15538442385748957
Laferriere,6735254,18,0.940204203296445,0.00330521873579156,0.15538442385748957
Laferriere,6735254,19,0.940204203296445,0.022590298945883165,0.15538442385748957
Laferriere,1112898,0,0.9361687513504021,0.0,0.0
Laferriere,1112898,1,0.9361687513504021,0.0,0.0
Laferriere,1112898,2,0.9361687513504021,0.0,0.0
Laferriere,1112898,3,0.9361687513504021,0.0,0.0
Laferriere,1112898,4,0.9361687513504021,0.0,0.0
Laferriere,1112898,5,0.9361687513504021,0.0,0.0
Laferriere,1112898,6,0.7748115559465427,0.09083954864722556,0.14577897066308704
Laferriere,1112898,7,0.9361687513504021,0.07149220478570124,0.14577897066308704
Laferriere,1112898,8,0.912882493275358,0.07408880950876913,0.14577897066308704
Laferriere,1112898,9,0.912882493275358,0.06561188248026695,0.14577897066308704
Laferriere,1112898,10,0.912882493275358,0.07186178823194392,0.14577897066308704
Laferriere,1112898,11,0.912882493275358,0.1112804153415064,0.14577897066308704
Laferriere,1112898,12,0.912882493275358,0.11205508073042321,0.14577897066308704
Laferriere,1112898,13,0.950276476097432,0.10961547010338137,0.14577897066308704
Laferriere,1112898,14,0.950276476097432,0.12447012823415605,0.14577897066308704
Laferriere,1112898,15,0.9433906842000293,0.13214265416968787,0.14577897066308704
Laferriere,1112898,16,0.9433906842000293,0.09878586256745381,0.14577897066308704
Laferriere,1112898,17,0.9269981403594679,0.1533324670129401,0.14577897066308704
Laferriere,1112898,18,0.9890711786973322,0.15204130711635916,0.14577897066308704
Laferriere,1112898,19,0.9890711786973322,0.1446455922843573,0.14577897066308704
Laferriere,5609958,0,0.9587575744292237,0.0,0.0
Laferriere,5609958,1,0.9587575744292237,0.0,0.0
Laferriere,5609958,2,0.9587575744292237,0.0,0.0
Laferriere,5609958,3,0.9587575744292237,0.0,0.0
Laferriere,5609958,4,0.9587575744292237,0.0,0.0
Laferriere,5609958,5,0.9587575744292237,0.0,0.0
Laferriere,5609958,6,0.8974177891165442,0.06714596799044953,0.34265476588542926
Laferriere,5609958,7,0.8974177891165442,0.009438879426613126,0.34265476588542926
Laferriere,5609958,8,0.8974177891165442,0.015154111590333324,0.34265476588542926
Laferriere,5609958,9,0.8974177891165442,0.001185517820847393,0.34265476588542926
Laferriere,5609958,10,0.940204203296445,0.013575495104914948,0.34265476588542926
Laferriere,5609958,11,0.940204203296445,0.01758150451912253,0.34265476588542926
Laferriere,5609958,12,0.940204203296445,0.014167892025670313,0.34265476588542926
Laferriere,5609958,13,0.940204203296445,0.018056719626894754,0.34265476588542926
Laferriere,5609958,14,0.940204203296445,0.0211316219848355,0.34265476588542926
Laferriere,5609958,15,0.8974177891165442,0.022147297390347702,0.34265476588542926
Laferriere,5609958,16,0.989187934632731,0.04153825869074571,0.34265476588542926
Laferriere,5609958,17,0.989187934632731,0.011488028895542903,0.34265476588542926
Laferriere,5609958,18,0.8780333543135125,0.009787140722496139,0.34265476588542926
Laferriere,5609958,19,0.8780333543135125,0.007248758099709454,0.34265476588542926
Laferriere,4736968,0,0.912882493275358,0.0,0.0
Laferriere,4736968,1,0.912882493275358,0.0,0.0
Laferriere,4736968,2,0.912882493275358,0.0,0.0
Laferriere,4736968,3,0.912882493275358,0.0,0.0
Laferriere,4736968,4,0.912882493275358,0.0,0.0
Laferriere,4736968,5,0.912882493275358,0.0,0.0
Laferriere,4736968,6,0.940204203296445,0.003564691144631369,0.1736546493509115
Laferriere,4736968,7,0.912882493275358,0.0016869686721666722,0.1736546493509115
Laferriere,4736968,8,0.9475756094942628,7.186978000981729e-08,0.1736546493509115
Laferriere,4736968,9,0.912882493275358,0.016294979140383827,0.1736546493509115
Laferriere,4736968,10,0.9587575744292237,0.1173374463174062,0.1736546493509115
Laferriere,4736968,11,0.9587575744292237,0.10669247003282534,0.1736546493509115
Laferriere,4736968,12,0.9587575744292237,0.09585396189966244,0.1736546493509115
Laferriere,4736968,13,0.9587575744292237,0.09262191916404959,0.1736546493509115
Laferriere,4736968,14,0.9587575744292237,0.046604437162405705,0.1736546493509115
Laferriere,4736968,15,0.9550606808649618,0.05232690641184004,0.1736546493509115
Laferriere,4736968,16,0.9550606808649618,0.05256694881225452,0.1736546493509115
Laferriere,4736968,17,0.9550606808649618,0.04525788977313908,0.1736546493509115
Laferriere,4736968,18,0.9550606808649618,0.045084147622250624,0.1736546493509115
Laferriere,4736968,19,0.9550606808649618,0.03354347427106058,0.1736546493509115
Laferriere,617977,0,0.8974177891165442,0.0,0.0
Laferriere,617977,1,0.8974177891165442,0.0,0.0
Laferriere,617977,2,0.8974177891165442,0.0,0.0
Laferriere,617977,3,0.8974177891165442,0.0,0.0
Laferriere,617977,4,0.8974177891165442,0.0,0.0
Laferriere,617977,5,0.8974177891165442,0.0,0.0
Laferriere,617977,6,0.9587575744292237,0.007315627574617313,0.1992818532765063
Laferriere,617977,7,0.9587575744292237,0.09336339586416309,0.1992818532765063
Laferriere,617977,8,0.9587575744292237,0.11381700144853672,0.1992818532765063
Laferriere,617977,9,0.9587575744292237,0.11262040176561608,0.1992818532765063
Laferriere,617977,10,0.950276476097432,0.11439174358359931,0.1992818532765063
Laferriere,617977,11,0.950276476097432,0.1084987668457089,0.1992818532765063
Laferriere,617977,12,0.9432567073635896,0.1166820048723546,0.1992818532765063
Laferriere,617977,13,0.9432567073635896,0.09455307970877593,0.1992818532765063
Laferriere,617977,14,0.9431120557363084,0.1278721538705491,0.1992818532765063
Laferriere,617977,15,0.9911548617395507,0.12828329269608651,0.1992818532765063
Laferriere,617977,16,0.9374141348564523,0.14963839783342214,0.1992818532765063
Laferriere,617977,17,0.9949939993551901,0.156457391375402,0.1992818532765063
Laferriere,617977,18,0.9377912670055084,0.1589058978151925,0.1992818532765063
Laferriere,617977,19,0.9374141348564523,0.16372558561377862,0.1992818532765063
Laferriere,8500888,0,0.950276476097432,0.0,0.0
Laferriere,8500888,1,0.950276476097432,0.0,0.0
Laferriere,8500888,2,0.950276476097432,0.0,0.0
Laferriere,8500888,3,0.950276476097432,0.0,0.0
Laferriere,8500888,4,0.950276476097432,0.0,0.0
Laferriere,8500888,5,0.950276476097432,0.0,0.0
Laferriere,8500888,6,0.8780333543135125,0.08326237238309128,0.29710208047902137
Laferriere,8500888,7,0.8780333543135125,0.1430662286844334,0.29710208047902137
Laferriere,8500888,8,0.8974177891165442,0.049824826254365254,0.29710208047902137
Laferriere,8500888,9,0.8780333543135125,0.019699972902087276,0.29710208047902137
Laferriere,8500888,10,0.9154910574255333,0.0399359208436706,0.29710208047902137
Laferriere,8500888,11,0.9154910574255333,0.059582152787537375,0.29710208047902137
Laferriere,8500888,12,0.8827125125700589,0.0018738979096119106,0.29710208047902137
Laferriere,8500888,13,0.940204203296445,0.00240628503581711,0.29710208047902137
Laferriere,8500888,14,0.940204203296445,0.009897088355476183,0.29710208047902137
Laferriere,8500888,15,0.9587575744292237,0.00013260750424941954,0.29710208047902137
Laferriere,8500888,16,0.9587575744292237,5.269671567462591e-05,0.29710208047902137
Laferriere,8500888,17,0.9587575744292237,0.00015752723360856064,0.29710208047902137
Laferriere,8500888,18,0.9587575744292237,0.0002265061252116182,0.29710208047902137
Laferriere,8500888,19,0.9587575744292237,0.0025515148536475033,0.29710208047902137
Laferriere,4205117,0,0.8814571308906789,0.0,0.0
Laferriere,4205117,1,0.8814571308906789,0.0,0.0
Laferriere,4205117,2,0.8814571308906789,0.0,0.0
Laferriere,4205117,3,0.8814571308906789,0.0,0.0
Laferriere,4205117,4,0.8814571308906789,0.0,0.0
Laferriere,4205117,5,0.8814571308906789,0.0,0.0
Laferriere,4205117,6,0.856252169487011,0.007023052199676677,0.3438518285247167
Laferriere,4205117,7,0.856252169487011,0.03352184461629638,0.3438518285247167
Laferriere,4205117,8,0.950276476097432,0.038368301531036195,0.3438518285247167
Laferriere,4205117,9,0.950276476097432,0.03256971078410092,0.3438518285247167
Laferriere,4205117,10,0.950276476097432,0.09479862686979623,0.3438518285247167
Laferriere,4205117,11,0.950276476097432,0.06481170158553447,0.3438518285247167
Laferriere,4205117,12,0.9587575744292237,0.0853842452143283,0.3438518285247167
Laferriere,4205117,13,0.9587575744292237,0.10067742288190477,0.3438518285247167
Laferriere,4205117,14,0.9587575744292237,0.1508777415885959,0.3438518285247167
Laferriere,4205117,15,0.9516313862420681,0.15115137534474646,0.3438518285247167
Laferriere,4205117,16,0.9516313862420681,0.1424127832434349,0.3438518285247167
Laferriere,4205117,17,0.9607117574780539,0.14533657051766627,0.3438518285247167
Laferriere,4205117,18,0.9641276182872424,0.1389312018470975,0.3438518285247167
Laferriere,4205117,19,0.952956676305532,0.1356890129965799,0.3438518285247167
Laferriere,756214,0,0.7748115559465427,0.0,0.0
Laferriere,756214,1,0.7748115559465427,0.0,0.0
Laferriere,756214,2,0.7748115559465427,0.0,0.0
Laferriere,756214,3,0.7748115559465427,0.0,0.0
Laferriere,756214,4,0.7748115559465427,0.0,0.0
Laferriere,756214,5,0.7748115559465427,0.0,0.0
Laferriere,756214,6,0.9361687513504021,0.07136228328764208,0.06409136446927291
Laferriere,756214,7,0.9361687513504021,0.07948935236908942,0.06409136446927291
Laferriere,756214,8,0.9361687513504021,0.09617437539124142,0.06409136446927291
Laferriere,756214,9,0.9361687513504021,0.08770463736959361,0.06409136446927291
Laferriere,756214,10,0.9361687513504021,0.09325937139165712,0.06409136446927291
Laferriere,756214,11,0.9361687513504021,0.10461422441106624,0.06409136446927291
Laferriere,756214,12,0.9361687513504021,0.09796228529233907,0.06409136446927291
Laferriere,756214,13,0.9361687513504021,0.08568225397640812,0.06409136446927291
Laferriere,756214,14,0.9432567073635896,0.08631263599263382,0.06409136446927291
Laferriere,756214,15,0.9432567073635896,0.09685757724247426,0.06409136446927291
Laferriere,756214,16,0.9432567073635896,0.11815751330037803,0.06409136446927291
Laferriere,756214,17,0.9432567073635896,0.11617821809846077,0.06409136446927291
Laferriere,756214,18,0.9431120557363084,0.1211319544766322,0.06409136446927291
Laferriere,756214,19,0.9432567073635896,0.105056867655954,0.06409136446927291
Laferriere,4283694,0,0.7748115559465427,0.0,0.0
Laferriere,4283694,1,0.7748115559465427,0.0,0.0
Laferriere,4283694,2,0.7748115559465427,0.0,0.0
Laferriere,4283694,3,0.7748115559465427,0.0,0.0
Laferriere,4283694,4,0.7748115559465427,0.0,0.0
Laferriere,4283694,5,0.7748115559465427,0.0,0.0
Laferriere,4283694,6,0.9361687513504021,0.12884900221448192,0.3354577417999974
Laferriere,4283694,7,0.9361687513504021,0.1307762637744313,0.3354577417999974
Laferriere,4283694,8,0.9361687513504021,0.08207678710684288,0.3354577417999974
Laferriere,4283694,9,0.912882493275358,0.087824250749404,0.3354577417999974
Laferriere,4283694,10,0.9587575744292237,0.05287047893246978,0.3354577417999974
Laferriere,4283694,11,0.9587575744292237,0.038672867478292246,0.3354577417999974
Laferriere,4283694,12,0.950276476097432,0.00862961208251115,0.3354577417999974
Laferriere,4283694,13,0.9587575744292237,0.007419146484954696,0.3354577417999974
Laferriere,4283694,14,0.9587575744292237,0.012106632721400064,0.3354577417999974
Laferriere,4283694,15,0.9587575744292237,0.01114834999995602,0.3354577417999974
Laferriere,4283694,16,0.9587575744292237,0.010579442098470155,0.3354577417999974
Laferriere,4283694,17,0.9587575744292237,0.011103951430597224,0.3354577417999974
Laferriere,4283694,18,0.9587575744292237,0.008476136760795151,0.3354577417999974
Laferriere,4283694,19,0.9587575744292237,0.00880507138157157,0.3354577417999974
Laferriere,7449696,0,0.9361687513504021,0.0,0.0
Laferriere,7449696,1,0.9361687513504021,0.0,0.0
Laferriere,7449696,2,0.9361687513504021,0.0,0.0
Laferriere,7449696,3,0.9361687513504021,0.0,0.0
Laferriere,7449696,4,0.9361687513504021,0.0,0.0
Laferriere,7449696,5,0.9361687513504021,0.0,0.0
Laferriere,7449696,6,0.7748115559465427,0.09416843877404214,0.22370694849322287
Laferriere,7449696,7,0.9361687513504021,0.09656185869619342,0.22370694849322287
Laferriere,7449696,8,0.9361687513504021,0.08676036566823973,0.22370694849322287
Laferriere,7449696,9,0.9361687513504021,0.03704339360925658,0.22370694849322287
Laferriere,7449696,10,0.8278734515304421,0.020631797311584224,0.22370694849322287
Laferriere,7449696,11,0.989187934632731,0.03953662106060435,0.22370694849322287
Laferriere,7449696,12,0.989187934632731,0.05588342436702752,0.22370694849322287
Laferriere,7449696,13,0.9361687513504021,0.05399584242636745,0.22370694849322287
Laferriere,7449696,14,0.989187934632731,0.05700833704877655,0.22370694849322287
Laferriere,7449696,15,0.989187934632731,0.05420272953619839,0.22370694849322287
Laferriere,7449696,16,0.989187934632731,0.05627469293690908,0.22370694849322287
Laferriere,7449696,17,0.989187934632731,0.11210794217437708,0.22370694849322287
Laferriere,7449696,18,0.9361687513504021,0.11903091948648405,0.22370694849322287
Laferriere,7449696,19,0.9929399396786949,0.11974388405772464,0.22370694849322287
Laferriere,9848369,0,0.8974177891165442,0.0,0.0
Laferriere,9848369,1,0.8974177891165442,0.0,0.0
Laferriere,9848369,2,0.8974177891165442,0.0,0.0
Laferriere,9848369,3,0.8974177891165442,0.0,0.0
Laferriere,9848369,4,0.8974177891165442,0.0,0.0
Laferriere,9848369,5,0.8974177891165442,0.0,0.0
Laferriere,9848369,6,0.9587575744292237,0.0608456624881322,0.014667688879821873
Laferriere,9848369,7,0.8974177891165442,0.047637110454232995,0.014667688879821873
Laferriere,9848369,8,0.989187934632731,0.06286866830646866,0.014667688879821873
Laferriere,9848369,9,0.9361687513504021,0.06730573640971661,0.014667688879821873
Laferriere,9848369,10,0.9361687513504021,0.06438355642214863,0.014667688879821873
Laferriere,9848369,11,0.989187934632731,0.06505014370475075,0.014667688879821873
Laferriere,9848369,12,0.989187934632731,0.05689463278607482,0.014667688879821873
Laferriere,9848369,13,0.989187934632731,0.06897523857996392,0.014667688879821873
Laferriere,9848369,14,0.989187934632731,0.07838767858477985,0.014667688879821873
Laferriere,9848369,15,0.989187934632731,0.06898360313612112,0.014667688879821873
Laferriere,9848369,16,0.989187934632731,0.0647142011979648,0.014667688879821873
Laferriere,9848369,17,0.940204203296445,0.07237460364436149,0.014667688879821873
Laferriere,9848369,18,0.989187934632731,0.05549940742611276,0.014667688879821873
Laferriere,9848369,19,0.989187934632731,0.0515652545015043,0.014667688879821873
Vanilla,9049607,0,0.9478855791438945,0.0,
Vanilla,9049607,1,0.9447593697516775,0.0,
Vanilla,9049607,2,0.9447593697516775,0.0,
Vanilla,9049607,3,0.9447593697516775,0.054841601703348127,
Vanilla,9049607,4,0.9728873450827549,0.027928297347223907,
Vanilla,9049607,5,0.8827125125700589,0.03108394340202404,
Vanilla,9049607,6,0.8827125125700589,0.0019110560616916901,
Vanilla,9049607,7,0.912882493275358,0.0627995093810531,
Vanilla,9049607,8,0.912882493275358,0.07088124551135555,
Vanilla,9049607,9,0.912882493275358,0.05282896299512555,
Vanilla,9049607,10,0.912882493275358,0.0715975993623997,
Vanilla,9049607,11,0.912882493275358,0.07289716230038916,
Vanilla,9049607,12,0.912882493275358,0.0700002851889305,
Vanilla,9049607,13,0.912882493275358,0.0809438593408593,
Vanilla,9049607,14,0.912882493275358,0.07550315186303475,
Vanilla,9049607,15,0.912882493275358,0.05621098587764371,
Vanilla,9049607,16,0.9187298875034047,0.06043525009872628,
Vanilla,9049607,17,0.9187298875034047,0.06272611156765397,
Vanilla,9049607,18,0.9187298875034047,0.05105494695962683,
Vanilla,9049607,19,0.9187298875034047,0.051771437328559544,
Vanilla,2402697,0,0.9051770022542597,0.0,
Vanilla,2402697,1,0.9719880941331567,0.0,
Vanilla,2402697,2,0.9234362484115665,0.0,
Vanilla,2402697,3,0.9234362484115665,0.006982504138319192,
Vanilla,2402697,4,0.9071435811986702,0.0055407939855517865,
Vanilla,2402697,5,0.9071435811986702,9.716095793042965e-05,
Vanilla,2402697,6,0.9778613180704889,0.00046867270812377257,
Vanilla,2402697,7,0.9607410359659192,0.03886363610990385,
Vanilla,2402697,8,0.9778613180704889,0.06738604656230365,
Vanilla,2402697,9,0.994787010233945,0.08979062650993865,
Vanilla,2402697,10,0.9782821873010362,0.08672828501869878,
Vanilla,2402697,11,0.9782821873010362,0.1061842491722946,
Vanilla,2402697,12,0.9782821873010362,0.1501439719200934,
Vanilla,2402697,13,0.9361687513504021,0.15420977669478667,
Vanilla,2402697,14,0.9359841464444141,0.1470786856849927,
Vanilla,2402697,15,0.9890711786973322,0.14643577032079041,
Vanilla,2402697,16,0.9782821873010362,0.14879935123872665,
Vanilla,2402697,17,0.9782821873010362,0.15657434418451788,
Vanilla,2402697,18,0.9782821873010362,0.1255578344294348,
Vanilla,2402697,19,0.982565961158463,0.12361169348224282,
Vanilla,6510749,0,0.9659047771738576,0.0,
Vanilla,6510749,1,0.955698527536431,0.0,
Vanilla,6510749,2,0.9825632054201503,0.0,
Vanilla,6510749,3,0.9802232814140192,0.16748856911655902,
Vanilla,6510749,4,0.9935454105306792,0.019647852241627947,
Vanilla,6510749,5,0.9825632054201503,0.02400686116592131,
Vanilla,6510749,6,0.9825632054201503,0.022604802789803938,
Vanilla,6510749,7,0.9825632054201503,0.001965630274205669,
Vanilla,6510749,8,0.9825632054201503,0.0024912170008982043,
Vanilla,6510749,9,0.9825632054201503,0.016579123399560636,
Vanilla,6510749,10,0.9825632054201503,0.017355810421885446,
Vanilla,6510749,11,0.9825632054201503,0.1066444394155447,
Vanilla,6510749,12,0.9825632054201503,0.13475932317092942,
Vanilla,6510749,13,0.9936273797861386,0.15369555612928,
Vanilla,6510749,14,0.9802232814140192,0.15019281843514148,
Vanilla,6510749,15,0.9802232814140192,0.14622743394368873,
Vanilla,6510749,16,0.9802232814140192,0.13786355555829544,
Vanilla,6510749,17,0.9802232814140192,0.13715587457777997,
Vanilla,6510749,18,0.9862549389547469,0.12939809508189928,
Vanilla,6510749,19,0.9862549389547469,0.11489891529735029,
Vanilla,758529,0,0.9698603291315889,0.0,
Vanilla,758529,1,0.9482651221534053,0.0,
Vanilla,758529,2,0.9800603775366744,0.0,
Vanilla,758529,3,0.9800603775366744,0.016363497180876513,
Vanilla,758529,4,0.8814571308906789,0.05730896811445563,
Vanilla,758529,5,0.8814571308906789,0.0622923929208977,
Vanilla,758529,6,0.8814571308906789,0.09154993256951928,
Vanilla,758529,7,0.8814571308906789,0.10340488349326785,
Vanilla,758529,8,0.9050702412076396,0.09164754138006877,
Vanilla,758529,9,0.9312550498740352,0.0833461730907602,
Vanilla,758529,10,0.940204203296445,0.07626513375342003,
Vanilla,758529,11,0.940204203296445,0.10747724432693374,
Vanilla,758529,12,0.9782821873010362,0.12620921916711264,
Vanilla,758529,13,0.9782821873010362,0.13233138973115555,
Vanilla,758529,14,0.9361687513504021,0.13730998506988842,
Vanilla,758529,15,0.9782821873010362,0.13584802012916336,
Vanilla,758529,16,0.9822353251137619,0.13653674564626553,
Vanilla,758529,17,0.9822353251137619,0.07444109479048587,
Vanilla,758529,18,0.9610875101156782,0.06940313215480168,
Vanilla,758529,19,0.9610875101156782,0.06833363518598072,
Vanilla,3523986,0,0.963437764034793,0.0,
Vanilla,3523986,1,0.963437764034793,0.0,
Vanilla,3523986,2,0.963437764034793,0.0,
Vanilla,3523986,3,0.963437764034793,0.006787799721347309,
Vanilla,3523986,4,0.963437764034793,0.011466934972194266,
Vanilla,3523986,5,0.963437764034793,0.05063757834392847,
Vanilla,3523986,6,0.963437764034793,0.08259930826414648,
Vanilla,3523986,7,0.9432567073635896,0.07891437106280492,
Vanilla,3523986,8,0.9432567073635896,0.07699688662669116,
Vanilla,3523986,9,0.9432567073635896,0.07263440575567634,
Vanilla,3523986,10,0.9432567073635896,0.0676236293289908,
Vanilla,3523986,11,0.9432567073635896,0.05694033693688764,
Vanilla,3523986,12,0.9432567073635896,0.06355905164779849,
Vanilla,3523986,13,0.9432567073635896,0.06229212291790961,
Vanilla,3523986,14,0.9432567073635896,0.06488605189806121,
Vanilla,3523986,15,0.9432567073635896,0.056585160316093376,
Vanilla,3523986,16,0.9432567073635896,0.05618143760324228,
Vanilla,3523986,17,0.9432567073635896,0.09684831256355086,
Vanilla,3523986,18,0.9432567073635896,0.09076458418851102,
Vanilla,3523986,19,0.9432567073635896,0.08978228119353002,
Vanilla,3224638,0,0.9701685711073799,0.0,
Vanilla,3224638,1,0.9403612508193067,0.0,
Vanilla,3224638,2,0.9403612508193067,0.0,
Vanilla,3224638,3,0.9403612508193067,0.012094106274270428,
Vanilla,3224638,4,0.9473682754951597,0.1712764805161505,
Vanilla,3224638,5,0.9257482767258153,0.1684677255824698,
Vanilla,3224638,6,0.9403612508193067,0.1841309409220451,
Vanilla,3224638,7,0.9403612508193067,0.20182809199973925,
Vanilla,3224638,8,0.9403612508193067,0.08600030518463898,
Vanilla,3224638,9,0.8974177891165442,0.09233735455791135,
Vanilla,3224638,10,0.8974177891165442,0.12536584649507657,
Vanilla,3224638,11,0.9361687513504021,0.09922568295633157,
Vanilla,3224638,12,0.9154910574255333,0.10736605829420047,
Vanilla,3224638,13,0.9154910574255333,0.09055230080382994,
Vanilla,3224638,14,0.9079636284847747,0.07613331062650786,
Vanilla,3224638,15,0.9154910574255333,0.06464409070192328,
Vanilla,3224638,16,0.9311014445606511,0.08352733847251403,
Vanilla,3224638,17,0.9311014445606511,0.09652858830485733,
Vanilla,3224638,18,0.9311014445606511,0.11154978920747921,
Vanilla,3224638,19,0.9311014445606511,0.11242413361673033,
Vanilla,9729091,0,0.9328131620525808,0.0,
Vanilla,9729091,1,0.9328131620525808,0.0,
Vanilla,9729091,2,0.9461525120702816,0.0,
Vanilla,9729091,3,0.9461525120702816,0.00015277178805498203,
Vanilla,9729091,4,0.9675441688521467,0.0028452812951578993,
Vanilla,9729091,5,0.9590193268697617,0.00788391317121097,
Vanilla,9729091,6,0.989187934632731,0.008776195424332275,
Vanilla,9729091,7,0.989187934632731,0.01409279914876995,
Vanilla,9729091,8,0.989187934632731,0.01376472797770256,
Vanilla,9729091,9,0.989187934632731,0.014211092009940482,
Vanilla,9729091,10,0.989187934632731,0.014313294808055849,
Vanilla,9729091,11,0.989187934632731,0.03606340032040086,
Vanilla,9729091,12,0.989187934632731,0.039450511470888065,
Vanilla,9729091,13,0.989187934632731,0.12113848170743083,
Vanilla,9729091,14,0.989187934632731,0.1234290316823587,
Vanilla,9729091,15,0.989187934632731,0.12287819870523031,
Vanilla,9729091,16,0.989187934632731,0.12793353312651926,
Vanilla,9729091,17,0.989187934632731,0.1233119419378807,
Vanilla,9729091,18,0.989187934632731,0.12787154745761486,
Vanilla,9729091,19,0.989187934632731,0.10141927577682548,
Vanilla,5830471,0,0.9197252247087814,0.0,
Vanilla,5830471,1,0.9374141348564523,0.0,
Vanilla,5830471,2,0.9374141348564523,0.0,
Vanilla,5830471,3,0.9374141348564523,0.05112307036879901,
Vanilla,5830471,4,0.9374141348564523,0.020792704517815425,
Vanilla,5830471,5,0.940204203296445,0.022440814545926606,
Vanilla,5830471,6,0.940204203296445,0.020768543269150817,
Vanilla,5830471,7,0.940204203296445,0.11330822204885696,
Vanilla,5830471,8,0.9374141348564523,0.07145804087415042,
Vanilla,5830471,9,0.8814571308906789,0.15745960529277905,
Vanilla,5830471,10,0.9374141348564523,0.07841900802475944,
Vanilla,5830471,11,0.8814571308906789,0.0748829849749593,
Vanilla,5830471,12,0.8814571308906789,0.07632746601976223,
Vanilla,5830471,13,0.9448640681002519,0.08602952747907552,
Vanilla,5830471,14,0.9448640681002519,0.08788355999907126,
Vanilla,5830471,15,0.9448640681002519,0.08527411280696663,
Vanilla,5830471,16,0.9448640681002519,0.08006759196256542,
Vanilla,5830471,17,0.9050702412076396,0.09332035648580872,
Vanilla,5830471,18,0.9377912670055084,0.08339452318176158,
Vanilla,5830471,19,0.9350201438558463,0.10896400451177776,
Vanilla,5343420,0,0.9668391596812532,0.0,
Vanilla,5343420,1,0.9633334072795254,0.0,
Vanilla,5343420,2,0.9633334072795254,0.0,
Vanilla,5343420,3,0.9633334072795254,0.009799544155161356,
Vanilla,5343420,4,0.9702670747927151,0.057316641474660486,
Vanilla,5343420,5,0.9633334072795254,0.04815236124889704,
Vanilla,5343420,6,0.9587575744292237,0.10405300673233507,
Vanilla,5343420,7,0.9587575744292237,0.11257337036859554,
Vanilla,5343420,8,0.9587575744292237,0.1143511951843482,
Vanilla,5343420,9,0.9459775506061123,0.11323895569181841,
Vanilla,5343420,10,0.9459775506061123,0.13116961522699014,
Vanilla,5343420,11,0.9459775506061123,0.12774977329855333,
Vanilla,5343420,12,0.9459775506061123,0.1088762377285707,
Vanilla,5343420,13,0.9459775506061123,0.11557250089337881,
Vanilla,5343420,14,0.9587575744292237,0.11184395440082816,
Vanilla,5343420,15,0.9587575744292237,0.11758506271302878,
Vanilla,5343420,16,0.9587575744292237,0.11630226206443975,
Vanilla,5343420,17,0.9587575744292237,0.12673541980484962,
Vanilla,5343420,18,0.9587575744292237,0.12588306986362577,
Vanilla,5343420,19,0.9587575744292237,0.14663405983512143,
Vanilla,2417321,0,0.8917611878886227,0.0,
Vanilla,2417321,1,0.8917611878886227,0.0,
Vanilla,2417321,2,0.8978365956490459,0.0,
Vanilla,2417321,3,0.9636172056265646,0.011505016016938156,
Vanilla,2417321,4,0.9228135566585414,0.0014061503331997377,
Vanilla,2417321,5,0.9228135566585414,0.050470367064233815,
Vanilla,2417321,6,0.8978365956490459,0.0007849386397226801,
Vanilla,2417321,7,0.8978365956490459,0.0028683046020163117,
Vanilla,2417321,8,0.8978365956490459,0.003338500035843217,
Vanilla,2417321,9,0.8978365956490459,0.001506381834656719,
Vanilla,2417321,10,0.8978365956490459,0.0008953562622883266,
Vanilla,2417321,11,0.8978365956490459,0.0017961473339712232,
Vanilla,2417321,12,0.989187934632731,0.00928194212497865,
Vanilla,2417321,13,0.8827125125700589,0.008019281141614307,
Vanilla,2417321,14,0.8827125125700589,0.009714553734672235,
Vanilla,2417321,15,0.8827125125700589,0.030060736582238512,
Vanilla,2417321,16,0.950276476097432,0.03211366840172293,
Vanilla,2417321,17,0.950276476097432,0.03012736001747116,
Vanilla,2417321,18,0.950276476097432,0.032020701077189885,
Vanilla,2417321,19,0.950276476097432,0.03143961626167511,
Vanilla,9891788,0,0.9684306823128576,0.0,
Vanilla,9891788,1,0.9684306823128576,0.0,
Vanilla,9891788,2,0.9684306823128576,0.0,
Vanilla,9891788,3,0.9684306823128576,0.0031334744044184716,
Vanilla,9891788,4,0.9664282820549336,0.0021670162951255246,
Vanilla,9891788,5,0.9664282820549336,0.0011075889751208869,
Vanilla,9891788,6,0.9684306823128576,0.0015769312299934854,
Vanilla,9891788,7,0.9684306823128576,0.0013528715807382178,
Vanilla,9891788,8,0.9684306823128576,0.0017285049351310855,
Vanilla,9891788,9,0.9684306823128576,0.0002688243927627772,
Vanilla,9891788,10,0.9684306823128576,0.00100545731748739,
Vanilla,9891788,11,0.9684306823128576,0.0007060712139445694,
Vanilla,9891788,12,0.9566670036834992,0.000813940291460102,
Vanilla,9891788,13,0.9566670036834992,0.06301834241445797,
Vanilla,9891788,14,0.9869234370564112,0.03152498831351348,
Vanilla,9891788,15,0.9605278423277818,0.025236794706336926,
Vanilla,9891788,16,0.9605278423277818,0.021261572015718523,
Vanilla,9891788,17,0.8868223530277881,0.02902177970700727,
Vanilla,9891788,18,0.8868223530277881,0.023140918198646148,
Vanilla,9891788,19,0.9185532049344967,0.02326092403383679,
Vanilla,9314146,0,0.9491943413465846,0.0,
Vanilla,9314146,1,0.9491943413465846,0.0,
Vanilla,9314146,2,0.9491943413465846,0.0,
Vanilla,9314146,3,0.9491943413465846,0.12080008171902287,
Vanilla,9314146,4,0.9318129965571927,0.10882341337513657,
Vanilla,9314146,5,0.9318129965571927,0.15063849902126308,
Vanilla,9314146,6,0.6150610578000378,0.08070902321576007,
Vanilla,9314146,7,0.9491943413465846,0.054274518916085174,
Vanilla,9314146,8,0.8780333543135125,0.05640828298192422,
Vanilla,9314146,9,0.8780333543135125,0.036988808348710295,
Vanilla,9314146,10,0.8780333543135125,0.0037839226034897056,
Vanilla,9314146,11,0.989187934632731,0.004286020738248949,
Vanilla,9314146,12,0.989187934632731,0.00035314493436727626,
Vanilla,9314146,13,0.989187934632731,0.0022064747090861743,
Vanilla,9314146,14,0.989187934632731,0.01223223666594871,
Vanilla,9314146,15,0.989187934632731,0.0408857397542865,
Vanilla,9314146,16,0.989187934632731,0.044140269271256326,
Vanilla,9314146,17,0.989187934632731,0.056243375985892775,
Vanilla,9314146,18,0.989187934632731,0.05842560348774844,
Vanilla,9314146,19,0.994787010233945,0.05830579200783886,
Vanilla,9488226,0,0.9849120831123843,0.0,
Vanilla,9488226,1,0.9849120831123843,0.0,
Vanilla,9488226,2,0.9849120831123843,0.0,
Vanilla,9488226,3,0.9849120831123843,0.08456961128936479,
Vanilla,9488226,4,0.9849120831123843,0.084548297749308,
Vanilla,9488226,5,0.9849120831123843,0.08001415454393168,
Vanilla,9488226,6,0.9849120831123843,0.0658010119942067,
Vanilla,9488226,7,0.9849120831123843,0.057991620587588624,
Vanilla,9488226,8,0.9849120831123843,0.06324758293684427,
Vanilla,9488226,9,0.9849120831123843,0.04882451962672105,
Vanilla,9488226,10,0.9849120831123843,0.03050910668735761,
Vanilla,9488226,11,0.9849120831123843,0.022817989579997332,
Vanilla,9488226,12,0.9849120831123843,0.044578202010367794,
Vanilla,9488226,13,0.9849120831123843,0.05162984007155198,
Vanilla,9488226,14,0.9849120831123843,0.060440493519414516,
Vanilla,9488226,15,0.9849120831123843,0.06044332522543228,
Vanilla,9488226,16,0.9849120831123843,0.06623758692291129,
Vanilla,9488226,17,0.9849120831123843,0.0736036685300775,
Vanilla,9488226,18,0.975742506755024,0.06676587783751543,
Vanilla,9488226,19,0.9849120831123843,0.0661197960393738,
Vanilla,2697408,0,0.9167732935941197,0.0,
Vanilla,2697408,1,0.9393524732311226,0.0,
Vanilla,2697408,2,0.9769465640400377,0.0,
Vanilla,2697408,3,0.9769465640400377,0.06590395897219535,
Vanilla,2697408,4,0.9769465640400377,0.06691885419108372,
Vanilla,2697408,5,0.9769465640400377,0.06494811884417397,
Vanilla,2697408,6,0.9769465640400377,0.01911943385970865,
Vanilla,2697408,7,0.9790633093729059,0.03310799107784407,
Vanilla,2697408,8,0.9790633093729059,0.013679695862453316,
Vanilla,2697408,9,0.9790633093729059,0.037962389320918576,
Vanilla,2697408,10,0.9790633093729059,0.03547194654151946,
Vanilla,2697408,11,0.9790633093729059,0.026701920623924326,
Vanilla,2697408,12,0.9432567073635896,0.027087213797839932,
Vanilla,2697408,13,0.9432567073635896,0.040956076643178276,
Vanilla,2697408,14,0.9758182747781422,0.03785506661730281,
Vanilla,2697408,15,0.8819517054462986,0.038404998863352115,
Vanilla,2697408,16,0.8819517054462986,0.0628923375526114,
Vanilla,2697408,17,0.9431120557363084,0.07329804694233198,
Vanilla,2697408,18,0.9431120557363084,0.051041947433316755,
Vanilla,2697408,19,0.9432567073635896,0.03911035384201148,
Vanilla,5135059,0,0.9415990601506858,0.0,
Vanilla,5135059,1,0.9415990601506858,0.0,
Vanilla,5135059,2,0.9415990601506858,0.0,
Vanilla,5135059,3,0.9415990601506858,0.0026344882647194607,
Vanilla,5135059,4,0.9415990601506858,0.0020647339625691416,
Vanilla,5135059,5,0.9415990601506858,0.010566879493170063,
Vanilla,5135059,6,0.9415990601506858,0.03552708041915512,
Vanilla,5135059,7,0.9415990601506858,0.04514079283756785,
Vanilla,5135059,8,0.9582537045941941,0.04486516705330597,
Vanilla,5135059,9,0.9582537045941941,0.027254812896598705,
Vanilla,5135059,10,0.9415990601506858,0.03784425967582994,
Vanilla,5135059,11,0.9415990601506858,0.03939073408733819,
Vanilla,5135059,12,0.9587575744292237,0.03873281600446206,
Vanilla,5135059,13,0.9587575744292237,0.03778738594640631,
Vanilla,5135059,14,0.9587575744292237,0.039804774513258104,
Vanilla,5135059,15,0.9587575744292237,0.0542876337317846,
Vanilla,5135059,16,0.9587575744292237,0.0414592642570796,
Vanilla,5135059,17,0.9587575744292237,0.04325486825108147,
Vanilla,5135059,18,0.9587575744292237,0.0528747856526282,
Vanilla,5135059,19,0.9607117574780539,0.02073098801667907,
Vanilla,6813578,0,0.8068923439197938,0.0,
Vanilla,6813578,1,0.9631360648846502,0.0,
Vanilla,6813578,2,0.9631360648846502,0.0,
Vanilla,6813578,3,0.9810763877062224,0.02498916194772988,
Vanilla,6813578,4,0.8827125125700589,0.020232329284152247,
Vanilla,6813578,5,0.8827125125700589,0.051611774449851024,
Vanilla,6813578,6,0.9361687513504021,0.04604115526447933,
Vanilla,6813578,7,0.9361687513504021,0.11413467430670667,
Vanilla,6813578,8,0.9361687513504021,0.19218975533627192,
Vanilla,6813578,9,0.9361687513504021,0.1739731082127417,
Vanilla,6813578,10,0.9361687513504021,0.1740226670301715,
Vanilla,6813578,11,0.9361687513504021,0.2044743733169014,
Vanilla,6813578,12,0.9361687513504021,0.17551700277740964,
Vanilla,6813578,13,0.9361687513504021,0.1345489134523407,
Vanilla,6813578,14,0.9361687513504021,0.1329001655015234,
Vanilla,6813578,15,0.9361687513504021,0.16287379323510218,
Vanilla,6813578,16,0.9382090356198851,0.16449262521396885,
Vanilla,6813578,17,0.9361687513504021,0.1552255181646566,
Vanilla,6813578,18,0.9361687513504021,0.14256674047903195,
Vanilla,6813578,19,0.9361687513504021,0.14748707137635464,
Vanilla,430826,0,0.7574395130056626,0.0,
Vanilla,430826,1,0.9837624409842546,0.0,
Vanilla,430826,2,0.9837624409842546,0.0,
Vanilla,430826,3,0.9784929667941679,0.04402550141261826,
Vanilla,430826,4,0.9392057589057957,0.048759119979711926,
Vanilla,430826,5,0.9392057589057957,0.04845234343524656,
Vanilla,430826,6,0.943508474769002,0.04306422697901623,
Vanilla,430826,7,0.9837624409842546,0.1459326543795607,
Vanilla,430826,8,0.943508474769002,0.14859053331825853,
Vanilla,430826,9,0.943508474769002,0.1424901388116059,
Vanilla,430826,10,0.9328541466803105,0.14178948932330282,
Vanilla,430826,11,0.9328541466803105,0.1427600830357428,
Vanilla,430826,12,0.9328541466803105,0.15392854919723248,
Vanilla,430826,13,0.9415704779876386,0.1504907549368088,
Vanilla,430826,14,0.9415704779876386,0.14697545304327836,
Vanilla,430826,15,0.9415704779876386,0.15178787365250399,
Vanilla,430826,16,0.9415704779876386,0.14876170681868345,
Vanilla,430826,17,0.9415704779876386,0.14693103231243862,
Vanilla,430826,18,0.9415704779876386,0.09641617776468274,
Vanilla,430826,19,0.9550606808649618,0.0963518078061171,
Vanilla,6192331,0,0.9760541975093946,0.0,
Vanilla,6192331,1,0.9760541975093946,0.0,
Vanilla,6192331,2,0.9760541975093946,0.0,
Vanilla,6192331,3,0.9760541975093946,0.03465336086348278,
Vanilla,6192331,4,0.9760541975093946,0.03220470796039416,
Vanilla,6192331,5,0.9760541975093946,0.079843266978173,
Vanilla,6192331,6,0.9760541975093946,0.10804224566866204,
Vanilla,6192331,7,0.9760541975093946,0.11233116679986811,
Vanilla,6192331,8,0.9760541975093946,0.11720868405230947,
Vanilla,6192331,9,0.9760541975093946,0.12132664475962798,
Vanilla,6192331,10,0.9760541975093946,0.1198548831125892,
Vanilla,6192331,11,0.9760541975093946,0.17130311179606686,
Vanilla,6192331,12,0.9760541975093946,0.146970826815147,
Vanilla,6192331,13,0.9760541975093946,0.1698412864259492,
Vanilla,6192331,14,0.9760541975093946,0.17569630641156986,
Vanilla,6192331,15,0.9760541975093946,0.17481318037898722,
Vanilla,6192331,16,0.9760541975093946,0.16317215238221264,
Vanilla,6192331,17,0.9760541975093946,0.1582746033585571,
Vanilla,6192331,18,0.9760541975093946,0.16189307141898968,
Vanilla,6192331,19,0.9760541975093946,0.1431724954478956,
Vanilla,8026546,0,0.9308021497018609,0.0,
Vanilla,8026546,1,0.9712851476603088,0.0,
Vanilla,8026546,2,0.942407394727824,0.0,
Vanilla,8026546,3,0.942407394727824,4.62822578445527e-05,
Vanilla,8026546,4,0.989187934632731,0.0003314581841537477,
Vanilla,8026546,5,0.989187934632731,0.03823974263920857,
Vanilla,8026546,6,0.989187934632731,0.05014628082114853,
Vanilla,8026546,7,0.989187934632731,0.05039467798514405,
Vanilla,8026546,8,0.989187934632731,0.05466490395802866,
Vanilla,8026546,9,0.989187934632731,0.048995659310047956,
Vanilla,8026546,10,0.989187934632731,0.11119069786541458,
Vanilla,8026546,11,0.989187934632731,0.09829036043794395,
Vanilla,8026546,12,0.989187934632731,0.12723461276126874,
Vanilla,8026546,13,0.989187934632731,0.1262554098134887,
Vanilla,8026546,14,0.9911372959606519,0.0926968281202275,
Vanilla,8026546,15,0.9911372959606519,0.07494006410903636,
Vanilla,8026546,16,0.994787010233945,0.07381365247603429,
Vanilla,8026546,17,0.994787010233945,0.0709304450489913,
Vanilla,8026546,18,0.994787010233945,0.07089391778850211,
Vanilla,8026546,19,0.994787010233945,0.054524849487780455,
Vanilla,6735254,0,0.9071229148036009,0.0,
Vanilla,6735254,1,0.9071229148036009,0.0,
Vanilla,6735254,2,0.9766452064832019,0.0,
Vanilla,6735254,3,0.9766452064832019,0.08384227538343088,
Vanilla,6735254,4,0.9838096268443255,0.07789711470540271,
Vanilla,6735254,5,0.9838096268443255,0.03728153600296209,
Vanilla,6735254,6,0.912882493275358,0.029316383197402096,
Vanilla,6735254,7,0.912882493275358,0.030741024867786695,
Vanilla,6735254,8,0.912882493275358,0.033092402400061095,
Vanilla,6735254,9,0.912882493275358,0.03846994394085942,
Vanilla,6735254,10,0.912882493275358,0.05462032381351342,
Vanilla,6735254,11,0.912882493275358,0.05261023858029323,
Vanilla,6735254,12,0.912882493275358,0.05772221316564526,
Vanilla,6735254,13,0.912882493275358,0.057489838097423675,
Vanilla,6735254,14,0.912882493275358,0.08175992877804066,
Vanilla,6735254,15,0.912882493275358,0.09832348512517937,
Vanilla,6735254,16,0.9289289045594672,0.09733591257597206,
Vanilla,6735254,17,0.9289289045594672,0.07636768196014194,
Vanilla,6735254,18,0.9785649477299505,0.07697613893092792,
Vanilla,6735254,19,0.9805573596681978,0.09617179025996984,
Vanilla,1112898,0,0.9046772643844235,0.0,
Vanilla,1112898,1,0.9825632054201503,0.0,
Vanilla,1112898,2,0.9825632054201503,0.0,
Vanilla,1112898,3,0.9825632054201503,0.08284647316078315,
Vanilla,1112898,4,0.9799684199615383,0.029589918454369993,
Vanilla,1112898,5,0.9825632054201503,0.0716011678783953,
Vanilla,1112898,6,0.9825632054201503,0.0749333620882927,
Vanilla,1112898,7,0.9825632054201503,0.10871850634741365,
Vanilla,1112898,8,0.9825632054201503,0.21174979608809205,
Vanilla,1112898,9,0.9825632054201503,0.18420069546106663,
Vanilla,1112898,10,0.9897565561067302,0.2246917237637099,
Vanilla,1112898,11,0.9802232814140192,0.23435972625972815,
Vanilla,1112898,12,0.9802232814140192,0.22670177061745575,
Vanilla,1112898,13,0.9802232814140192,0.23347552999117985,
Vanilla,1112898,14,0.9802232814140192,0.2148548823548748,
Vanilla,1112898,15,0.9852327275528576,0.20260386999784727,
Vanilla,1112898,16,0.9852327275528576,0.20997554212094907,
Vanilla,1112898,17,0.9852327275528576,0.21627590034051214,
Vanilla,1112898,18,0.9852327275528576,0.22952757953684397,
Vanilla,1112898,19,0.9936273797861386,0.22842421635861015,
Vanilla,5609958,0,0.9731918032557613,0.0,
Vanilla,5609958,1,0.9731918032557613,0.0,
Vanilla,5609958,2,0.9731918032557613,0.0,
Vanilla,5609958,3,0.9862549389547469,0.07321430803046197,
Vanilla,5609958,4,0.9891221516447386,0.14199698490238116,
Vanilla,5609958,5,0.9684957755451341,0.13921797351290324,
Vanilla,5609958,6,0.9736261063000139,0.14732244373480244,
Vanilla,5609958,7,0.9736261063000139,0.1619013725891732,
Vanilla,5609958,8,0.972678289978913,0.1498637261406425,
Vanilla,5609958,9,0.9736261063000139,0.12816013272400556,
Vanilla,5609958,10,0.9459775506061123,0.1653790687743212,
Vanilla,5609958,11,0.9469925228575354,0.1717634887493694,
Vanilla,5609958,12,0.9469925228575354,0.15493280714862803,
Vanilla,5609958,13,0.9459775506061123,0.15679635810002682,
Vanilla,5609958,14,0.9459775506061123,0.15439952470355925,
Vanilla,5609958,15,0.9459775506061123,0.1427444496849134,
Vanilla,5609958,16,0.9459775506061123,0.1325320567842459,
Vanilla,5609958,17,0.9459775506061123,0.13037013116569965,
Vanilla,5609958,18,0.9459775506061123,0.12847100639497447,
Vanilla,5609958,19,0.944309228602367,0.13030195118267696,
Vanilla,4736968,0,0.9831624783243446,0.0,
Vanilla,4736968,1,0.9831624783243446,0.0,
Vanilla,4736968,2,0.9641276182872424,0.0,
Vanilla,4736968,3,0.9641276182872424,0.21346005072217455,
Vanilla,4736968,4,0.9423502238326273,0.2100756264882888,
Vanilla,4736968,5,0.9423502238326273,0.2130403632243143,
Vanilla,4736968,6,0.9641276182872424,0.18378424060243703,
Vanilla,4736968,7,0.9641276182872424,0.19709979541749614,
Vanilla,4736968,8,0.9641276182872424,0.18377630673646858,
Vanilla,4736968,9,0.9641276182872424,0.13450731304960417,
Vanilla,4736968,10,0.9641276182872424,0.1394078936611177,
Vanilla,4736968,11,0.9641276182872424,0.1326842870814196,
Vanilla,4736968,12,0.9590795983811289,0.11717410121714733,
Vanilla,4736968,13,0.9590795983811289,0.1610799837028834,
Vanilla,4736968,14,0.9590795983811289,0.17279963133656207,
Vanilla,4736968,15,0.9641276182872424,0.17626253298773414,
Vanilla,4736968,16,0.9641276182872424,0.17221899273020883,
Vanilla,4736968,17,0.9480302307711758,0.17181329665887357,
Vanilla,4736968,18,0.9592283819736035,0.1952296612732557,
Vanilla,4736968,19,0.9590795983811289,0.195893461632975,
Vanilla,617977,0,0.9702319432349177,0.0,
Vanilla,617977,1,0.9734253151265589,0.0,
Vanilla,617977,2,0.9734253151265589,0.0,
Vanilla,617977,3,0.9734253151265589,0.006845573565499215,
Vanilla,617977,4,0.9228266423098377,0.09002392653195536,
Vanilla,617977,5,0.9839091585941325,0.08968820496513238,
Vanilla,617977,6,0.9799288115606895,0.11476273576984487,
Vanilla,617977,7,0.950276476097432,0.09882623796088316,
Vanilla,617977,8,0.9863282961174104,0.09172643235419328,
Vanilla,617977,9,0.9863282961174104,0.10554789737948289,
Vanilla,617977,10,0.9863282961174104,0.2078858321412639,
Vanilla,617977,11,0.9852327275528576,0.19876981167723443,
Vanilla,617977,12,0.9475756094942628,0.19967188630498398,
Vanilla,617977,13,0.9475756094942628,0.21526134921827234,
Vanilla,617977,14,0.8827125125700589,0.22076120958119652,
Vanilla,617977,15,0.9550606808649618,0.2131605822467018,
Vanilla,617977,16,0.9550606808649618,0.20867905103548648,
Vanilla,617977,17,0.9415704779876386,0.2044586899258901,
Vanilla,617977,18,0.9415704779876386,0.22837796298042776,
Vanilla,617977,19,0.9415704779876386,0.22574417648621253,
Vanilla,8500888,0,0.8972156184316575,0.0,
Vanilla,8500888,1,0.9533520574201007,0.0,
Vanilla,8500888,2,0.9533520574201007,0.0,
Vanilla,8500888,3,0.9533520574201007,0.007798308865206936,
Vanilla,8500888,4,0.9337678627926368,0.0052314927459303105,
Vanilla,8500888,5,0.9337678627926368,0.020315717621133544,
Vanilla,8500888,6,0.9653172104095279,0.01758117872556738,
Vanilla,8500888,7,0.9653172104095279,0.032754273689379235,
Vanilla,8500888,8,0.9653172104095279,0.032566682562613865,
Vanilla,8500888,9,0.978799490949771,0.03229288029906256,
Vanilla,8500888,10,0.978799490949771,0.020338497960621482,
Vanilla,8500888,11,0.978799490949771,0.0177407696974416,
Vanilla,8500888,12,0.9801395910538211,0.04585552475907327,
Vanilla,8500888,13,0.968226790523232,0.07439466425196967,
Vanilla,8500888,14,0.9270477370799936,0.08667882837946299,
Vanilla,8500888,15,0.9790219798673182,0.09045098261190318,
Vanilla,8500888,16,0.9790219798673182,0.1213593789252143,
Vanilla,8500888,17,0.9790219798673182,0.12028214715974662,
Vanilla,8500888,18,0.9790219798673182,0.12492659155043145,
Vanilla,8500888,19,0.9790219798673182,0.1344367881377188,
Vanilla,4205117,0,0.9610596111392448,0.0,
Vanilla,4205117,1,0.9610596111392448,0.0,
Vanilla,4205117,2,0.9610596111392448,0.0,
Vanilla,4205117,3,0.9610596111392448,0.03066249858706427,
Vanilla,4205117,4,0.9395691090787375,0.01860751848101469,
Vanilla,4205117,5,0.9348861670194066,0.0003810616989758729,
Vanilla,4205117,6,0.8827125125700589,0.00045297487689669206,
Vanilla,4205117,7,0.9610596111392448,0.0009607654516442721,
Vanilla,4205117,8,0.8827125125700589,0.00035605692372770863,
Vanilla,4205117,9,0.8827125125700589,0.0006349503510334251,
Vanilla,4205117,10,0.8827125125700589,0.00053340035486938,
Vanilla,4205117,11,0.8827125125700589,0.021680378263254568,
Vanilla,4205117,12,0.950276476097432,0.026386641141361234,
Vanilla,4205117,13,0.950276476097432,0.017996662246269373,
Vanilla,4205117,14,0.950276476097432,0.08054108154156261,
Vanilla,4205117,15,0.950276476097432,0.03284306069226187,
Vanilla,4205117,16,0.8304537816799792,0.060547694419590445,
Vanilla,4205117,17,0.950276476097432,0.06549295532879933,
Vanilla,4205117,18,0.950276476097432,0.0943435612095935,
Vanilla,4205117,19,0.950276476097432,0.09658824694000491,
Vanilla,756214,0,0.9912481955415675,0.0,
Vanilla,756214,1,0.9912481955415675,0.0,
Vanilla,756214,2,0.98486076528712,0.0,
Vanilla,756214,3,0.9892640475337071,0.14361260498154255,
Vanilla,756214,4,0.9915257893717144,0.04323995261888413,
Vanilla,756214,5,0.9154910574255333,0.0367489789115994,
Vanilla,756214,6,0.9154910574255333,0.07601710778776961,
Vanilla,756214,7,0.9154910574255333,0.05860360182786706,
Vanilla,756214,8,0.9154910574255333,0.08231162913067484,
Vanilla,756214,9,0.9154910574255333,0.07057248644593915,
Vanilla,756214,10,0.9154910574255333,0.06390122176349103,
Vanilla,756214,11,0.9154910574255333,0.07247788131455132,
Vanilla,756214,12,0.9154910574255333,0.0681555192274495,
Vanilla,756214,13,0.9154910574255333,0.0674724328923136,
Vanilla,756214,14,0.989187934632731,0.06825817721101736,
Vanilla,756214,15,0.989187934632731,0.014816892787493286,
Vanilla,756214,16,0.0,0.04496555987534563,
Vanilla,756214,17,0.9869234370564112,0.04078970295698089,
Vanilla,756214,18,0.9935020150424948,0.035552001251043665,
Vanilla,756214,19,0.9935020150424948,0.035145574333768255,
Vanilla,4283694,0,0.9475422056103061,0.0,
Vanilla,4283694,1,0.9581913638156793,0.0,
Vanilla,4283694,2,0.9147801886156055,0.0,
Vanilla,4283694,3,0.9147801886156055,0.004919495729645984,
Vanilla,4283694,4,0.989187934632731,0.005947215217917375,
Vanilla,4283694,5,0.989187934632731,5.843040730446676e-06,
Vanilla,4283694,6,0.989187934632731,0.0019759844876004263,
Vanilla,4283694,7,0.989187934632731,0.00011698962325959151,
Vanilla,4283694,8,0.989187934632731,0.0014680238617207784,
Vanilla,4283694,9,0.989187934632731,0.07595854836216544,
Vanilla,4283694,10,0.989187934632731,0.04518057602137239,
Vanilla,4283694,11,0.989187934632731,0.023940305800889877,
Vanilla,4283694,12,0.989187934632731,0.024977129926136207,
Vanilla,4283694,13,0.989187934632731,0.024406012436848798,
Vanilla,4283694,14,0.989187934632731,0.02530464433973183,
Vanilla,4283694,15,0.989187934632731,0.02251389437843011,
Vanilla,4283694,16,0.989187934632731,0.04843337576873877,
Vanilla,4283694,17,0.989187934632731,0.08220152217427557,
Vanilla,4283694,18,0.989187934632731,0.07387076698231172,
Vanilla,4283694,19,0.989187934632731,0.05285494495438487,
Vanilla,7449696,0,0.956707305124615,0.0,
Vanilla,7449696,1,0.956707305124615,0.0,
Vanilla,7449696,2,0.956707305124615,0.0,
Vanilla,7449696,3,0.9661703134171801,0.07256547797752384,
Vanilla,7449696,4,0.9361687513504021,0.023396909753898694,
Vanilla,7449696,5,0.940204203296445,0.0329621924039913,
Vanilla,7449696,6,0.9587575744292237,0.017186091648336926,
Vanilla,7449696,7,0.9587575744292237,0.0037688771883748837,
Vanilla,7449696,8,0.9587575744292237,0.0028908998747819233,
Vanilla,7449696,9,0.9587575744292237,0.003652149337496036,
Vanilla,7449696,10,0.9587575744292237,0.035368921542143654,
Vanilla,7449696,11,0.9587575744292237,0.03345479009477102,
Vanilla,7449696,12,0.9587575744292237,0.032221901477202164,
Vanilla,7449696,13,0.9587575744292237,0.03443173654029391,
Vanilla,7449696,14,0.9587575744292237,0.03139050184708888,
Vanilla,7449696,15,0.9587575744292237,0.028492501448943445,
Vanilla,7449696,16,0.9587575744292237,0.035286659409851096,
Vanilla,7449696,17,0.9587575744292237,0.04828930157116032,
Vanilla,7449696,18,0.9459775506061123,0.04950729594135283,
Vanilla,7449696,19,0.9459775506061123,0.047715901436143675,
Vanilla,9848369,0,0.8639545467537347,0.0,
Vanilla,9848369,1,0.9147519546149673,0.0,
Vanilla,9848369,2,0.9147519546149673,0.0,
Vanilla,9848369,3,0.927298466567281,0.09409210822266066,
Vanilla,9848369,4,0.9257617105395205,0.010223015575233115,
Vanilla,9848369,5,0.9147519546149673,0.013593384445346121,
Vanilla,9848369,6,0.9305879247147008,0.014544080187594446,
Vanilla,9848369,7,0.927298466567281,0.01540873368862582,
Vanilla,9848369,8,0.927298466567281,0.011798375516928519,
Vanilla,9848369,9,0.927298466567281,0.03890410197714,
Vanilla,9848369,10,0.9340144603147308,0.001536988846499213,
Vanilla,9848369,11,0.9587575744292237,0.00013979240169801114,
Vanilla,9848369,12,0.9154910574255333,0.02959074538730696,
Vanilla,9848369,13,0.9247536161379504,0.035476764749885585,
Vanilla,9848369,14,0.9154910574255333,0.04071279344516091,
Vanilla,9848369,15,0.9154910574255333,0.0367735464310554,
Vanilla,9848369,16,0.8814571308906789,0.040101798270856484,
Vanilla,9848369,17,0.9154910574255333,0.04184841408049213,
Vanilla,9848369,18,0.9154910574255333,0.05279014017605134,
Vanilla,9848369,19,0.9154910574255333,0.05829146519024064,
Deep GP,9049607,0,0.9604324458277192,6.600117169097149e-05,
Deep GP,9049607,1,0.8834974151601619,0.0019125551412497676,
Deep GP,9049607,2,0.9408165618519355,0.009250942035030258,
Deep GP,9049607,3,0.9256769822611975,0.005595161993032882,
Deep GP,9049607,4,0.9534471188959583,3.8206449907622835e-05,
Deep GP,9049607,5,0.9832275715566211,0.01130963575110597,
Deep GP,9049607,6,0.9569549339957318,0.021133943920417213,
Deep GP,9049607,7,0.9723738318059065,0.03211226315645761,
Deep GP,9049607,8,0.9844147528184519,0.05114961873524582,
Deep GP,9049607,9,0.9580556658745009,0.06889760757224643,
Deep GP,9049607,10,0.9912481955415675,0.10987082525109756,
Deep GP,9049607,11,0.9863282961174104,0.06826613875008752,
Deep GP,9049607,12,0.9780944817788776,0.05978129272019003,
Deep GP,9049607,13,0.9530069627817735,0.05380370095202742,
Deep GP,9049607,14,0.9642054555775083,0.044580188501404154,
Deep GP,9049607,15,0.9553193326893292,0.05110669909774911,
Deep GP,9049607,16,0.9511771065584621,0.032518452709367804,
Deep GP,9049607,17,0.9610596111392448,0.03373994823281433,
Deep GP,9049607,18,0.9447593697516775,0.027585523231735853,
Deep GP,9049607,19,0.9317809656155659,0.025544708955694714,
Deep GP,2402697,0,0.9343943449175485,0.0009118785252414856,
Deep GP,2402697,1,0.9209337686904995,0.001700602455170866,
Deep GP,2402697,2,0.9689366148459329,0.007827352492358499,
Deep GP,2402697,3,0.9846520517765851,0.022872516380817783,
Deep GP,2402697,4,0.8828692119305115,0.002048936900998649,
Deep GP,2402697,5,0.8946452864554503,3.229621912692951e-05,
Deep GP,2402697,6,0.9396755351011528,0.001891334277378627,
Deep GP,2402697,7,0.9449890912505887,0.0014839172851589689,
Deep GP,2402697,8,0.9587575744292237,2.154981629696349e-05,
Deep GP,2402697,9,0.9582537045941941,2.5251002396014278e-05,
Deep GP,2402697,10,0.9587575744292237,0.00014049101029443427,
Deep GP,2402697,11,0.9587575744292237,0.0004969685270718388,
Deep GP,2402697,12,0.9807877709228249,0.00016161188839358773,
Deep GP,2402697,13,0.9459775506061123,0.00043702144733903,
Deep GP,2402697,14,0.9417926187427768,0.00012534416184765678,
Deep GP,2402697,15,0.8780333543135125,0.0009487375355447251,
Deep GP,2402697,16,0.9449890912505887,0.0014549691836698159,
Deep GP,2402697,17,0.9417926187427768,0.0002725934738565802,
Deep GP,2402697,18,0.9265727910013182,5.147557264638962e-05,
Deep GP,2402697,19,0.9229358207860144,1.369142533433215e-05,
Deep GP,6510749,0,0.8963077553892634,0.000644175062483997,
Deep GP,6510749,1,0.9396782875549143,0.001648283589020386,
Deep GP,6510749,2,0.9949939993551901,2.6862419928121364e-05,
Deep GP,6510749,3,0.8993537166307598,0.00241013922054709,
Deep GP,6510749,4,0.9500749951682612,0.0014966704087177724,
Deep GP,6510749,5,0.9621586284823771,0.007824783509262082,
Deep GP,6510749,6,0.9621586284823771,0.0033450348018155495,
Deep GP,6510749,7,0.9375615455065972,0.0013993852693897193,
Deep GP,6510749,8,0.9404600960979488,0.004725349478423384,
Deep GP,6510749,9,0.9634532671156459,0.003024619010285317,
Deep GP,6510749,10,0.9621586284823771,9.164121758739511e-05,
Deep GP,6510749,11,0.9621586284823771,0.0013895038990865594,
Deep GP,6510749,12,0.9633644068721294,0.00010495059759546429,
Deep GP,6510749,13,0.9621586284823771,0.0002068831591246377,
Deep GP,6510749,14,0.9500749951682612,0.0006460147303612219,
Deep GP,6510749,15,0.970044237712759,0.00011614278784654354,
Deep GP,6510749,16,0.9633644068721294,5.5127261910171024e-05,
Deep GP,6510749,17,0.970044237712759,0.00023325309204050762,
Deep GP,6510749,18,0.9247305454515284,0.00019930886575758073,
Deep GP,6510749,19,0.970044237712759,0.0004466810092025575,
Deep GP,758529,0,0.9168239150945662,0.003163530156410113,
Deep GP,758529,1,0.9674280993879127,0.026129880218741047,
Deep GP,758529,2,0.8941758584225022,0.020687697152094467,
Deep GP,758529,3,0.8955283577066836,0.040042665323140415,
Deep GP,758529,4,0.9242655909770808,0.05023503566336051,
Deep GP,758529,5,0.8990571742257313,0.041741401582048324,
Deep GP,758529,6,0.9550148745163227,0.03520151603561561,
Deep GP,758529,7,0.9571250737389917,0.009689422932007679,
Deep GP,758529,8,0.9168239150945662,0.005375186656017467,
Deep GP,758529,9,0.9549800845518323,0.001873007145170008,
Deep GP,758529,10,0.964947317410938,0.005722472896557119,
Deep GP,758529,11,0.967610983189162,0.02529493489124719,
Deep GP,758529,12,0.986623455726456,0.011234592493974455,
Deep GP,758529,13,0.9572177177852926,0.009655626280121229,
Deep GP,758529,14,0.9583067435241973,0.011067781897008007,
Deep GP,758529,15,0.9764175476823364,0.021186649944387983,
Deep GP,758529,16,0.9648047284817024,0.03590975467318168,
Deep GP,758529,17,0.9859966287236864,0.037411792950757486,
Deep GP,758529,18,0.9454957201084819,0.0340124583173445,
Deep GP,758529,19,0.9689366148459329,0.0854198318337459,
Deep GP,3523986,0,0.8865526782501701,2.8098194117534934e-06,
Deep GP,3523986,1,0.970891487650479,0.0001864157779809632,
Deep GP,3523986,2,0.899645437314879,3.186053618104212e-05,
Deep GP,3523986,3,0.9911548617395507,2.1896258630163379e-07,
Deep GP,3523986,4,0.9070871000591896,0.00042251469869543937,
Deep GP,3523986,5,0.9666910658444945,0.000313239666665026,
Deep GP,3523986,6,0.9205359701463741,0.0002104372627973408,
Deep GP,3523986,7,0.9761991972990848,0.0036283078358322943,
Deep GP,3523986,8,0.943508474769002,0.04593256738720242,
Deep GP,3523986,9,0.9674284475503218,0.005206294123793866,
Deep GP,3523986,10,0.8855666297551011,0.013017553453398004,
Deep GP,3523986,11,0.9291097190935688,0.042540534667439574,
Deep GP,3523986,12,0.9125790664513744,0.0012018820541279812,
Deep GP,3523986,13,0.9203957986466953,0.0070921848120877274,
Deep GP,3523986,14,0.9204116433208553,0.00841129112112872,
Deep GP,3523986,15,0.9375494912043238,0.00863911804195247,
Deep GP,3523986,16,0.9264384725715716,0.003931721083840647,
Deep GP,3523986,17,0.9291097190935688,0.0038296923119512903,
Deep GP,3523986,18,0.9351689274483209,0.00634952264673782,
Deep GP,3523986,19,0.9918271502131013,0.01835592530637463,
Deep GP,3224638,0,0.9201013320779167,1.4373618232521803e-05,
Deep GP,3224638,1,0.9377912670055084,2.593366425966562e-05,
Deep GP,3224638,2,0.9918305924225789,0.00046285217107868305,
Deep GP,3224638,3,0.9351689274483209,0.0002645431251983871,
Deep GP,3224638,4,0.9354434239468483,5.946756341458669e-05,
Deep GP,3224638,5,0.9535835000237506,0.004920006973391878,
Deep GP,3224638,6,0.9415990601506858,0.05173733702833941,
Deep GP,3224638,7,0.9407111737476452,0.03019423856954846,
Deep GP,3224638,8,0.0,0.025129172889636214,
Deep GP,3224638,9,0.9847030247239914,0.00846909863748683,
Deep GP,3224638,10,0.9607117574780539,0.0019453405638580632,
Deep GP,3224638,11,0.9231834562262333,2.310953015961442e-05,
Deep GP,3224638,12,0.9550606808649618,0.004358092588273706,
Deep GP,3224638,13,0.975165962943945,0.009204457204432836,
Deep GP,3224638,14,0.9534471188959583,0.005514623261213622,
Deep GP,3224638,15,0.9363822800127444,0.01095652759687285,
Deep GP,3224638,16,0.9363822800127444,0.012286387166662222,
Deep GP,3224638,17,0.950276476097432,0.0061034613353339855,
Deep GP,3224638,18,0.950276476097432,0.0007986470984379889,
Deep GP,3224638,19,0.830408665087056,0.0011681487173558856,
Deep GP,9729091,0,0.8506930405954019,3.813166513749856e-05,
Deep GP,9729091,1,0.9404611340160737,0.00014964044708645083,
Deep GP,9729091,2,0.8766484824943973,0.0013697951676888372,
Deep GP,9729091,3,0.9317809656155659,0.026242673825585622,
Deep GP,9729091,4,0.8780333543135125,0.040037376153874586,
Deep GP,9729091,5,0.9407111737476452,0.036365896771988586,
Deep GP,9729091,6,0.9131841989946029,0.014233823655559608,
Deep GP,9729091,7,0.9550148745163227,0.009344794530186095,
Deep GP,9729091,8,0.9259480365502474,0.007266127897850118,
Deep GP,9729091,9,0.9409422747579882,0.003620747960771571,
Deep GP,9729091,10,0.9749283191079537,0.0003678927654253925,
Deep GP,9729091,11,0.9733027028366769,0.0008895571370569407,
Deep GP,9729091,12,0.9777893338501552,0.007362764842923862,
Deep GP,9729091,13,0.9194806964538351,0.013342705275086854,
Deep GP,9729091,14,0.9403529868889197,0.019312328291915207,
Deep GP,9729091,15,0.9194806964538351,0.01529383074044353,
Deep GP,9729091,16,0.9054769868687657,0.015976411079508503,
Deep GP,9729091,17,0.9403529868889197,0.020720590376157033,
Deep GP,9729091,18,0.9194806964538351,0.007346562211795988,
Deep GP,9729091,19,0.9510283229659874,0.010890776775094393,
Deep GP,5830471,0,0.9210935686671227,0.00023557229693351063,
Deep GP,5830471,1,0.9911372959606519,0.004100021775722006,
Deep GP,5830471,2,0.994787010233945,0.0048498646018887235,
Deep GP,5830471,3,0.9154910574255333,0.02924625357719541,
Deep GP,5830471,4,0.9153319406355239,0.011086212711370964,
Deep GP,5830471,5,0.9634560195694076,0.005818892178728725,
Deep GP,5830471,6,0.9918726116838824,0.002505226632897156,
Deep GP,5830471,7,0.9154910574255333,0.004802334713216673,
Deep GP,5830471,8,0.8988770494473457,0.0002023018619377852,
Deep GP,5830471,9,0.9247536161379504,0.0010607283628209672,
Deep GP,5830471,10,0.9154910574255333,0.0020132162368422628,
Deep GP,5830471,11,0.9154910574255333,0.001619245511253452,
Deep GP,5830471,12,0.9247536161379504,0.007121070633760741,
Deep GP,5830471,13,0.9311014445606511,0.004096049064335776,
Deep GP,5830471,14,0.9342266226038453,0.0007844839604024191,
Deep GP,5830471,15,0.9509260354778677,0.002728066076341382,
Deep GP,5830471,16,0.9344229336496978,0.007745136022748399,
Deep GP,5830471,17,0.9392298675103425,0.009517689869349496,
Deep GP,5830471,18,0.9462634116511972,0.012793276641536637,
Deep GP,5830471,19,0.9582771234430251,0.015127513228549534,
Deep GP,5343420,0,0.9678128057116397,0.0010069884578587428,
Deep GP,5343420,1,0.9825704380015144,0.00012754732312522768,
Deep GP,5343420,2,0.9580556658745009,0.002877912823223304,
Deep GP,5343420,3,0.9821853867999294,0.02478059289832921,
Deep GP,5343420,4,0.9382090356198851,0.01719992246585173,
Deep GP,5343420,5,0.9343244299643626,5.844499079043415e-06,
Deep GP,5343420,6,0.9855485535569727,0.00015712216030870762,
Deep GP,5343420,7,0.9843627485220227,0.08855864607372028,
Deep GP,5343420,8,0.9902314956163035,0.06149603765756267,
Deep GP,5343420,9,0.9825704380015144,0.05257939238819087,
Deep GP,5343420,10,0.9856215658417782,0.04543211843281869,
Deep GP,5343420,11,0.9906606320617888,0.0421816678890248,
Deep GP,5343420,12,0.9843090198363036,0.022907314268588053,
Deep GP,5343420,13,0.9840121391225192,0.02709378022979635,
Deep GP,5343420,14,0.9859167254508239,0.026340281892386935,
Deep GP,5343420,15,0.967610983189162,0.02444612897938072,
Deep GP,5343420,16,0.982565961158463,0.01818416667812507,
Deep GP,5343420,17,0.9806358867141797,0.01622673652700175,
Deep GP,5343420,18,0.9893849354342995,0.012671357987394011,
Deep GP,5343420,19,0.9889778448953154,0.009437970374101528,
Deep GP,2417321,0,0.8923484130596455,0.00020565016054270563,
Deep GP,2417321,1,0.9502775074464549,0.014193420677644213,
Deep GP,2417321,2,0.9234183410393608,0.03755435730260867,
Deep GP,2417321,3,0.8278734515304421,0.0340026680066422,
Deep GP,2417321,4,0.8507326522808017,0.03029128502144704,
Deep GP,2417321,5,0.8951501876395027,0.05089309207184245,
Deep GP,2417321,6,0.7352977238908789,0.06476568654109004,
Deep GP,2417321,7,0.8278734515304421,0.05452320906105308,
Deep GP,2417321,8,0.816493112851583,0.02947237002436972,
Deep GP,2417321,9,0.8068923439197938,0.021931341804818927,
Deep GP,2417321,10,0.7510545034653229,0.016293276119599527,
Deep GP,2417321,11,0.856252169487011,0.025039653976909382,
Deep GP,2417321,12,0.7769007668881416,0.02397854737576992,
Deep GP,2417321,13,0.8278734515304421,0.009652858299987853,
Deep GP,2417321,14,0.8278734515304421,0.005602048647114141,
Deep GP,2417321,15,0.8278734515304421,0.006647506023043629,
Deep GP,2417321,16,0.8278734515304421,0.009503418834045027,
Deep GP,2417321,17,0.825163985972681,0.010810451484819792,
Deep GP,2417321,18,0.9307336142601069,0.007692418195861335,
Deep GP,2417321,19,0.9433906842000293,0.008152786700949924,
Deep GP,9891788,0,0.9701541059446518,0.00015919809121550131,
Deep GP,9891788,1,0.8924321034198437,0.008335664143750863,
Deep GP,9891788,2,0.8852876662671755,0.011490855137591452,
Deep GP,9891788,3,0.9377526932382334,0.020918881637584513,
Deep GP,9891788,4,0.6751795616421118,0.06840317012379186,
Deep GP,9891788,5,0.9382090356198851,0.0011402255174341176,
Deep GP,9891788,6,0.9782821873010362,0.0005907207043375912,
Deep GP,9891788,7,0.9361687513504021,0.014389551675346062,
Deep GP,9891788,8,0.9312550498740352,0.0001408233031619495,
Deep GP,9891788,9,0.9890711786973322,0.004712469329401322,
Deep GP,9891788,10,0.9361687513504021,0.06472379527178077,
Deep GP,9891788,11,0.9361687513504021,0.0017464434945523779,
Deep GP,9891788,12,0.9782821873010362,0.00766619333748097,
Deep GP,9891788,13,0.9782821873010362,0.01176936705186658,
Deep GP,9891788,14,0.9822353251137619,0.013960999753782314,
Deep GP,9891788,15,0.9361687513504021,0.008878316740291112,
Deep GP,9891788,16,0.9822353251137619,0.007091356723505933,
Deep GP,9891788,17,0.9890711786973322,0.01574970125453388,
Deep GP,9891788,18,0.9906830195615969,0.016158938141290862,
Deep GP,9891788,19,0.9782821873010362,0.01790099086383107,
Deep GP,9314146,0,0.9517681155322694,2.5108109741257237e-05,
Deep GP,9314146,1,0.9093209494898655,0.002901500264189277,
Deep GP,9314146,2,0.985145246820773,0.00026319977733954265,
Deep GP,9314146,3,0.9377526932382334,0.0010349803237297887,
Deep GP,9314146,4,0.8126288254287208,0.001138302156713524,
Deep GP,9314146,5,0.8118077665008996,0.00025629324667734857,
Deep GP,9314146,6,0.9432567073635896,0.003955577883903994,
Deep GP,9314146,7,0.9351689274483209,0.008541604406866245,
Deep GP,9314146,8,0.9830043928833581,4.5611763910082754e-05,
Deep GP,9314146,9,0.9432567073635896,0.0005422963635893755,
Deep GP,9314146,10,0.9351689274483209,0.00014201018438108804,
Deep GP,9314146,11,0.9624451727140758,0.00011196299941464068,
Deep GP,9314146,12,0.9816915020000255,1.0671168249706624e-05,
Deep GP,9314146,13,0.9677101766302132,0.0006922786652786456,
Deep GP,9314146,14,0.9241102579898559,0.0007353277102170946,
Deep GP,9314146,15,0.9760159653354266,0.0002685605188991467,
Deep GP,9314146,16,0.9094177255013599,0.0005229799351382104,
Deep GP,9314146,17,0.9813226403504585,0.0019179313520485482,
Deep GP,9314146,18,0.9813226403504585,0.0020415502998561083,
Deep GP,9314146,19,0.9813226403504585,0.0007428172668652911,
Deep GP,9488226,0,0.957330686633356,0.00010397985930427489,
Deep GP,9488226,1,0.9755300028726026,0.0016523095513817658,
Deep GP,9488226,2,0.9895488772297693,0.0005457817548765862,
Deep GP,9488226,3,0.9759942675913343,0.00023859203578497905,
Deep GP,9488226,4,0.9875767835241823,0.00020206714979103892,
Deep GP,9488226,5,0.950276476097432,0.0051787590695431245,
Deep GP,9488226,6,0.9782821873010362,0.01463571321746795,
Deep GP,9488226,7,0.9882370176954596,0.03858599901910315,
Deep GP,9488226,8,0.9911372959606519,0.037606331152305175,
Deep GP,9488226,9,0.9379514151445406,0.039804214626941184,
Deep GP,9488226,10,0.9361687513504021,0.05033705457163521,
Deep GP,9488226,11,0.9361687513504021,0.047323147508284265,
Deep GP,9488226,12,0.9782821873010362,0.04445103070302212,
Deep GP,9488226,13,0.9359841464444141,0.04936183728147907,
Deep GP,9488226,14,0.9341629023138985,0.050467210372372284,
Deep GP,9488226,15,0.9924784274137247,0.05504050966640753,
Deep GP,9488226,16,0.982565961158463,0.0544517465119736,
Deep GP,9488226,17,0.9899483903095313,0.048141706275980106,
Deep GP,9488226,18,0.9393173482424272,0.0630007265607382,
Deep GP,9488226,19,0.990705062183547,0.05046119906781572,
Deep GP,2697408,0,0.9049655297208611,0.0001662304812692835,
Deep GP,2697408,1,0.9643697422508359,0.000529439796591516,
Deep GP,2697408,2,0.9609621453720344,2.6368286642288216e-05,
Deep GP,2697408,3,0.9363822800127444,0.0015337084600756255,
Deep GP,2697408,4,0.9674284475503218,0.004647515318409122,
Deep GP,2697408,5,0.9019667609085376,0.020518413410397836,
Deep GP,2697408,6,0.8852876662671755,0.004129783103360887,
Deep GP,2697408,7,0.9095076170938993,0.006519857763777127,
Deep GP,2697408,8,0.8978365956490459,0.007575267559482861,
Deep GP,2697408,9,0.9185872985741692,0.0011807480706816423,
Deep GP,2697408,10,0.9414499349649043,0.006509870383933235,
Deep GP,2697408,11,0.8338613719896786,0.014622034553369015,
Deep GP,2697408,12,0.9453031928654139,0.0013966205038975442,
Deep GP,2697408,13,0.9079043883224305,0.0005310510000195155,
Deep GP,2697408,14,0.9753161260478515,0.0013267745285852736,
Deep GP,2697408,15,0.9318129965571927,0.001975535945042652,
Deep GP,2697408,16,0.9503064377719111,2.5918380485820752e-05,
Deep GP,2697408,17,0.9702147256184279,0.00010166279486097109,
Deep GP,2697408,18,0.9636172056265646,5.477751467144889e-05,
Deep GP,2697408,19,0.9525089460166761,0.00043323308837016735,
Deep GP,5135059,0,0.9688925361711346,0.00044461954817130684,
Deep GP,5135059,1,0.9693140885882958,0.010731630488643954,
Deep GP,5135059,2,0.9301453577400612,0.007608926780424451,
Deep GP,5135059,3,0.9393173482424272,0.001465261120909242,
Deep GP,5135059,4,0.9475756094942628,0.00034145164373202737,
Deep GP,5135059,5,0.9362276433503375,0.0018207897533151199,
Deep GP,5135059,6,0.8932497332763915,0.003740288928231248,
Deep GP,5135059,7,0.8941758584225022,0.002238852474036797,
Deep GP,5135059,8,0.8232483701220238,0.003490166057771781,
Deep GP,5135059,9,0.942407394727824,0.0031815660255900065,
Deep GP,5135059,10,0.942407394727824,0.0026296596598382052,
Deep GP,5135059,11,0.9312388636065683,0.0035310438649776912,
Deep GP,5135059,12,0.9360010224675969,0.005263442726724279,
Deep GP,5135059,13,0.9348861670194066,0.00474411365674109,
Deep GP,5135059,14,0.9245886462780089,0.0038117406028700344,
Deep GP,5135059,15,0.8916713094342875,0.0051910726279945085,
Deep GP,5135059,16,0.8361179505134696,0.004389826626888397,
Deep GP,5135059,17,0.9413800200117184,0.004170390822085525,
Deep GP,5135059,18,0.9622605743771898,0.0036000253888693423,
Deep GP,5135059,19,0.9039526267365856,0.006942550829150305,
Deep GP,6813578,0,0.9666910658444945,6.681856743087477e-05,
Deep GP,6813578,1,0.9693468092856385,2.4657375772150478e-05,
Deep GP,6813578,2,0.8622242321338834,0.00041887538681384634,
Deep GP,6813578,3,0.9830043928833581,0.007319715453365486,
Deep GP,6813578,4,0.9770275019464743,0.01908457988329783,
Deep GP,6813578,5,0.9770275019464743,0.019780339089990488,
Deep GP,6813578,6,0.9770275019464743,0.011821724356552932,
Deep GP,6813578,7,0.9770275019464743,0.010479225417080873,
Deep GP,6813578,8,0.9770275019464743,0.009405700164081451,
Deep GP,6813578,9,0.9666910658444945,0.00013108271677632978,
Deep GP,6813578,10,0.9666910658444945,0.00687735736147351,
Deep GP,6813578,11,0.9666910658444945,0.00932550952876851,
Deep GP,6813578,12,0.899645437314879,0.010385110099996236,
Deep GP,6813578,13,0.953650320929868,0.005567662241469203,
Deep GP,6813578,14,0.8692030228090982,0.0039422727917282265,
Deep GP,6813578,15,0.8692030228090982,0.0024855744541145927,
Deep GP,6813578,16,0.8903394634069713,0.0022308460361147027,
Deep GP,6813578,17,0.9544465946356305,0.002182616678739291,
Deep GP,6813578,18,0.8926976396631662,0.0021553116086833776,
Deep GP,6813578,19,0.9439014450231159,0.0014842818264237778,
Deep GP,430826,0,0.9657590876284515,0.0002510526081677417,
Deep GP,430826,1,0.9270618540803127,0.008552656268322951,
Deep GP,430826,2,0.8946452864554503,0.028431776060948474,
Deep GP,430826,3,0.7510545034653229,0.03890404009829392,
Deep GP,430826,4,0.7510545034653229,0.04343021969099343,
Deep GP,430826,5,0.7212099954905085,0.03867232141497942,
Deep GP,430826,6,0.9460960243616989,0.01879789747747493,
Deep GP,430826,7,0.8696841569819107,0.005922258881006772,
Deep GP,430826,8,0.8876916423029072,0.00019914247851490616,
Deep GP,430826,9,0.9571109501695705,0.0015998333423035036,
Deep GP,430826,10,0.9745663484464439,0.020261120985431803,
Deep GP,430826,11,0.9743287046104526,0.017412048186261585,
Deep GP,430826,12,0.9775441158394931,0.015721032958389256,
Deep GP,430826,13,0.9712362472646012,0.02000254244049159,
Deep GP,430826,14,0.9850877310477185,0.02174179052091271,
Deep GP,430826,15,0.9743287046104526,0.014821182158099,
Deep GP,430826,16,0.9444122058462026,0.01695576702880101,
Deep GP,430826,17,0.9396782875549143,0.03190989825267423,
Deep GP,430826,18,0.9622605743771898,0.024199592671460057,
Deep GP,430826,19,0.9238953498160819,0.01742024330944847,
Deep GP,6192331,0,0.8386700335241642,0.000528009796490057,
Deep GP,6192331,1,0.8941758584225022,0.00503743414791268,
Deep GP,6192331,2,0.9423581461697074,0.004460770042294574,
Deep GP,6192331,3,0.8290592664190453,0.00595940151758401,
Deep GP,6192331,4,0.9154910574255333,0.02389404025984401,
Deep GP,6192331,5,0.9326774641114025,8.010951222348169e-05,
Deep GP,6192331,6,0.9583170767217319,0.0010421264545552899,
Deep GP,6192331,7,0.9133801684471484,0.023572504520488563,
Deep GP,6192331,8,0.9671108971569169,0.04879812633419248,
Deep GP,6192331,9,0.8972156184316575,0.020338789703983624,
Deep GP,6192331,10,0.9141006675606907,0.020863494316798594,
Deep GP,6192331,11,0.9841082286628487,0.012128352440128927,
Deep GP,6192331,12,0.8849312005131887,0.014269685978126882,
Deep GP,6192331,13,0.9900930452213635,0.014505624042441972,
Deep GP,6192331,14,0.9571013067277517,0.018516941450817493,
Deep GP,6192331,15,0.9581913638156793,0.025715439500111018,
Deep GP,6192331,16,0.9783834434401331,0.026534395674857957,
Deep GP,6192331,17,0.9762122829503811,0.03884791818088816,
Deep GP,6192331,18,0.9676616112587104,0.04736775034081704,
Deep GP,6192331,19,0.9656891726752656,0.05165152490799121,
Deep GP,8026546,0,0.8982936212173115,0.002254734281677548,
Deep GP,8026546,1,0.936454264233078,0.0004884025857268432,
Deep GP,8026546,2,0.9803903205411085,0.000603979896147204,
Deep GP,8026546,3,0.8443844822647941,0.0021262920682927166,
Deep GP,8026546,4,0.8443844822647941,0.0029636012930053654,
Deep GP,8026546,5,0.8917319159698596,0.002564841865790078,
Deep GP,8026546,6,0.8806904772660884,0.002790866399776185,
Deep GP,8026546,7,0.8842251534241704,3.985952249995638e-05,
Deep GP,8026546,8,0.8924321034198437,0.0009681493057977897,
Deep GP,8026546,9,0.8824293974096336,4.7930024720812884e-05,
Deep GP,8026546,10,0.9535835000237506,0.0008368797617762798,
Deep GP,8026546,11,0.9576086253413609,4.449604369476875e-06,
Deep GP,8026546,12,0.9119729091282252,5.24844945244638e-05,
Deep GP,8026546,13,0.8875001529779641,0.0005850846652756159,
Deep GP,8026546,14,0.9181660877503149,0.0001096738489560382,
Deep GP,8026546,15,0.9655279931872105,3.0112988573493514e-06,
Deep GP,8026546,16,0.919921548892838,0.0006723931185633148,
Deep GP,8026546,17,0.9400698848666985,0.0002562312293717268,
Deep GP,8026546,18,0.8827125125700589,0.00519831399743463,
Deep GP,8026546,19,0.9246358321380798,0.010883342992915476,
Deep GP,6735254,0,0.9785787231369627,0.0008097754961691591,
Deep GP,6735254,1,0.9735617028234532,1.5212494714000813e-06,
Deep GP,6735254,2,0.9448640681002519,0.0003375702049694855,
Deep GP,6735254,3,0.8965791512716201,0.00019742067418618896,
Deep GP,6735254,4,0.8965791512716201,0.005613952541106501,
Deep GP,6735254,5,0.9959004861707034,4.573311603210821e-05,
Deep GP,6735254,6,0.9154910574255333,0.0018416455885541271,
Deep GP,6735254,7,0.989187934632731,0.0011112945165781128,
Deep GP,6735254,8,0.912882493275358,0.010177213229147747,
Deep GP,6735254,9,0.8827125125700589,0.0019785039591125562,
Deep GP,6735254,10,0.9587575744292237,0.02779430309266755,
Deep GP,6735254,11,0.9116074831190336,0.018923058605563543,
Deep GP,6735254,12,0.8974177891165442,0.056685718538963904,
Deep GP,6735254,13,0.8994398244205147,0.03158778534002466,
Deep GP,6735254,14,0.9229358207860144,0.012700209836835494,
Deep GP,6735254,15,0.9469925228575354,0.0005211538454534255,
Deep GP,6735254,16,0.8994398244205147,0.03663998874686475,
Deep GP,6735254,17,0.9435108856294566,0.000551135023513092,
Deep GP,6735254,18,0.9187298875034047,0.02057063872985643,
Deep GP,6735254,19,0.9154910574255333,0.03564116400724992,
Deep GP,1112898,0,0.9614908135673268,6.151805049202277e-05,
Deep GP,1112898,1,0.9194579673607202,2.9429342826972804e-06,
Deep GP,1112898,2,0.9565202893581722,0.0033444246947741886,
Deep GP,1112898,3,0.9142298292453231,0.004027771874621734,
Deep GP,1112898,4,0.9400698848666985,0.0009803551783740755,
Deep GP,1112898,5,0.9251558882405762,0.0035939170602536817,
Deep GP,1112898,6,0.9486560297094735,0.003917460161287314,
Deep GP,1112898,7,0.950276476097432,0.0005819231807851458,
Deep GP,1112898,8,0.9619833188557988,0.0015540407939845888,
Deep GP,1112898,9,0.989187934632731,0.0006876047825955535,
Deep GP,1112898,10,0.9314754695244345,0.0024226840835879252,
Deep GP,1112898,11,0.9673282227602478,0.00561707388222302,
Deep GP,1112898,12,0.9673282227602478,0.006821517699809507,
Deep GP,1112898,13,0.9717828228320993,0.008885779025501347,
Deep GP,1112898,14,0.9578593548286484,0.01943495865598041,
Deep GP,1112898,15,0.9673282227602478,0.017327487746276148,
Deep GP,1112898,16,0.9630930109897727,0.0274507038504938,
Deep GP,1112898,17,0.9393524732311226,0.0031605079680492847,
Deep GP,1112898,18,0.9487565960928545,0.004643851285876954,
Deep GP,1112898,19,0.9652407526306939,0.008467324351225177,
Deep GP,5609958,0,0.9833970215441651,3.259031765343996e-05,
Deep GP,5609958,1,0.9769465640400377,0.004417076009472545,
Deep GP,5609958,2,0.9038889064466389,0.00029763146289497086,
Deep GP,5609958,3,0.8849312005131887,0.0007231622252709267,
Deep GP,5609958,4,0.8924321034198437,0.004702672079243073,
Deep GP,5609958,5,0.9308135142484185,0.02617423375691282,
Deep GP,5609958,6,0.9949939993551901,0.001358785595800037,
Deep GP,5609958,7,0.9959004861707034,0.005280237855935023,
Deep GP,5609958,8,0.9943444432593055,0.02587644284545482,
Deep GP,5609958,9,0.9875103107804739,0.06129016502184548,
Deep GP,5609958,10,0.9933825066533344,0.050126392333594574,
Deep GP,5609958,11,0.9949137512044695,0.05167674825616441,
Deep GP,5609958,12,0.9874138763622864,0.04060168494014401,
Deep GP,5609958,13,0.9826472406582064,0.030369328807046483,
Deep GP,5609958,14,0.813705803434454,0.010652839496720783,
Deep GP,5609958,15,0.8803984149886623,0.01707577356818105,
Deep GP,5609958,16,0.9910129625660311,0.03356732731312634,
Deep GP,5609958,17,0.9768339433543833,0.0353706750903812,
Deep GP,5609958,18,0.9850877310477185,0.03552772716601286,
Deep GP,5609958,19,0.813705803434454,0.023501037635777763,
Deep GP,4736968,0,0.936600985127507,0.0004643563284271317,
Deep GP,4736968,1,0.9038889064466389,0.003543768582666185,
Deep GP,4736968,2,0.9458387520487633,0.0013852930612523544,
Deep GP,4736968,3,0.9751459863045915,0.04768698458823348,
Deep GP,4736968,4,0.910972737063735,0.022263918745405148,
Deep GP,4736968,5,0.9312550498740352,0.003049743690390772,
Deep GP,4736968,6,0.8035870345291121,0.0035304908001177896,
Deep GP,4736968,7,0.8811933157520951,0.0018429811653825458,
Deep GP,4736968,8,0.8995114539093373,0.00035402502179909936,
Deep GP,4736968,9,0.9675441688521467,0.00038886117529453985,
Deep GP,4736968,10,0.9460495282573439,0.0011865752371827776,
Deep GP,4736968,11,0.9233983644000074,0.008491550253527496,
Deep GP,4736968,12,0.9642054555775083,0.015257462424572456,
Deep GP,4736968,13,0.951986820647032,0.01148165956605229,
Deep GP,4736968,14,0.9755065840237717,0.016375975001511844,
Deep GP,4736968,15,0.9813966872688378,0.009317004622827193,
Deep GP,4736968,16,0.9636172056265646,0.005570364218245733,
Deep GP,4736968,17,0.9642054555775083,0.0035467434187692695,
Deep GP,4736968,18,0.9769806642488124,0.00295107484543193,
Deep GP,4736968,19,0.9249148021951075,0.002190968824345832,
Deep GP,617977,0,0.9865418313488546,0.0019098107802807344,
Deep GP,617977,1,0.8885378608916044,0.011224389926726636,
Deep GP,617977,2,0.9439775612086431,0.05012364849177958,
Deep GP,617977,3,0.9231951623660978,0.07027486223715483,
Deep GP,617977,4,0.8800894832571555,0.06355576141550506,
Deep GP,617977,5,0.8109763546682375,0.06051533738724514,
Deep GP,617977,6,0.8906366889986138,0.021281966749081203,
Deep GP,617977,7,0.9265052869085869,0.018268897314152266,
Deep GP,617977,8,0.982565961158463,0.001653497384820173,
Deep GP,617977,9,0.8827125125700589,0.003530752801436977,
Deep GP,617977,10,0.9433906842000293,0.0025890411919946127,
Deep GP,617977,11,0.9433906842000293,0.003923366650187742,
Deep GP,617977,12,0.9056646923909244,0.0010523523511988943,
Deep GP,617977,13,0.912882493275358,0.002131216057079798,
Deep GP,617977,14,0.9439775612086431,0.001312439865877743,
Deep GP,617977,15,0.9314754695244345,9.381769132431007e-05,
Deep GP,617977,16,0.9156601592506683,0.0025954841075431505,
Deep GP,617977,17,0.9156601592506683,0.004236704307208867,
Deep GP,617977,18,0.9257482767258153,0.00019529248675767552,
Deep GP,617977,19,0.9156601592506683,0.0008290175583062017,
Deep GP,8500888,0,0.9318071369181584,0.0002484917385728601,
Deep GP,8500888,1,0.7702608761880148,4.067980985408291e-05,
Deep GP,8500888,2,0.7039502053655676,0.005979023270598074,
Deep GP,8500888,3,0.9361687513504021,0.0009382267786436552,
Deep GP,8500888,4,0.9361687513504021,0.0031824160688734204,
Deep GP,8500888,5,0.9361687513504021,0.0009739147003765018,
Deep GP,8500888,6,0.8695498451212662,0.01767252410003263,
Deep GP,8500888,7,0.8780333543135125,6.052311092925777e-06,
Deep GP,8500888,8,0.989187934632731,0.005738806229768778,
Deep GP,8500888,9,0.994787010233945,0.00953946301074228,
Deep GP,8500888,10,0.9935020150424948,0.020950108371343742,
Deep GP,8500888,11,0.9607117574780539,0.009330709374283772,
Deep GP,8500888,12,0.9382090356198851,0.017014462903164773,
Deep GP,8500888,13,0.9782821873010362,0.017204638064460293,
Deep GP,8500888,14,0.9929399396786949,0.011126361939504505,
Deep GP,8500888,15,0.9918726116838824,0.016996604481583577,
Deep GP,8500888,16,0.9929399396786949,0.02527733077797322,
Deep GP,8500888,17,0.9890711786973322,0.02978959797244122,
Deep GP,8500888,18,0.9782821873010362,0.031462394212167344,
Deep GP,8500888,19,0.9890711786973322,0.027446293392082925,
Deep GP,4205117,0,0.9555480162701154,0.003533666930460259,
Deep GP,4205117,1,0.9417413074866144,0.007501714371813881,
Deep GP,4205117,2,0.9831862420510334,0.00882375621416845,
Deep GP,4205117,3,0.9502775074464549,0.022883764640474744,
Deep GP,4205117,4,0.9661007466264031,0.005034859820339811,
Deep GP,4205117,5,0.9209337686904995,0.004859835713286275,
Deep GP,4205117,6,0.8855666297551011,0.04194872340589577,
Deep GP,4205117,7,0.816493112851583,0.06241845922188269,
Deep GP,4205117,8,0.8814571308906789,0.02584167243461581,
Deep GP,4205117,9,0.8827125125700589,0.03414848274556588,
Deep GP,4205117,10,0.8956805769395337,0.024003540699521243,
Deep GP,4205117,11,0.9094177255013599,0.019340045540865956,
Deep GP,4205117,12,0.8551603847252427,0.04094638826047812,
Deep GP,4205117,13,0.9039526267365856,0.019840063316819166,
Deep GP,4205117,14,0.7510545034653229,0.01432617590834971,
Deep GP,4205117,15,0.9475422056103061,0.025921547443568768,
Deep GP,4205117,16,0.9065246798175316,0.026249875496533338,
Deep GP,4205117,17,0.9328675804940157,0.016209111671549904,
Deep GP,4205117,18,0.9568905305191712,0.0004708006051951796,
Deep GP,4205117,19,0.9795492718357297,0.0016508645601325997,
Deep GP,756214,0,0.9830181715749212,1.0725613242161602e-05,
Deep GP,756214,1,0.9892327063477963,0.0011671866766060379,
Deep GP,756214,2,0.8827125125700589,0.005741861224387953,
Deep GP,756214,3,0.9165101616421499,0.01801575028686701,
Deep GP,756214,4,0.9264312399902076,0.02097780155344779,
Deep GP,756214,5,0.940204203296445,0.00512687226679544,
Deep GP,756214,6,0.9670230748315254,0.009446315754713712,
Deep GP,756214,7,0.9608522771401417,0.0019797466869293763,
Deep GP,756214,8,0.961542821148307,0.00642562435973931,
Deep GP,756214,9,0.9892640475337071,0.008107210967773937,
Deep GP,756214,10,0.9615645188923992,0.014112266780272905,
Deep GP,756214,11,0.9293297971506612,0.023617602607959046,
Deep GP,756214,12,0.9384115478980788,0.01454845003873021,
Deep GP,756214,13,0.9912481955415675,0.00966611688556022,
Deep GP,756214,14,0.9892640475337071,0.011240550256918154,
Deep GP,756214,15,0.9912481955415675,0.010668898389417262,
Deep GP,756214,16,0.9832954205272102,0.009080007177438561,
Deep GP,756214,17,0.9735214079514395,0.00963753830996185,
Deep GP,756214,18,0.9912481955415675,0.007581497034256811,
Deep GP,756214,19,0.9764175476823364,0.001092075908182554,
Deep GP,4283694,0,0.9435064055018542,0.00041187124715329833,
Deep GP,4283694,1,0.9845707722768416,3.5195865472787917e-05,
Deep GP,4283694,2,0.9483574246063993,0.004986895152741378,
Deep GP,4283694,3,0.8507426373159275,0.020291464016603773,
Deep GP,4283694,4,0.916840456093544,0.014454568370354113,
Deep GP,4283694,5,0.9382090356198851,0.04826443637364428,
Deep GP,4283694,6,0.9890711786973322,0.005350678936299212,
Deep GP,4283694,7,0.7571960095306371,0.12112868988577927,
Deep GP,4283694,8,0.9869234370564112,0.004278587340935812,
Deep GP,4283694,9,0.989187934632731,0.0015925304982194962,
Deep GP,4283694,10,0.9311014445606511,0.0015537411718110137,
Deep GP,4283694,11,0.9247536161379504,2.789679509537488e-07,
Deep GP,4283694,12,0.9311014445606511,0.0001777134684555042,
Deep GP,4283694,13,0.968765791916059,0.0011633469534738162,
Deep GP,4283694,14,0.989187934632731,0.0009133610863450948,
Deep GP,4283694,15,0.9869234370564112,0.0024968366614922717,
Deep GP,4283694,16,0.937694484424912,0.0006410589254361211,
Deep GP,4283694,17,0.9154910574255333,0.0007576373634926236,
Deep GP,4283694,18,0.9094177255013599,0.00012160617377629116,
Deep GP,4283694,19,0.9693468092856385,0.0001547834736445212,
Deep GP,7449696,0,0.9350201438558463,0.0029399192400588877,
Deep GP,7449696,1,0.8034382575057394,0.0182609669298125,
Deep GP,7449696,2,0.8068923439197938,0.049857144349886647,
Deep GP,7449696,3,0.6751795616421118,0.03448913377623396,
Deep GP,7449696,4,0.9807877709228249,0.016699090341571396,
Deep GP,7449696,5,0.7212099954905085,0.024488683588868153,
Deep GP,7449696,6,0.856252169487011,0.010848403738564227,
Deep GP,7449696,7,0.8328195255417429,0.014399490755515056,
Deep GP,7449696,8,0.856252169487011,0.0204161385640569,
Deep GP,7449696,9,0.856252169487011,0.03125068395580827,
Deep GP,7449696,10,0.8885378608916044,0.027697044518846532,
Deep GP,7449696,11,0.856252169487011,0.0470297916133229,
Deep GP,7449696,12,0.7454254661896299,0.05133791105879493,
Deep GP,7449696,13,0.7825666436881666,0.05339474923810857,
Deep GP,7449696,14,0.8885378608916044,0.04517912342084949,
Deep GP,7449696,15,0.856252169487011,0.01938509287413977,
Deep GP,7449696,16,0.7510545034653229,0.021237406311782756,
Deep GP,7449696,17,0.7212099954905085,0.017762571311368002,
Deep GP,7449696,18,0.7895344114101309,0.025917991144349978,
Deep GP,7449696,19,0.8362595015245802,0.02202768397814815,
Deep GP,9848369,0,0.9845707722768416,0.004235354518112444,
Deep GP,9848369,1,0.9962152775412445,0.02694259579899659,
Deep GP,9848369,2,0.9266923026750297,0.029994255174315813,
Deep GP,9848369,3,0.9489394733250016,0.014169860256553144,
Deep GP,9848369,4,0.9574302216677141,0.02539021097115431,
Deep GP,9848369,5,0.8780333543135125,0.010421083576319877,
Deep GP,9848369,6,0.8796558699686188,0.0005346053214465844,
Deep GP,9848369,7,0.9362276433503375,0.01958032771789475,
Deep GP,9848369,8,0.8780333543135125,0.05048029561982648,
Deep GP,9848369,9,0.9021041733853526,0.03386600594602205,
Deep GP,9848369,10,0.9054769868687657,0.01644476885136386,
Deep GP,9848369,11,0.9407111737476452,0.026574267761098495,
Deep GP,9848369,12,0.9407111737476452,0.010683829960275634,
Deep GP,9848369,13,0.9764220278099388,0.015091121797618226,
Deep GP,9848369,14,0.9363182246985927,0.01817396716411089,
Deep GP,9848369,15,0.9837868944666595,0.011116260287536723,
Deep GP,9848369,16,0.9803627697270841,0.01692110140564228,
Deep GP,9848369,17,0.9848366566825731,0.012447716567790337,
Deep GP,9848369,18,0.9848366566825731,0.005502958143485983,
Deep GP,9848369,19,0.9848366566825731,0.004861886206488824,
ADD GP-UCB,9049607,0,0.9478855791438945,0.0,0.0
ADD GP-UCB,9049607,1,0.9447593697516775,0.0,0.0
ADD GP-UCB,9049607,2,0.9447593697516775,0.0,0.0
ADD GP-UCB,9049607,3,0.9447593697516775,0.001280435178646199,0.11581909911020062
ADD GP-UCB,9049607,4,0.9790219798673182,0.028224548987846987,0.2646768769706191
ADD GP-UCB,9049607,5,0.9785546145324159,0.0295224485328343,0.09187139169617965
ADD GP-UCB,9049607,6,0.8839833841920879,0.028691313085074374,0.22573089639175564
ADD GP-UCB,9049607,7,0.8839833841920879,0.028161292985454188,0.22985745924472006
ADD GP-UCB,9049607,8,0.8826711797799203,0.06694245576245501,0.2290361041666926
ADD GP-UCB,9049607,9,0.8826711797799203,0.09665628838655928,0.2203716001879873
ADD GP-UCB,9049607,10,0.9670230748315254,0.04184412933521759,0.3304066153679704
ADD GP-UCB,9049607,11,0.9670230748315254,0.04333823042444116,0.3419225311852394
ADD GP-UCB,9049607,12,0.9786644827643086,0.1631633172830907,0.3392744224632742
ADD GP-UCB,9049607,13,0.9764175476823364,0.1611673699308458,0.32942961615148897
ADD GP-UCB,9049607,14,0.9688925361711346,0.14150811904595492,0.30978409476805385
ADD GP-UCB,9049607,15,0.9760541975093946,0.20408656003435174,0.41660423817888514
ADD GP-UCB,9049607,16,0.9760541975093946,0.19415719997493547,0.4008288497979991
ADD GP-UCB,9049607,17,0.9760541975093946,0.19510051035070428,0.4057397407264468
ADD GP-UCB,9049607,18,0.899645437314879,0.17871670543904772,0.36106642384037624
ADD GP-UCB,9049607,19,0.9760541975093946,0.20308411706318238,0.41217619213427314
ADD GP-UCB,2402697,0,0.9051770022542597,0.0,0.0
ADD GP-UCB,2402697,1,0.9719880941331567,0.0,0.0
ADD GP-UCB,2402697,2,0.9234362484115665,0.0,0.0
ADD GP-UCB,2402697,3,0.9506009109097919,0.046554685399961444,0.09367819854889857
ADD GP-UCB,2402697,4,0.9234362484115665,0.02586928809038072,0.13184028929890046
ADD GP-UCB,2402697,5,0.9234362484115665,0.01030601735003786,0.062238120021938494
ADD GP-UCB,2402697,6,0.9215733364667075,0.0015151301281704711,0.27395189796003117
ADD GP-UCB,2402697,7,0.94123639973346,0.0010915617355676448,0.2777350552331994
ADD GP-UCB,2402697,8,0.9506009109097919,0.00022327242981028106,0.10918698286682699
ADD GP-UCB,2402697,9,0.9506009109097919,0.0004989436486691653,0.10144609869422966
ADD GP-UCB,2402697,10,0.9636172056265646,0.004912499240950056,0.01878936312223798
ADD GP-UCB,2402697,11,0.9701541059446518,0.011621033091380606,0.0422004846597968
ADD GP-UCB,2402697,12,0.9427655815865494,0.008667429608897307,0.07894745374304422
ADD GP-UCB,2402697,13,0.9427655815865494,0.022651120028879507,0.10990375642483255
ADD GP-UCB,2402697,14,0.9656846991167651,0.028478785884097392,0.1037029849004399
ADD GP-UCB,2402697,15,0.9608901611517008,0.02999777044548811,0.12725066076868136
ADD GP-UCB,2402697,16,0.9776198838626112,0.07197804643480876,0.22183716018718524
ADD GP-UCB,2402697,17,0.9776198838626112,0.06654259963544758,0.20546203988091608
ADD GP-UCB,2402697,18,0.9602313064918553,0.019656314436043126,0.12811484174180945
ADD GP-UCB,2402697,19,0.9793288489007793,0.07979748849318333,0.2627423902306591
ADD GP-UCB,6510749,0,0.9659047771738576,0.0,0.0
ADD GP-UCB,6510749,1,0.955698527536431,0.0,0.0
ADD GP-UCB,6510749,2,0.9825632054201503,0.0,0.0
ADD GP-UCB,6510749,3,0.9840121391225192,0.016447658405102754,0.04738945176033031
ADD GP-UCB,6510749,4,0.9897565561067302,0.06427863822209137,0.24866605405407413
ADD GP-UCB,6510749,5,0.9856339650219096,0.1848036918185421,0.5444781744270788
ADD GP-UCB,6510749,6,0.987394244600791,0.16537548256778675,0.503080710438008
ADD GP-UCB,6510749,7,0.9772176183290875,0.20305408260103125,0.4836626493050654
ADD GP-UCB,6510749,8,0.9772176183290875,0.201627967428558,0.4795733115004948
ADD GP-UCB,6510749,9,0.9748067447361966,0.21867646870890994,0.5579976818264583
ADD GP-UCB,6510749,10,0.9748067447361966,0.2147053717621715,0.5471430515733193
ADD GP-UCB,6510749,11,0.9657353271863136,0.22317913204004533,0.566373070711762
ADD GP-UCB,6510749,12,0.9657353271863136,0.2097691755661494,0.5083074233328753
ADD GP-UCB,6510749,13,0.9657353271863136,0.21553949466495625,0.5222067528510435
ADD GP-UCB,6510749,14,0.977591301699564,0.24680630003178927,0.5410254940957169
ADD GP-UCB,6510749,15,0.977591301699564,0.23703377597828484,0.5350184440238224
ADD GP-UCB,6510749,16,0.977591301699564,0.2374746593682115,0.5286810661620368
ADD GP-UCB,6510749,17,0.977591301699564,0.24101632680307644,0.5423759532321695
ADD GP-UCB,6510749,18,0.9832275715566211,0.23077049368468078,0.5074026983141722
ADD GP-UCB,6510749,19,0.9832275715566211,0.2331865758582163,0.4961971477304229
ADD GP-UCB,758529,0,0.9698603291315889,0.0,0.0
ADD GP-UCB,758529,1,0.9482651221534053,0.0,0.0
ADD GP-UCB,758529,2,0.9800603775366744,0.0,0.0
ADD GP-UCB,758529,3,0.8974177891165442,0.05497895978763559,0.1730020581572142
ADD GP-UCB,758529,4,0.8974177891165442,0.017431114536369634,0.0392561519769087
ADD GP-UCB,758529,5,0.9869234370564112,0.004644420367870468,0.14684557208212845
ADD GP-UCB,758529,6,0.9185872985741692,0.007489684090725122,0.025818373633618313
ADD GP-UCB,758529,7,0.989187934632731,0.0074063721077461545,0.04456791546383831
ADD GP-UCB,758529,8,0.8974177891165442,0.008205596384052835,0.02741064381143084
ADD GP-UCB,758529,9,0.8903225939528906,0.022134566459330166,0.05496223613061824
ADD GP-UCB,758529,10,0.8903225939528906,0.027866283056783903,0.05251407659266975
ADD GP-UCB,758529,11,0.948013013154686,0.028458857574019912,0.06220524877697886
ADD GP-UCB,758529,12,0.948013013154686,0.023765658981815672,0.06140453013658294
ADD GP-UCB,758529,13,0.948013013154686,0.022138131782662294,0.051220608727515334
ADD GP-UCB,758529,14,0.9509260354778677,0.010592224470837703,0.03223727802581292
ADD GP-UCB,758529,15,0.9935020150424948,0.004481370098234547,0.06397126790077777
ADD GP-UCB,758529,16,0.9964264019122341,0.0026643877121537408,0.04112304328673267
ADD GP-UCB,758529,17,0.9592283819736035,0.015800697132423953,0.14545629110932268
ADD GP-UCB,758529,18,0.9550606808649618,0.015767337200932558,0.1262563674377293
ADD GP-UCB,758529,19,0.9507331666414928,0.01395753560336659,0.10120547150190765
ADD GP-UCB,3523986,0,0.963437764034793,0.0,0.0
ADD GP-UCB,3523986,1,0.963437764034793,0.0,0.0
ADD GP-UCB,3523986,2,0.963437764034793,0.0,0.0
ADD GP-UCB,3523986,3,0.9555673031537529,0.016601410337135972,0.2772828667991836
ADD GP-UCB,3523986,4,0.9555673031537529,0.02324040297898803,0.17678317045061084
ADD GP-UCB,3523986,5,0.9617973410074809,0.03257395068778528,0.12668713598160522
ADD GP-UCB,3523986,6,0.8827125125700589,0.014281478244992523,0.2030633112223758
ADD GP-UCB,3523986,7,0.8827125125700589,0.00997609680358831,0.25335133429792145
ADD GP-UCB,3523986,8,0.8827125125700589,0.010014898614679368,0.26057310352970203
ADD GP-UCB,3523986,9,0.8827125125700589,0.01297220933000845,0.26359352624002486
ADD GP-UCB,3523986,10,0.8827125125700589,0.015410601553907277,0.23795336943889994
ADD GP-UCB,3523986,11,0.8827125125700589,0.015793863780355008,0.22805672778276248
ADD GP-UCB,3523986,12,0.8827125125700589,0.013734599397746796,0.23410103230232515
ADD GP-UCB,3523986,13,0.8827125125700589,0.022576931296341866,0.2770826612208509
ADD GP-UCB,3523986,14,0.8827125125700589,0.023644004101645036,0.2668461259165359
ADD GP-UCB,3523986,15,0.8827125125700589,0.023812184766124185,0.2390087920441086
ADD GP-UCB,3523986,16,0.8827125125700589,0.023447576343059225,0.2531976593373845
ADD GP-UCB,3523986,17,0.8827125125700589,0.021267796944341673,0.2705658276859366
ADD GP-UCB,3523986,18,0.8827125125700589,0.016272823203429446,0.3031051001300521
ADD GP-UCB,3523986,19,0.8827125125700589,0.017265918573314425,0.3142855152158591
ADD GP-UCB,3224638,0,0.9701685711073799,0.0,0.0
ADD GP-UCB,3224638,1,0.9403612508193067,0.0,0.0
ADD GP-UCB,3224638,2,0.9403612508193067,0.0,0.0
ADD GP-UCB,3224638,3,0.945348309458337,2.4420622143488176e-05,0.2407516150047398
ADD GP-UCB,3224638,4,0.9786644827643086,0.18678081367504298,0.3719280198148742
ADD GP-UCB,3224638,5,0.9796880703930787,0.1911117923947069,0.4105581176652355
ADD GP-UCB,3224638,6,0.9670230748315254,0.1855640574465348,0.40154764292176365
ADD GP-UCB,3224638,7,0.9670230748315254,0.18493915050671433,0.3716792925944383
ADD GP-UCB,3224638,8,0.9786644827643086,0.16184207324582275,0.32377552154865885
ADD GP-UCB,3224638,9,0.944309228602367,0.15515560320149677,0.32747087708975575
ADD GP-UCB,3224638,10,0.9807877709228249,0.1267955966206409,0.26607960707053474
ADD GP-UCB,3224638,11,0.9449890912505887,0.15338972059357134,0.36577710731008284
ADD GP-UCB,3224638,12,0.9449890912505887,0.15338349797867168,0.36492405603083977
ADD GP-UCB,3224638,13,0.9449890912505887,0.14855910905746678,0.35894192879410713
ADD GP-UCB,3224638,14,0.9449890912505887,0.1411372953300769,0.37850732718141233
ADD GP-UCB,3224638,15,0.9475721672847852,0.20543036355398528,0.5131451594360776
ADD GP-UCB,3224638,16,0.9475721672847852,0.20224498835923693,0.5085206469003138
ADD GP-UCB,3224638,17,0.9475721672847852,0.21596065184148275,0.5365350658102928
ADD GP-UCB,3224638,18,0.9829114039591991,0.2122928417263716,0.5358192678668602
ADD GP-UCB,3224638,19,0.9829114039591991,0.21237196730650204,0.534919178339506
ADD GP-UCB,9729091,0,0.9328131620525808,0.0,0.0
ADD GP-UCB,9729091,1,0.9328131620525808,0.0,0.0
ADD GP-UCB,9729091,2,0.9461525120702816,0.0,0.0
ADD GP-UCB,9729091,3,0.8947906212693454,0.05144329011583967,0.1067386300590627
ADD GP-UCB,9729091,4,0.9352725944478725,0.007140541067407745,0.22696416771012126
ADD GP-UCB,9729091,5,0.8696841569819107,0.009243185580775044,0.25399198210815505
ADD GP-UCB,9729091,6,0.8696841569819107,3.0147357533577646e-05,0.18269706965435373
ADD GP-UCB,9729091,7,0.8696841569819107,0.0021371128088704026,0.2560302253149371
ADD GP-UCB,9729091,8,0.8696841569819107,0.0025882169422032563,0.3736394663329725
ADD GP-UCB,9729091,9,0.8696841569819107,0.002145096749057538,0.37351291386430635
ADD GP-UCB,9729091,10,0.8756204180225758,0.0022028659588049725,0.3655591130973607
ADD GP-UCB,9729091,11,0.8756204180225758,0.026496398348781106,0.2722509006028674
ADD GP-UCB,9729091,12,0.88159386018088,0.040980910797390066,0.2542413976784013
ADD GP-UCB,9729091,13,0.8756204180225758,0.0005293846274840966,0.2735159440472006
ADD GP-UCB,9729091,14,0.8756204180225758,0.0007472594886981253,0.23674118694739255
ADD GP-UCB,9729091,15,0.8756204180225758,0.0011971828780378791,0.2181913190834526
ADD GP-UCB,9729091,16,0.8696841569819107,1.024518203703907e-06,0.2151459411603814
ADD GP-UCB,9729091,17,0.8696841569819107,0.009033499243074904,0.2529249481518091
ADD GP-UCB,9729091,18,0.8804635147900409,0.00891705128071694,0.2547296102781146
ADD GP-UCB,9729091,19,0.830408665087056,0.015936649655985825,0.1453554333532712
ADD GP-UCB,5830471,0,0.9197252247087814,0.0,0.0
ADD GP-UCB,5830471,1,0.9374141348564523,0.0,0.0
ADD GP-UCB,5830471,2,0.9374141348564523,0.0,0.0
ADD GP-UCB,5830471,3,0.9374141348564523,0.10140533012894566,0.3523098608985458
ADD GP-UCB,5830471,4,0.9441129109874125,0.10069874830052623,0.3287355070368943
ADD GP-UCB,5830471,5,0.94376230487246,0.12099204184633428,0.23703275782101985
ADD GP-UCB,5830471,6,0.9475721672847852,0.07456257306319619,0.20288934556853447
ADD GP-UCB,5830471,7,0.9458387520487633,0.10420898082986933,0.31166962549762806
ADD GP-UCB,5830471,8,0.9458008680372043,0.07818778404934142,0.19143110284042913
ADD GP-UCB,5830471,9,0.9011921718086631,0.061846052945513895,0.13332763972130537
ADD GP-UCB,5830471,10,0.9009986197856742,0.034886767993278896,0.06343030082113944
ADD GP-UCB,5830471,11,0.903026159997168,0.05034609275288418,0.10173096005673443
ADD GP-UCB,5830471,12,0.903026159997168,0.0491681193992105,0.10102184161903133
ADD GP-UCB,5830471,13,0.944309228602367,0.04930362007078498,0.10200740459329098
ADD GP-UCB,5830471,14,0.9434630100136698,0.11133784824844868,0.3049134067364017
ADD GP-UCB,5830471,15,0.9434630100136698,0.10321310099560911,0.2784019200739924
ADD GP-UCB,5830471,16,0.9434630100136698,0.0831348416094904,0.3097585953260422
ADD GP-UCB,5830471,17,0.9518645499504568,0.06731141341520122,0.17156456373107032
ADD GP-UCB,5830471,18,0.9511691907904841,0.05885158218985136,0.17158262543903335
ADD GP-UCB,5830471,19,0.8806904772660884,0.05244480956985758,0.1285604302433847
ADD GP-UCB,5343420,0,0.9668391596812532,0.0,0.0
ADD GP-UCB,5343420,1,0.9633334072795254,0.0,0.0
ADD GP-UCB,5343420,2,0.9633334072795254,0.0,0.0
ADD GP-UCB,5343420,3,0.9608522771401417,0.01084374675024384,0.25619202189473833
ADD GP-UCB,5343420,4,0.9544465946356305,0.04133168815082838,0.253389672914945
ADD GP-UCB,5343420,5,0.9381112216902658,0.023447886616451447,0.14140175317909448
ADD GP-UCB,5343420,6,0.9154376637640191,0.02276408143618856,0.11691496685623888
ADD GP-UCB,5343420,7,0.9154376637640191,0.021492628479872548,0.1410675778777951
ADD GP-UCB,5343420,8,0.9381112216902658,0.020001298548438826,0.14462599445441396
ADD GP-UCB,5343420,9,0.9154376637640191,0.025217419924737396,0.10129859438728314
ADD GP-UCB,5343420,10,0.9154376637640191,0.03838468483710401,0.11189055091154979
ADD GP-UCB,5343420,11,0.9154376637640191,0.040710017109300715,0.11968761312223113
ADD GP-UCB,5343420,12,0.940204203296445,0.04399760424958709,0.095302536716014
ADD GP-UCB,5343420,13,0.9381112216902658,0.05376958884247558,0.11206392881541433
ADD GP-UCB,5343420,14,0.9381112216902658,0.05629186025661975,0.12644752371214446
ADD GP-UCB,5343420,15,0.9231834562262333,0.05694093976281431,0.12767464149374838
ADD GP-UCB,5343420,16,0.9231834562262333,0.054488488538860055,0.10351834959636963
ADD GP-UCB,5343420,17,0.9231834562262333,0.05333356226699341,0.10113962218218268
ADD GP-UCB,5343420,18,0.9231834562262333,0.07940886330983551,0.16058489562780925
ADD GP-UCB,5343420,19,0.9312495383974099,0.09047115179834855,0.16727981775514067
ADD GP-UCB,2417321,0,0.8917611878886227,0.0,0.0
ADD GP-UCB,2417321,1,0.8917611878886227,0.0,0.0
ADD GP-UCB,2417321,2,0.8978365956490459,0.0,0.0
ADD GP-UCB,2417321,3,0.7455105229230558,0.008351231590921443,0.021177640840620796
ADD GP-UCB,2417321,4,0.9116074831190336,0.01307159961418358,0.03898476865773477
ADD GP-UCB,2417321,5,0.9040752324573657,0.0012336932102455604,0.0795735848757043
ADD GP-UCB,2417321,6,0.9040752324573657,0.003629285326316077,0.07908338637978578
ADD GP-UCB,2417321,7,0.8951501876395027,0.0005650699162275594,0.014918801772196049
ADD GP-UCB,2417321,8,0.8917611878886227,0.0022617411282871824,0.24455651324282363
ADD GP-UCB,2417321,9,0.8917611878886227,0.003244700772393145,0.24904385206529553
ADD GP-UCB,2417321,10,0.8917611878886227,0.001463272461316844,0.2544964285043832
ADD GP-UCB,2417321,11,0.905435995671934,0.028989489777556273,0.24633186790896044
ADD GP-UCB,2417321,12,0.905435995671934,0.025058777664742522,0.24726469984286845
ADD GP-UCB,2417321,13,0.9383192454450848,0.037046517330303376,0.25004621586058495
ADD GP-UCB,2417321,14,0.9383192454450848,0.03276267545356193,0.23241065154615506
ADD GP-UCB,2417321,15,0.868295842953318,0.014640214186631707,0.03922836666823638
ADD GP-UCB,2417321,16,0.868295842953318,0.013243992277773413,0.035481834468814706
ADD GP-UCB,2417321,17,0.9653172104095279,0.01400841626205135,0.08456666871344856
ADD GP-UCB,2417321,18,0.8764514751237269,0.0011246529600497115,0.01604179157938681
ADD GP-UCB,2417321,19,0.868295842953318,0.029322644497932798,0.16046651475769824
ADD GP-UCB,9891788,0,0.9684306823128576,0.0,0.0
ADD GP-UCB,9891788,1,0.9684306823128576,0.0,0.0
ADD GP-UCB,9891788,2,0.9684306823128576,0.0,0.0
ADD GP-UCB,9891788,3,0.9683793644875932,0.017012108576382686,0.15188118770941586
ADD GP-UCB,9891788,4,0.9566670036834992,0.009140333463774509,0.10746884982983806
ADD GP-UCB,9891788,5,0.9566670036834992,0.020747750798294246,0.1258897806711902
ADD GP-UCB,9891788,6,0.953264576688016,0.0032291619845175646,0.29357831805253143
ADD GP-UCB,9891788,7,0.9581913638156793,0.0037709716163580624,0.21200164723744735
ADD GP-UCB,9891788,8,0.9597422434128609,0.000663350147673448,0.29015391299144677
ADD GP-UCB,9891788,9,0.9722884203409696,0.0005702996152338956,0.34499804181188976
ADD GP-UCB,9891788,10,0.9722884203409696,0.00016889307705912165,0.34357457689018833
ADD GP-UCB,9891788,11,0.9722884203409696,0.0010964140905065586,0.33202492368381065
ADD GP-UCB,9891788,12,0.9722884203409696,0.00044098224377924725,0.31963720836462217
ADD GP-UCB,9891788,13,0.9492146595792449,0.00052481004847605,0.32279927539286
ADD GP-UCB,9891788,14,0.9728873450827549,0.000331323707114895,0.1725089705963224
ADD GP-UCB,9891788,15,0.9756095612676073,0.007849475390928414,0.2712453231326455
ADD GP-UCB,9891788,16,0.9772430998759641,0.027197528282042457,0.18607078069112848
ADD GP-UCB,9891788,17,0.9772430998759641,0.029120218476490888,0.18543227978522991
ADD GP-UCB,9891788,18,0.9767471523780146,0.027948238052964352,0.17725638914054212
ADD GP-UCB,9891788,19,0.9772430998759641,0.026797357513236385,0.18170568845282115
ADD GP-UCB,9314146,0,0.9491943413465846,0.0,0.0
ADD GP-UCB,9314146,1,0.9491943413465846,0.0,0.0
ADD GP-UCB,9314146,2,0.9491943413465846,0.0,0.0
ADD GP-UCB,9314146,3,0.9318129965571927,0.09672187094366251,0.1939293780590002
ADD GP-UCB,9314146,4,0.9770925951787508,0.11823040586825288,0.3351444070623417
ADD GP-UCB,9314146,5,0.9432567073635896,0.1093753039185732,0.3018220397279787
ADD GP-UCB,9314146,6,0.9432567073635896,0.12192365391791966,0.3219434226315148
ADD GP-UCB,9314146,7,0.9448640681002519,0.1535169410951708,0.48512631758350044
ADD GP-UCB,9314146,8,0.9448640681002519,0.12346227587222418,0.4752168860840016
ADD GP-UCB,9314146,9,0.9448640681002519,0.13246324611279953,0.4911591734103745
ADD GP-UCB,9314146,10,0.981018182177452,0.12583352975310488,0.3924660968646497
ADD GP-UCB,9314146,11,0.9845921251430758,0.11698231328978274,0.35395984380878326
ADD GP-UCB,9314146,12,0.981018182177452,0.06672090761960112,0.20384600757469218
ADD GP-UCB,9314146,13,0.981018182177452,0.0877916657228222,0.25651168230849775
ADD GP-UCB,9314146,14,0.981018182177452,0.08556111443206048,0.24338101943415086
ADD GP-UCB,9314146,15,0.981018182177452,0.0911556819798372,0.24081415444134677
ADD GP-UCB,9314146,16,0.981018182177452,0.09120198688837103,0.23956871595623924
ADD GP-UCB,9314146,17,0.981018182177452,0.09328631257204113,0.22903494904660598
ADD GP-UCB,9314146,18,0.9582537045941941,0.08306198876642452,0.19637665299556295
ADD GP-UCB,9314146,19,0.9582537045941941,0.09070077802939416,0.20932835584574755
ADD GP-UCB,9488226,0,0.9849120831123843,0.0,0.0
ADD GP-UCB,9488226,1,0.9849120831123843,0.0,0.0
ADD GP-UCB,9488226,2,0.9849120831123843,0.0,0.0
ADD GP-UCB,9488226,3,0.9933935263220339,0.15890279841670835,0.4437757829605138
ADD GP-UCB,9488226,4,0.9964264019122341,0.17674080792057736,0.49854316834523515
ADD GP-UCB,9488226,5,0.9935020150424948,0.17969538130833893,0.4872904127609431
ADD GP-UCB,9488226,6,0.9935020150424948,0.1628508488535585,0.43243375777606163
ADD GP-UCB,9488226,7,0.9469925228575354,0.05131921287300635,0.10111935060889302
ADD GP-UCB,9488226,8,0.9469925228575354,0.0426508114225426,0.08840807045252574
ADD GP-UCB,9488226,9,0.9469925228575354,0.04929484410419116,0.09952773748516298
ADD GP-UCB,9488226,10,0.9607117574780539,0.03544645744670032,0.08247085087550154
ADD GP-UCB,9488226,11,0.9396755351011528,0.04013370229450391,0.10377024035144487
ADD GP-UCB,9488226,12,0.9469925228575354,0.04083495212542791,0.08925707453976159
ADD GP-UCB,9488226,13,0.9607117574780539,0.039166610551018555,0.08617335859926725
ADD GP-UCB,9488226,14,0.9469925228575354,0.04854561153819502,0.10985809608934899
ADD GP-UCB,9488226,15,0.9886279219669768,0.05254499886645573,0.12071589697143675
ADD GP-UCB,9488226,16,0.9886279219669768,0.05855214997449948,0.1344027098341867
ADD GP-UCB,9488226,17,0.9886279219669768,0.05900868691580884,0.13496163363801733
ADD GP-UCB,9488226,18,0.9886279219669768,0.059059766858711,0.13734535061694444
ADD GP-UCB,9488226,19,0.9886279219669768,0.05828664630240385,0.13809452545262438
ADD GP-UCB,2697408,0,0.9167732935941197,0.0,0.0
ADD GP-UCB,2697408,1,0.9393524732311226,0.0,0.0
ADD GP-UCB,2697408,2,0.9769465640400377,0.0,0.0
ADD GP-UCB,2697408,3,0.9382090356198851,0.16611185311586363,0.42793524803866856
ADD GP-UCB,2697408,4,0.9790633093729059,0.12004153977648754,0.3078966023692583
ADD GP-UCB,2697408,5,0.9782821873010362,0.09457906594816361,0.29019784631363177
ADD GP-UCB,2697408,6,0.9903341312668322,0.056059191980407395,0.2846181445277788
ADD GP-UCB,2697408,7,0.9935020150424948,0.06497911526272762,0.3169135077927608
ADD GP-UCB,2697408,8,0.9911372959606519,0.0456384322579025,0.3200799584376813
ADD GP-UCB,2697408,9,0.9935020150424948,0.03711051723077891,0.34862529770538464
ADD GP-UCB,2697408,10,0.9935020150424948,0.07447046714078803,0.3778472287308664
ADD GP-UCB,2697408,11,0.9935020150424948,0.11465290862431878,0.3782734316117435
ADD GP-UCB,2697408,12,0.9959004861707034,0.11893814889078977,0.3753135800903013
ADD GP-UCB,2697408,13,0.9935020150424948,0.11895076804920633,0.3943398025767842
ADD GP-UCB,2697408,14,0.9935020150424948,0.14140522422549023,0.43382175904180653
ADD GP-UCB,2697408,15,0.9964264019122341,0.15256904116170433,0.4571132811081827
ADD GP-UCB,2697408,16,0.9959004861707034,0.13925380811710383,0.43701872672557907
ADD GP-UCB,2697408,17,0.9959004861707034,0.13623840307044846,0.43555655349427985
ADD GP-UCB,2697408,18,0.9959004861707034,0.1520808956225499,0.44768005696337626
ADD GP-UCB,2697408,19,0.9959004861707034,0.15704193073758646,0.4716829648730221
ADD GP-UCB,5135059,0,0.9415990601506858,0.0,0.0
ADD GP-UCB,5135059,1,0.9415990601506858,0.0,0.0
ADD GP-UCB,5135059,2,0.9415990601506858,0.0,0.0
ADD GP-UCB,5135059,3,0.9415990601506858,0.003449313897725172,0.11273561285081304
ADD GP-UCB,5135059,4,0.967610983189162,0.007490723232401964,0.27542621883439816
ADD GP-UCB,5135059,5,0.9582537045941941,0.008310546628403147,0.19361222693457145
ADD GP-UCB,5135059,6,0.9825704380015144,0.005679064918041072,0.22160148901386614
ADD GP-UCB,5135059,7,0.9825704380015144,0.007655444906418944,0.2559817622961405
ADD GP-UCB,5135059,8,0.9582537045941941,0.008582516600431815,0.25190209071724806
ADD GP-UCB,5135059,9,0.975165962943945,0.03386656129728137,0.23493361842786215
ADD GP-UCB,5135059,10,0.9899483903095313,0.01052359549913595,0.206086224511148
ADD GP-UCB,5135059,11,0.976413074123836,0.004358707822062388,0.1381716654799668
ADD GP-UCB,5135059,12,0.976413074123836,0.01940003910845793,0.14267860918126093
ADD GP-UCB,5135059,13,0.9433906842000293,0.023800559915492785,0.1764998002997491
ADD GP-UCB,5135059,14,0.9433906842000293,0.028581228900798117,0.17489731315286833
ADD GP-UCB,5135059,15,0.9475756094942628,0.028831342653753544,0.17686589014650383
ADD GP-UCB,5135059,16,0.9475756094942628,0.07499357959843925,0.25846927390310537
ADD GP-UCB,5135059,17,0.9475756094942628,0.07519655695287362,0.2585865250928557
ADD GP-UCB,5135059,18,0.9328541466803105,0.1034961591666093,0.33836356147641566
ADD GP-UCB,5135059,19,0.9326764327623797,0.09884972715575052,0.32146370959341214
ADD GP-UCB,6813578,0,0.8068923439197938,0.0,0.0
ADD GP-UCB,6813578,1,0.9631360648846502,0.0,0.0
ADD GP-UCB,6813578,2,0.9631360648846502,0.0,0.0
ADD GP-UCB,6813578,3,0.8827125125700589,0.00752342264432716,0.38143780453356746
ADD GP-UCB,6813578,4,0.8765981894490538,0.005097614080622113,0.5387650076088579
ADD GP-UCB,6813578,5,0.940204203296445,0.005701316766582417,0.2154365419924057
ADD GP-UCB,6813578,6,0.940204203296445,0.00012571893309493704,0.14218331901197365
ADD GP-UCB,6813578,7,0.940204203296445,1.2390005571126244e-05,0.009925097646136232
ADD GP-UCB,6813578,8,0.940204203296445,4.0071842520656156e-05,0.009293156015252756
ADD GP-UCB,6813578,9,0.940204203296445,0.00018746931853665525,0.0008474291696889743
ADD GP-UCB,6813578,10,0.9432567073635896,0.00042377586129552913,0.001053657441943667
ADD GP-UCB,6813578,11,0.940204203296445,0.0016110254222858307,0.030012466959602968
ADD GP-UCB,6813578,12,0.9431120557363084,0.00100973249700232,0.0517514818919338
ADD GP-UCB,6813578,13,0.8768520195525118,0.00023579732228352936,0.247070189846813
ADD GP-UCB,6813578,14,0.9610875101156782,0.028490130800091794,0.19658758083817227
ADD GP-UCB,6813578,15,0.940204203296445,0.04327528367272846,0.16587407122030448
ADD GP-UCB,6813578,16,0.940204203296445,0.03232874153999303,0.13681302459925412
ADD GP-UCB,6813578,17,0.9785546145324159,0.03302286577763871,0.1095296003499403
ADD GP-UCB,6813578,18,0.9270477370799936,0.040461718799886984,0.12574640956544533
ADD GP-UCB,6813578,19,0.9785546145324159,0.05209482508425051,0.16645094942222025
ADD GP-UCB,430826,0,0.7574395130056626,0.0,0.0
ADD GP-UCB,430826,1,0.9837624409842546,0.0,0.0
ADD GP-UCB,430826,2,0.9837624409842546,0.0,0.0
ADD GP-UCB,430826,3,0.9673140991908266,0.01237798824618428,0.02231614293631354
ADD GP-UCB,430826,4,0.8968915252126045,0.011601562988800657,0.025356421298819026
ADD GP-UCB,430826,5,0.8968915252126045,0.016376467117803578,0.03625356676246529
ADD GP-UCB,430826,6,0.950962539977995,0.009842985659365902,0.029111595476158998
ADD GP-UCB,430826,7,0.9849320564671867,0.03147750727876759,0.09327698091707903
ADD GP-UCB,430826,8,0.98209549520739,0.02775324974924388,0.10181799527279496
ADD GP-UCB,430826,9,0.9382279743411136,0.08156888252972909,0.2840647952347076
ADD GP-UCB,430826,10,0.9382279743411136,0.08512447135537006,0.3343731578589789
ADD GP-UCB,430826,11,0.936253473059623,0.09470022108327966,0.3510764982937346
ADD GP-UCB,430826,12,0.936253473059623,0.10058228938644476,0.360937045020638
ADD GP-UCB,430826,13,0.9373077154031392,0.07926745656548491,0.27894191463915763
ADD GP-UCB,430826,14,0.9377912670055084,0.08737832557061656,0.28348263585921435
ADD GP-UCB,430826,15,0.9377912670055084,0.09018804214151377,0.29216037750073254
ADD GP-UCB,430826,16,0.9373077154031392,0.09001620294918856,0.2883897385536698
ADD GP-UCB,430826,17,0.9377912670055084,0.08061460145113723,0.26207817413630113
ADD GP-UCB,430826,18,0.9373077154031392,0.052750963298097926,0.20450751025750463
ADD GP-UCB,430826,19,0.9373077154031392,0.06951388903628493,0.23476058341403896
ADD GP-UCB,6192331,0,0.9760541975093946,0.0,0.0
ADD GP-UCB,6192331,1,0.9760541975093946,0.0,0.0
ADD GP-UCB,6192331,2,0.9760541975093946,0.0,0.0
ADD GP-UCB,6192331,3,0.9655431481056546,0.02167932861418663,0.08487440865001177
ADD GP-UCB,6192331,4,0.962197892005368,0.11675884586831738,0.27592712255528584
ADD GP-UCB,6192331,5,0.9154376637640191,0.08225837029015098,0.20005615526974424
ADD GP-UCB,6192331,6,0.9655431481056546,0.07336676685122144,0.26234974688357643
ADD GP-UCB,6192331,7,0.9655431481056546,0.0727553463985725,0.26980628569625614
ADD GP-UCB,6192331,8,0.9655431481056546,0.07307008880517075,0.2815927909068412
ADD GP-UCB,6192331,9,0.9822635689680532,0.09651440751971456,0.31094606444217826
ADD GP-UCB,6192331,10,0.9898333587634223,0.11180305823319624,0.35076707073834035
ADD GP-UCB,6192331,11,0.9822635689680532,0.11307102879510218,0.3334180150513249
ADD GP-UCB,6192331,12,0.9610875101156782,0.10428135470247539,0.3054922540943502
ADD GP-UCB,6192331,13,0.9898333587634223,0.09934563291189011,0.30934233194281446
ADD GP-UCB,6192331,14,0.9898333587634223,0.10714049163013604,0.32168192503945636
ADD GP-UCB,6192331,15,0.9822635689680532,0.12262914118947653,0.3497770155802406
ADD GP-UCB,6192331,16,0.9655431481056546,0.10281067856801358,0.2910445000091318
ADD GP-UCB,6192331,17,0.9898333587634223,0.08099567970012907,0.3249931712083246
ADD GP-UCB,6192331,18,0.9898333587634223,0.10608568025234794,0.38637880467588026
ADD GP-UCB,6192331,19,0.989187934632731,0.0705086591285131,0.25590909586785027
ADD GP-UCB,8026546,0,0.9308021497018609,0.0,0.0
ADD GP-UCB,8026546,1,0.9712851476603088,0.0,0.0
ADD GP-UCB,8026546,2,0.942407394727824,0.0,0.0
ADD GP-UCB,8026546,3,0.9755300028726026,0.0006372408713665333,0.01253170108737495
ADD GP-UCB,8026546,4,0.952618124492853,0.011651196465022487,0.09004641959792631
ADD GP-UCB,8026546,5,0.942407394727824,0.001998983819477688,0.0077432939710023714
ADD GP-UCB,8026546,6,0.9645839606688941,0.010779623648715365,0.08447188902393633
ADD GP-UCB,8026546,7,0.9645839606688941,0.012422861154078688,0.09966968618136174
ADD GP-UCB,8026546,8,0.9458869692578571,0.004925606898400157,0.24918405671969587
ADD GP-UCB,8026546,9,0.9674436024687658,0.0788548418608929,0.15924214896952393
ADD GP-UCB,8026546,10,0.9473004298091215,0.0016531884517687575,0.04864909986634794
ADD GP-UCB,8026546,11,0.9428348067840194,0.003738437470608914,0.09733787110700333
ADD GP-UCB,8026546,12,0.9428348067840194,0.0013495805074346218,0.048019173702251366
ADD GP-UCB,8026546,13,0.9335092109682694,0.00038791866563273877,0.08641451381497207
ADD GP-UCB,8026546,14,0.9307670181440635,1.4929542158068352e-07,0.29048686228852255
ADD GP-UCB,8026546,15,0.9251558882405762,0.001010400449465759,0.2498539150023289
ADD GP-UCB,8026546,16,0.9251558882405762,0.0011291205749195726,0.2400576339609206
ADD GP-UCB,8026546,17,0.9251558882405762,0.0016643760978099847,0.1808407483614139
ADD GP-UCB,8026546,18,0.9251558882405762,0.00034447305173139763,0.11597054338592583
ADD GP-UCB,8026546,19,0.9314754695244345,0.004316858267789999,0.11860418853746822
ADD GP-UCB,6735254,0,0.9071229148036009,0.0,0.0
ADD GP-UCB,6735254,1,0.9071229148036009,0.0,0.0
ADD GP-UCB,6735254,2,0.9766452064832019,0.0,0.0
ADD GP-UCB,6735254,3,0.9802232814140192,0.09321830493048174,0.2829791387218136
ADD GP-UCB,6735254,4,0.9854831154468382,0.07404062361513843,0.24065200181104224
ADD GP-UCB,6735254,5,0.9406292044921859,0.022177416991621075,0.12131103209464385
ADD GP-UCB,6735254,6,0.9382090356198851,0.05178504082157216,0.20090096938195406
ADD GP-UCB,6735254,7,0.9697783533070276,0.031570415155667296,0.1600448573290907
ADD GP-UCB,6735254,8,0.9382090356198851,0.04303540200357305,0.17760760340247328
ADD GP-UCB,6735254,9,0.9382090356198851,0.043874596274664904,0.1911893714766976
ADD GP-UCB,6735254,10,0.9361687513504021,0.04206254565125068,0.19686106891992974
ADD GP-UCB,6735254,11,0.9697783533070276,0.04409255723081812,0.25777385307593037
ADD GP-UCB,6735254,12,0.9825704380015144,0.058097510518754544,0.22067123090597174
ADD GP-UCB,6735254,13,0.9697783533070276,0.05676029977451504,0.21424468327626975
ADD GP-UCB,6735254,14,0.9361687513504021,0.06892871070220996,0.24531264065915137
ADD GP-UCB,6735254,15,0.9361687513504021,0.06416406562167667,0.23472647354555465
ADD GP-UCB,6735254,16,0.9368224361269292,0.05811082795653504,0.21410607229972461
ADD GP-UCB,6735254,17,0.9361687513504021,0.14686648539910882,0.42827499189433177
ADD GP-UCB,6735254,18,0.9361687513504021,0.14233442258947923,0.40574151392608726
ADD GP-UCB,6735254,19,0.976759206680288,0.15045792832925828,0.41172684412149885
ADD GP-UCB,1112898,0,0.9046772643844235,0.0,0.0
ADD GP-UCB,1112898,1,0.9825632054201503,0.0,0.0
ADD GP-UCB,1112898,2,0.9825632054201503,0.0,0.0
ADD GP-UCB,1112898,3,0.9825632054201503,0.08593757540489004,0.3244541800449814
ADD GP-UCB,1112898,4,0.9657353271863136,8.499883092545674e-05,0.033079076069473946
ADD GP-UCB,1112898,5,0.9901271421455871,0.21074564664606027,0.42096359323517935
ADD GP-UCB,1112898,6,0.9859707990144009,0.23080668021431355,0.4529048833336739
ADD GP-UCB,1112898,7,0.9859707990144009,0.22264460436865746,0.4222110179012982
ADD GP-UCB,1112898,8,0.9935454105306792,0.25181019686561285,0.49173621521162986
ADD GP-UCB,1112898,9,0.953264576688016,0.17151928811122674,0.33232776349382714
ADD GP-UCB,1112898,10,0.9861257838392167,0.1787897707063645,0.3532982207135091
ADD GP-UCB,1112898,11,0.9861257838392167,0.19308388825685968,0.3823592749667952
ADD GP-UCB,1112898,12,0.9861257838392167,0.1874696949297724,0.36607549254725047
ADD GP-UCB,1112898,13,0.9918815653699853,0.21760006454333627,0.42839292847234256
ADD GP-UCB,1112898,14,0.9861257838392167,0.20603577224269226,0.3987803823649633
ADD GP-UCB,1112898,15,0.9918815653699853,0.20480053741247098,0.40352303420181546
ADD GP-UCB,1112898,16,0.9855805812140485,0.19652513720557735,0.38547070969618136
ADD GP-UCB,1112898,17,0.9855805812140485,0.20068012588263437,0.3679173935705873
ADD GP-UCB,1112898,18,0.9962204441400118,0.21464528933097143,0.44867162420823276
ADD GP-UCB,1112898,19,0.9949939993551901,0.2182204957257236,0.4795757358879436
ADD GP-UCB,5609958,0,0.9731918032557613,0.0,0.0
ADD GP-UCB,5609958,1,0.9731918032557613,0.0,0.0
ADD GP-UCB,5609958,2,0.9731918032557613,0.0,0.0
ADD GP-UCB,5609958,3,0.9898295716760868,0.04184769600362598,0.1960909299082149
ADD GP-UCB,5609958,4,0.9855485535569727,0.13948103653031793,0.3247980718535068
ADD GP-UCB,5609958,5,0.9647482473422218,0.11889897819355515,0.30720339700897525
ADD GP-UCB,5609958,6,0.9481380363050228,0.0018028340855912508,0.09031528908474656
ADD GP-UCB,5609958,7,0.9481380363050228,0.0009813815488970564,0.09808012521943973
ADD GP-UCB,5609958,8,0.9420554091014397,0.001348405787718041,0.10410368252310559
ADD GP-UCB,5609958,9,0.9420554091014397,0.019634564789725587,0.11666340627397485
ADD GP-UCB,5609958,10,0.9404611340160737,0.01638353808799727,0.13971373995970102
ADD GP-UCB,5609958,11,0.9404611340160737,0.018070272790568328,0.14053071393154148
ADD GP-UCB,5609958,12,0.9404611340160737,0.020787217963252263,0.1637942508008345
ADD GP-UCB,5609958,13,0.9455301619105634,0.02302683655803192,0.16209619495954894
ADD GP-UCB,5609958,14,0.9455301619105634,0.023670739125155785,0.15845815050042017
ADD GP-UCB,5609958,15,0.9455301619105634,0.0352107836806913,0.15795446878600874
ADD GP-UCB,5609958,16,0.9455301619105634,0.04115457291536074,0.14829611878273852
ADD GP-UCB,5609958,17,0.8824293974096336,0.03894456837578885,0.13462214199421033
ADD GP-UCB,5609958,18,0.8923484130596455,0.03323870786300895,0.15699474263247276
ADD GP-UCB,5609958,19,0.9079636284847747,0.03513265025008249,0.15193979388236387
ADD GP-UCB,4736968,0,0.9831624783243446,0.0,0.0
ADD GP-UCB,4736968,1,0.9831624783243446,0.0,0.0
ADD GP-UCB,4736968,2,0.9641276182872424,0.0,0.0
ADD GP-UCB,4736968,3,0.9901185300527912,0.23088231859845162,0.5562704258386348
ADD GP-UCB,4736968,4,0.9911548617395507,0.20820041261941663,0.48898676081999976
ADD GP-UCB,4736968,5,0.9918305924225789,0.18921959406528874,0.4602961854238093
ADD GP-UCB,4736968,6,0.9865215098316433,0.14855365174022353,0.3619034724706261
ADD GP-UCB,4736968,7,0.9988517373833021,0.16334165388506522,0.41060247619147683
ADD GP-UCB,4736968,8,0.9972908727509948,0.17046432205397996,0.42605974801668145
ADD GP-UCB,4736968,9,0.942438046158019,0.1805614356550638,0.44670445784523743
ADD GP-UCB,4736968,10,0.942438046158019,0.19005219802767195,0.4667034342029902
ADD GP-UCB,4736968,11,0.9972908727509948,0.19459319184593135,0.501880704117611
ADD GP-UCB,4736968,12,1.0,0.18288779947164183,0.48626419193382286
ADD GP-UCB,4736968,13,1.0,0.1809347933827811,0.48417749636453333
ADD GP-UCB,4736968,14,1.0,0.18887010982813301,0.49408344682011635
ADD GP-UCB,4736968,15,0.99373896912277,0.18774963164831202,0.48799248928874456
ADD GP-UCB,4736968,16,0.9959004861707034,0.1851336924385129,0.4746205297705384
ADD GP-UCB,4736968,17,0.9959004861707034,0.185412461866015,0.47326195989908215
ADD GP-UCB,4736968,18,0.9550606808649618,0.1706480154809799,0.4470543254079919
ADD GP-UCB,4736968,19,0.9550606808649618,0.17111592004800424,0.4467511044805112
ADD GP-UCB,617977,0,0.9702319432349177,0.0,0.0
ADD GP-UCB,617977,1,0.9734253151265589,0.0,0.0
ADD GP-UCB,617977,2,0.9734253151265589,0.0,0.0
ADD GP-UCB,617977,3,0.9458749149555836,0.003663699008947459,0.3298473437021345
ADD GP-UCB,617977,4,0.8672298879008353,0.0010214695335020315,0.34057027499803294
ADD GP-UCB,617977,5,0.9474705695523814,0.05166194784616089,0.13845722848251757
ADD GP-UCB,617977,6,0.9452532545515814,0.04999596253240472,0.13441962395658702
ADD GP-UCB,617977,7,0.9452532545515814,0.018783103878587403,0.10545743333161545
ADD GP-UCB,617977,8,0.9323795487640442,0.016162666840733263,0.04725077909349554
ADD GP-UCB,617977,9,0.9400220092509117,0.012933669152004,0.038124845323049515
ADD GP-UCB,617977,10,0.9293297971506612,0.013032662965879386,0.03886492383457648
ADD GP-UCB,617977,11,0.9323795487640442,0.00194052917951456,0.005169711695760525
ADD GP-UCB,617977,12,0.8985157619724496,0.0017288634259526902,0.004689277677881342
ADD GP-UCB,617977,13,0.9400220092509117,0.0029721283338974315,0.00787543010563188
ADD GP-UCB,617977,14,0.9424728295534074,0.0033152313584772055,0.00960791882411682
ADD GP-UCB,617977,15,0.9323795487640442,0.0019810242650490843,0.010030671036194039
ADD GP-UCB,617977,16,0.8991419025040543,0.0011949641730543451,0.007093435322703907
ADD GP-UCB,617977,17,0.8991419025040543,0.0017719380575722764,0.012725300903474507
ADD GP-UCB,617977,18,0.8991419025040543,0.0008373636472827869,0.016483479610161993
ADD GP-UCB,617977,19,0.8991419025040543,0.001176356262344502,0.018880907198487673
ADD GP-UCB,8500888,0,0.8972156184316575,0.0,0.0
ADD GP-UCB,8500888,1,0.9533520574201007,0.0,0.0
ADD GP-UCB,8500888,2,0.9533520574201007,0.0,0.0
ADD GP-UCB,8500888,3,0.9402372655870948,0.04844614581595176,0.08423287885424259
ADD GP-UCB,8500888,4,0.931125553165198,0.09377059514687178,0.21497638802073446
ADD GP-UCB,8500888,5,0.9354478975053486,0.09241183924638907,0.21178104824832317
ADD GP-UCB,8500888,6,0.9777783174660067,0.0921377589840194,0.2264209307169897
ADD GP-UCB,8500888,7,0.9777783174660067,0.11622728007644696,0.2875266791794132
ADD GP-UCB,8500888,8,0.9693468092856385,0.12069548827070482,0.30237050177440317
ADD GP-UCB,8500888,9,0.9693468092856385,0.10651457767446532,0.2758209166411049
ADD GP-UCB,8500888,10,0.953650320929868,0.10269322264427214,0.23004868320546534
ADD GP-UCB,8500888,11,0.9884843049732694,0.10274045866011255,0.23073662582662546
ADD GP-UCB,8500888,12,0.9666910658444945,0.10441227922972378,0.2593469498478179
ADD GP-UCB,8500888,13,0.962197892005368,0.09605650735686917,0.28281844687258817
ADD GP-UCB,8500888,14,0.9901185300527912,0.06911314477487539,0.13083762158187956
ADD GP-UCB,8500888,15,0.9901185300527912,0.07529110390670471,0.1702829005942273
ADD GP-UCB,8500888,16,0.9759942675913343,0.1387377183449712,0.3366744957136406
ADD GP-UCB,8500888,17,0.9759942675913343,0.14912242912739926,0.3514730684687236
ADD GP-UCB,8500888,18,0.9759942675913343,0.1588339487845855,0.3793825397402298
ADD GP-UCB,8500888,19,0.9759942675913343,0.1636328970711115,0.4080106069614945
ADD GP-UCB,4205117,0,0.9610596111392448,0.0,0.0
ADD GP-UCB,4205117,1,0.9610596111392448,0.0,0.0
ADD GP-UCB,4205117,2,0.9610596111392448,0.0,0.0
ADD GP-UCB,4205117,3,0.9168166890823042,0.03000070166211323,0.14167392575421822
ADD GP-UCB,4205117,4,0.9455156967478353,0.057535058590802754,0.12698667571251618
ADD GP-UCB,4205117,5,0.9503064377719111,0.00395736080254888,0.07859083898869407
ADD GP-UCB,4205117,6,0.9503064377719111,0.00765629000233377,0.05095536715629623
ADD GP-UCB,4205117,7,0.9366605668831582,0.1085619222064999,0.24540986134538392
ADD GP-UCB,4205117,8,0.9755300028726026,0.07746799343897355,0.1659527597350824
ADD GP-UCB,4205117,9,0.9366605668831582,0.13721828950466108,0.34113637221048587
ADD GP-UCB,4205117,10,0.9813226403504585,0.1172664664604905,0.26269513013789264
ADD GP-UCB,4205117,11,0.9348021284967996,0.09116609892286505,0.20453376736496987
ADD GP-UCB,4205117,12,0.9348021284967996,0.12617821062840398,0.25899725297333515
ADD GP-UCB,4205117,13,0.94376230487246,0.13789959412812886,0.2995108124225498
ADD GP-UCB,4205117,14,0.94376230487246,0.13462164222044484,0.2885452493454871
ADD GP-UCB,4205117,15,0.944309228602367,0.1282200815296756,0.2796725759025246
ADD GP-UCB,4205117,16,0.944309228602367,0.12414453350333984,0.26779481448416664
ADD GP-UCB,4205117,17,0.944309228602367,0.12427375525838737,0.27112284022220423
ADD GP-UCB,4205117,18,0.94376230487246,0.11032137847701458,0.23761873224450986
ADD GP-UCB,4205117,19,0.94376230487246,0.1280776133069052,0.2809561682170247
ADD GP-UCB,756214,0,0.9912481955415675,0.0,0.0
ADD GP-UCB,756214,1,0.9912481955415675,0.0,0.0
ADD GP-UCB,756214,2,0.98486076528712,0.0,0.0
ADD GP-UCB,756214,3,0.990405422446899,0.17158325346751388,0.4008526130597867
ADD GP-UCB,756214,4,0.950276476097432,0.197688304879315,0.47108261036047944
ADD GP-UCB,756214,5,0.942438046158019,0.1916975082071223,0.49456629307910205
ADD GP-UCB,756214,6,0.950276476097432,0.19606664024865642,0.5105090928490597
ADD GP-UCB,756214,7,0.942438046158019,0.20248319310898474,0.5139391905215879
ADD GP-UCB,756214,8,0.942438046158019,0.21873949483783692,0.557933646205812
ADD GP-UCB,756214,9,0.942438046158019,0.2097777797170946,0.5432176046312504
ADD GP-UCB,756214,10,0.9391206890341658,0.21094297480534369,0.542152474726821
ADD GP-UCB,756214,11,0.942438046158019,0.21218895692125417,0.5417724807031596
ADD GP-UCB,756214,12,0.942438046158019,0.22410502661220957,0.5776198114942368
ADD GP-UCB,756214,13,0.9364101789891777,0.19851105635385216,0.5387514602294134
ADD GP-UCB,756214,14,0.9364101789891777,0.2276986874195704,0.5908734589287739
ADD GP-UCB,756214,15,0.9949939993551901,0.21186136230871805,0.5642000127742938
ADD GP-UCB,756214,16,1.0,0.2170793717537821,0.5793601666816797
ADD GP-UCB,756214,17,0.9949137512044695,0.23100045231053695,0.612993233950624
ADD GP-UCB,756214,18,1.0,0.22736485451378335,0.6065099997693265
ADD GP-UCB,756214,19,1.0,0.22471300584757467,0.6050296343039986
ADD GP-UCB,4283694,0,0.9475422056103061,0.0,0.0
ADD GP-UCB,4283694,1,0.9581913638156793,0.0,0.0
ADD GP-UCB,4283694,2,0.9147801886156055,0.0,0.0
ADD GP-UCB,4283694,3,0.8974177891165442,0.03022034268492608,0.16830429481837433
ADD GP-UCB,4283694,4,0.8974177891165442,0.04891546135829932,0.28504395325991716
ADD GP-UCB,4283694,5,0.8974177891165442,0.0012532769659321658,0.18308451971894546
ADD GP-UCB,4283694,6,0.8974177891165442,0.0010727727872390854,0.13963047261855926
ADD GP-UCB,4283694,7,0.9005505413344094,0.011329556148595097,0.17861353802664523
ADD GP-UCB,4283694,8,0.9117752054327367,0.03494461501227408,0.1727881605235771
ADD GP-UCB,4283694,9,0.9117752054327367,0.03061731949765769,0.17458652752603399
ADD GP-UCB,4283694,10,0.9312495383974099,0.011916164199429986,0.19920555855795147
ADD GP-UCB,4283694,11,0.9312495383974099,0.007617675997230624,0.15166233838297724
ADD GP-UCB,4283694,12,0.9312495383974099,0.027332750849389763,0.16578703145430143
ADD GP-UCB,4283694,13,0.9190219497808307,0.03184422500324517,0.1734438187347859
ADD GP-UCB,4283694,14,0.9190219497808307,0.03404925066908103,0.17456145327296194
ADD GP-UCB,4283694,15,0.9190219497808307,0.03315933224231011,0.17211866328457523
ADD GP-UCB,4283694,16,0.9190219497808307,0.03308791652396703,0.17140361989894848
ADD GP-UCB,4283694,17,0.9312495383974099,0.05733005353678987,0.14379034911043667
ADD GP-UCB,4283694,18,0.9312495383974099,0.07486071662967003,0.1787869999660297
ADD GP-UCB,4283694,19,0.9312495383974099,0.0549952128992234,0.12776254344699456
ADD GP-UCB,7449696,0,0.956707305124615,0.0,0.0
ADD GP-UCB,7449696,1,0.956707305124615,0.0,0.0
ADD GP-UCB,7449696,2,0.956707305124615,0.0,0.0
ADD GP-UCB,7449696,3,0.968226790523232,0.00020501745850308182,0.319304379709205
ADD GP-UCB,7449696,4,0.8814571308906789,0.00015355354318881919,0.026781789916846394
ADD GP-UCB,7449696,5,0.8278734515304421,0.009103499343930193,0.3746418169574069
ADD GP-UCB,7449696,6,0.9592283819736035,0.018567216389870297,0.3536540633828501
ADD GP-UCB,7449696,7,0.9550606808649618,0.0033885927690720384,0.22694155209657288
ADD GP-UCB,7449696,8,0.9550606808649618,0.0048036437570627595,0.2311144996144527
ADD GP-UCB,7449696,9,0.9550606808649618,0.00559602086313506,0.2504903358519041
ADD GP-UCB,7449696,10,0.9550606808649618,0.004784912229076411,0.24997846634381318
ADD GP-UCB,7449696,11,0.9550606808649618,0.003616291169722268,0.23068545538155777
ADD GP-UCB,7449696,12,0.950276476097432,0.02043153698216887,0.12421259255682862
ADD GP-UCB,7449696,13,0.9592283819736035,0.009488423554934265,0.11802561029128966
ADD GP-UCB,7449696,14,0.9592283819736035,0.009795947474825439,0.11248325696968994
ADD GP-UCB,7449696,15,0.9592283819736035,0.01140472838755111,0.10204734689777718
ADD GP-UCB,7449696,16,0.9592283819736035,0.005110888217305494,0.13261947146440625
ADD GP-UCB,7449696,17,0.9592283819736035,1.585448211449821e-05,0.10800218994211269
ADD GP-UCB,7449696,18,0.9592283819736035,0.0004774893087990246,0.09082627938324322
ADD GP-UCB,7449696,19,0.9592283819736035,0.00038269346977650435,0.10976168229215377
ADD GP-UCB,9848369,0,0.8639545467537347,0.0,0.0
ADD GP-UCB,9848369,1,0.9147519546149673,0.0,0.0
ADD GP-UCB,9848369,2,0.9147519546149673,0.0,0.0
ADD GP-UCB,9848369,3,0.9257617105395205,0.026120584494562223,0.059784575095395434
ADD GP-UCB,9848369,4,0.9269471641275105,0.046513034998451976,0.16693481007291353
ADD GP-UCB,9848369,5,0.9091049968288645,0.01299171553740584,0.09535862159452455
ADD GP-UCB,9848369,6,0.9922521514088422,0.0714476667570037,0.17662209432986697
ADD GP-UCB,9848369,7,0.9922521514088422,0.0652528230438738,0.16844219196927215
ADD GP-UCB,9848369,8,0.9439775612086431,0.04382688626254181,0.09728709201978741
ADD GP-UCB,9848369,9,0.912882493275358,0.03245515128135143,0.06533400205318188
ADD GP-UCB,9848369,10,0.912882493275358,0.02704306258701963,0.18279728848575552
ADD GP-UCB,9848369,11,0.8917319159698596,0.019251589451937418,0.2739465793964925
ADD GP-UCB,9848369,12,0.8868223530277881,0.026506527565651927,0.15489348951283527
ADD GP-UCB,9848369,13,0.9185532049344967,0.02303692321005839,0.07227471492105855
ADD GP-UCB,9848369,14,0.9185532049344967,0.04888540786195404,0.09436186493047477
ADD GP-UCB,9848369,15,0.9142298292453231,0.04013306408855585,0.10212074960875396
ADD GP-UCB,9848369,16,0.9142298292453231,0.017406250360146893,0.11766549351014817
ADD GP-UCB,9848369,17,0.9142298292453231,0.0216490390728634,0.10737710688579205
ADD GP-UCB,9848369,18,0.9142298292453231,0.01985499917616671,0.1021795339380615
ADD GP-UCB,9848369,19,0.9142298292453231,0.047812766283597735,0.11650153155699575
