method,seed,query,ro,parent_r2,child_r2
BIF (hot),9049607,0,0.5312396934347875,0.0,0.0
BIF (hot),9049607,1,0.9304729262558386,0.0017005244647660162,0.572848287152742
BIF (hot),9049607,2,0.9525278241646253,0.022330921623760644,0.5078007618367718
BIF (hot),9049607,3,0.9271782470410156,0.07662904420501339,0.286858106137771
BIF (hot),9049607,4,0.956093000373373,0.07851780813605698,0.33712420978337954
BIF (hot),9049607,5,0.956093000373373,0.16314688586183534,0.306170455966109
BIF (hot),9049607,6,0.956093000373373,0.21164280770859714,0.29463056641609053
BIF (hot),9049607,7,0.956093000373373,0.25594865531404054,0.2897009786669044
BIF (hot),9049607,8,0.956093000373373,0.2660341174567112,0.33592843263143024
BIF (hot),9049607,9,0.956093000373373,0.3300101463055758,0.3331429379200498
BIF (hot),9049607,10,0.956093000373373,0.5413928283496345,0.349382108952704
BIF (hot),9049607,11,0.9343166276953241,0.5376837981038435,0.5233712193579843
BIF (hot),9049607,12,0.9343166276953241,0.5506732493527334,0.627410262651018
BIF (hot),9049607,13,0.9359810689116688,0.5601360328306003,0.6250883193778489
BIF (hot),9049607,14,0.9359810689116688,0.5633350530590617,0.6206630525304547
BIF (hot),9049607,15,0.9343166276953241,0.5643998904435802,0.6299552610055335
BIF (hot),9049607,16,0.9343166276953241,0.5664000504288835,0.5989936515342845
BIF (hot),9049607,17,0.9343166276953241,0.5594611927290836,0.6003412318677541
BIF (hot),9049607,18,0.9343166276953241,0.5514893466144117,0.6330292809065288
BIF (hot),9049607,19,0.9343166276953241,0.5516450982895695,0.6331095733185439
BIF (hot),2402697,0,0.5572185884650187,0.0,0.0
BIF (hot),2402697,1,0.9647593621889378,0.16353447606196594,0.08807311435393386
BIF (hot),2402697,2,0.8692995191632016,0.31650191963599494,0.10281093417672468
BIF (hot),2402697,3,0.9277939049626113,0.28327258407717654,0.09064780127119673
BIF (hot),2402697,4,0.9277939049626113,0.432527782722383,0.2001069139593545
BIF (hot),2402697,5,0.9277939049626113,0.40218384231600585,0.1802320586883987
BIF (hot),2402697,6,0.8950288199056391,0.49702399247403517,0.18012144288351584
BIF (hot),2402697,7,0.926554547568781,0.462906663307658,0.09562939967037323
BIF (hot),2402697,8,0.9562127116359054,0.5101465415356013,0.0843005619798039
BIF (hot),2402697,9,0.9665679521946323,0.504223791666358,0.08436000563488127
BIF (hot),2402697,10,0.9562127116359054,0.5031420103402087,0.10918030052941143
BIF (hot),2402697,11,0.9665679521946323,0.4475000987959634,0.11312447729045627
BIF (hot),2402697,12,0.9723587939655138,0.5244306780254224,0.23721017935337346
BIF (hot),2402697,13,0.9723587939655138,0.5264460576332455,0.26088200593770283
BIF (hot),2402697,14,0.9723587939655138,0.5253240249969915,0.3021330672844188
BIF (hot),2402697,15,0.9723587939655138,0.5263635696611598,0.2525389622243099
BIF (hot),2402697,16,0.9559415289799644,0.5342634820260904,0.3009218754745322
BIF (hot),2402697,17,0.9343166276953241,0.5286793812586127,0.28627792060567686
BIF (hot),2402697,18,0.9940887513192004,0.526454039320067,0.2919952826486021
BIF (hot),2402697,19,0.9940887513192004,0.5257728788053878,0.28519377132517965
BIF (hot),6510749,0,0.5102280269554907,0.0,0.0
BIF (hot),6510749,1,0.9449967988237821,0.1683140239888597,0.33628139662240647
BIF (hot),6510749,2,0.9647593621889378,0.10309830119264567,0.27146853371849206
BIF (hot),6510749,3,0.9680945420611176,0.11478295409430515,0.48309434481111235
BIF (hot),6510749,4,0.9680945420611176,0.2166176711506334,0.30085699472133165
BIF (hot),6510749,5,0.9562127116359054,0.37486103307427915,0.3055222242797304
BIF (hot),6510749,6,0.8950288199056391,0.45175532579520866,0.4843347996431733
BIF (hot),6510749,7,0.8950288199056391,0.48304761516471073,0.41839015943396063
BIF (hot),6510749,8,0.8898494488582143,0.47125050996072904,0.40422498411801167
BIF (hot),6510749,9,0.9562127116359054,0.4637414721894298,0.48083846179365897
BIF (hot),6510749,10,0.9562127116359054,0.5016925378997783,0.5125574276713714
BIF (hot),6510749,11,0.9562127116359054,0.49561836904880846,0.5309833880158488
BIF (hot),6510749,12,0.9562127116359054,0.48507710918696306,0.5212893655253935
BIF (hot),6510749,13,0.9562127116359054,0.4964899514762447,0.5036318609332662
BIF (hot),6510749,14,0.9562127116359054,0.487732011356516,0.4689828819877099
BIF (hot),6510749,15,0.9562127116359054,0.5072634120495342,0.5187849667817006
BIF (hot),6510749,16,0.9630847958082539,0.5289931954156475,0.4964711867508089
BIF (hot),6510749,17,0.9630847958082539,0.5325836006808657,0.680147001981462
BIF (hot),6510749,18,0.9630847958082539,0.5411861301527019,0.6861189730799512
BIF (hot),6510749,19,0.9640201519661352,0.5267358432130627,0.6754671032951358
BIF (hot),758529,0,0.9781025181077347,0.0,0.0
BIF (hot),758529,1,0.417248636171651,0.1839214922215979,0.32040942284499846
BIF (hot),758529,2,0.0,0.4595930630377085,0.3546635422191469
BIF (hot),758529,3,0.8906860364011707,0.3712232161318034,0.24755138010742883
BIF (hot),758529,4,0.9670806543031643,0.43984223001473205,0.18671323816617408
BIF (hot),758529,5,0.8992414208237711,0.44349901217771104,0.1593164023157978
BIF (hot),758529,6,0.8950288199056391,0.4628963290163449,0.23311544741666745
BIF (hot),758529,7,0.9027901943994274,0.4369200345853566,0.1840667958301922
BIF (hot),758529,8,0.9232668447985519,0.43645480550637633,0.16587147420544646
BIF (hot),758529,9,0.9232668447985519,0.4956684976975627,0.271251648513111
BIF (hot),758529,10,0.9232668447985519,0.4910729047704279,0.31505423875411404
BIF (hot),758529,11,0.9742110133775722,0.51846320039769,0.3423998581775657
BIF (hot),758529,12,0.9672171210151653,0.5190704626559857,0.3522943445032005
BIF (hot),758529,13,0.9672171210151653,0.5201677087569642,0.4022878737635183
BIF (hot),758529,14,0.981324264186134,0.514907868371144,0.43314831695656547
BIF (hot),758529,15,0.9672171210151653,0.5017888261092726,0.41849679018248603
BIF (hot),758529,16,0.9619812128074955,0.49806977727704393,0.41420569748507574
BIF (hot),758529,17,0.9619812128074955,0.5019783640947252,0.4091392639539718
BIF (hot),758529,18,0.9619812128074955,0.5048759643708813,0.3811437721468589
BIF (hot),758529,19,0.9619812128074955,0.5008182376534621,0.3763426043527342
BIF (hot),3523986,0,0.9651879542044874,0.0,0.0
BIF (hot),3523986,1,0.54825273880037,0.053162436631512856,0.332557217629545
BIF (hot),3523986,2,0.8807468262635766,0.32175172832514704,0.4538498128983316
BIF (hot),3523986,3,0.8849716359597481,0.34086941269697735,0.3059341747053933
BIF (hot),3523986,4,0.8849716359597481,0.4153987904432,0.5630442259703361
BIF (hot),3523986,5,0.8849716359597481,0.45945078436888587,0.5566688061026939
BIF (hot),3523986,6,0.8931259946426231,0.2243083621569579,0.6120287679922438
BIF (hot),3523986,7,0.9767183262625381,0.28175018279409897,0.6300031062043632
BIF (hot),3523986,8,0.8989950218541121,0.2870035088334261,0.6395370282354154
BIF (hot),3523986,9,0.8989950218541121,0.36702020953018877,0.6290055759099886
BIF (hot),3523986,10,0.8910748400490311,0.3846044862962037,0.6344249292104595
BIF (hot),3523986,11,0.980467432971412,0.38741746359631596,0.6236527966291033
BIF (hot),3523986,12,0.980467432971412,0.42048102581741076,0.6616818887219532
BIF (hot),3523986,13,0.980467432971412,0.4221493479587964,0.6762817122695255
BIF (hot),3523986,14,0.980467432971412,0.4093765771015081,0.6810611609684858
BIF (hot),3523986,15,0.8910748400490311,0.40960196132752935,0.6480651695313769
BIF (hot),3523986,16,0.980467432971412,0.3775811734551925,0.635230707043146
BIF (hot),3523986,17,0.8910748400490311,0.36172755705390414,0.6340392099324428
BIF (hot),3523986,18,0.8910748400490311,0.3644785754431004,0.6129571473411779
BIF (hot),3523986,19,0.980467432971412,0.3593666128634078,0.6133563845092107
BIF (hot),3224638,0,0.9631863603265466,0.0,0.0
BIF (hot),3224638,1,0.9297860793089677,0.14983450010253946,0.45782407713403434
BIF (hot),3224638,2,0.0,0.43058843044427336,0.5278480209201684
BIF (hot),3224638,3,0.8899185609267019,0.4701668843079554,0.36163873382618233
BIF (hot),3224638,4,0.90166741286221,0.4712952026717922,0.3374853836665017
BIF (hot),3224638,5,0.8989950218541121,0.3063352201981541,0.31349681475333846
BIF (hot),3224638,6,0.9767183262625381,0.3541797456884143,0.3410328582201056
BIF (hot),3224638,7,0.8989950218541121,0.38972489838768337,0.4602256950143395
BIF (hot),3224638,8,0.8989950218541121,0.41025781124085886,0.49130134998406666
BIF (hot),3224638,9,0.9767183262625381,0.39256273873168807,0.48582419911221064
BIF (hot),3224638,10,0.9767183262625381,0.38833605762279066,0.5599213168389675
BIF (hot),3224638,11,0.9767183262625381,0.4018147574656686,0.5671669375876642
BIF (hot),3224638,12,0.9767183262625381,0.44316247475870363,0.5924558861270803
BIF (hot),3224638,13,0.9767183262625381,0.43867000767192965,0.5865641424638894
BIF (hot),3224638,14,0.9767183262625381,0.41874718592576915,0.5663285133724077
BIF (hot),3224638,15,0.973682607611791,0.466611836767549,0.5726243347733492
BIF (hot),3224638,16,0.973682607611791,0.4461392316521872,0.531188826640901
BIF (hot),3224638,17,0.9645750855293468,0.4486168601930131,0.5233996506233055
BIF (hot),3224638,18,0.9359810689116688,0.44541837997124284,0.5283205798881642
BIF (hot),3224638,19,0.9359810689116688,0.4746200976785902,0.5191034105484122
BIF (hot),9729091,0,0.33130251338931493,0.0,0.0
BIF (hot),9729091,1,0.9672534211605577,0.16693563552315188,0.5119025032720587
BIF (hot),9729091,2,0.9552609528449328,0.06852056972477702,0.46667686096712413
BIF (hot),9729091,3,0.8770190083617748,0.011948025483095181,0.2980781252372971
BIF (hot),9729091,4,0.8770190083617748,0.05084162592106959,0.24295807467328615
BIF (hot),9729091,5,0.956093000373373,0.16127871445184025,0.22381387802832253
BIF (hot),9729091,6,0.8893015050534222,0.021746619474388884,0.27775808918451284
BIF (hot),9729091,7,0.977226841172931,0.02611113160293677,0.42110026541944734
BIF (hot),9729091,8,0.9213238783514693,0.35775149566367326,0.45166114669134116
BIF (hot),9729091,9,0.8910748400490311,0.3982902570182109,0.6425328767599889
BIF (hot),9729091,10,0.9619812128074955,0.47050932203938695,0.6450286218389523
BIF (hot),9729091,11,0.8910748400490311,0.45827930657716265,0.6429014734340366
BIF (hot),9729091,12,0.8910748400490311,0.45763834493087974,0.6639652652721983
BIF (hot),9729091,13,0.8910748400490311,0.4758888575349745,0.6865045642225278
BIF (hot),9729091,14,0.9207298553964104,0.4471847508103254,0.6901707199308087
BIF (hot),9729091,15,0.9207298553964104,0.45370904704716414,0.6874893558690878
BIF (hot),9729091,16,0.9343166276953241,0.4012945391797332,0.6891464864112972
BIF (hot),9729091,17,0.9343166276953241,0.40463062632290175,0.7032450208025067
BIF (hot),9729091,18,0.8910748400490311,0.40337681926766367,0.7117607903894099
BIF (hot),9729091,19,0.8910748400490311,0.3927105675704842,0.7080728515404165
BIF (hot),5830471,0,0.5365199566523142,0.0,0.0
BIF (hot),5830471,1,0.8817488380891294,0.4097926673660025,0.33193084710708315
BIF (hot),5830471,2,0.8849716359597481,0.2389047197162075,0.3278627922813062
BIF (hot),5830471,3,0.9529270924793768,0.2926799108430277,0.2263752522113689
BIF (hot),5830471,4,0.9529270924793768,0.2694154189794203,0.2509151250358032
BIF (hot),5830471,5,0.9529270924793768,0.10783272149236768,0.16489195129687523
BIF (hot),5830471,6,0.9271782470410156,0.4471111072770234,0.14023023904323467
BIF (hot),5830471,7,0.8960678308524263,0.4527073895953876,0.6641989055549042
BIF (hot),5830471,8,0.9232668447985519,0.4553678041211225,0.6454572553821325
BIF (hot),5830471,9,0.9027901943994274,0.4563009155795032,0.6513482402441704
BIF (hot),5830471,10,0.9027901943994274,0.47171499961031393,0.6519396016919932
BIF (hot),5830471,11,0.9228853637547502,0.4739237402060982,0.6588157701874535
BIF (hot),5830471,12,0.9320679225580567,0.5028887932334013,0.6429789629449536
BIF (hot),5830471,13,0.9277939049626113,0.512455144622339,0.681705346746321
BIF (hot),5830471,14,0.9277939049626113,0.5142468965321282,0.7162644759982149
BIF (hot),5830471,15,0.9277939049626113,0.48963309617138706,0.715550416113878
BIF (hot),5830471,16,0.9277939049626113,0.4885411866909406,0.6759633897190449
BIF (hot),5830471,17,0.9277939049626113,0.49484792979609943,0.6792092107113497
BIF (hot),5830471,18,0.9277939049626113,0.4962155912575419,0.709002585830423
BIF (hot),5830471,19,0.9277939049626113,0.4867427902024979,0.713854557878765
BIF (hot),5343420,0,0.3621808429707235,0.0,0.0
BIF (hot),5343420,1,0.8692995191632016,0.31845382657103305,0.23746229936276153
BIF (hot),5343420,2,0.8849716359597481,0.16862215287692214,0.25977699602707716
BIF (hot),5343420,3,0.926554547568781,0.16597758696775153,0.5064807937652596
BIF (hot),5343420,4,0.926554547568781,0.20223612241011432,0.25121142347113246
BIF (hot),5343420,5,0.9361014791500433,0.3055434120570392,0.23560272400812343
BIF (hot),5343420,6,0.9361014791500433,0.30571768028971613,0.2564371644918038
BIF (hot),5343420,7,0.926554547568781,0.27138775025979633,0.2875126654977334
BIF (hot),5343420,8,0.926554547568781,0.3304425418683806,0.5402796807293937
BIF (hot),5343420,9,0.8950288199056391,0.3658985852019498,0.34052322496042847
BIF (hot),5343420,10,0.8950288199056391,0.3737419878315467,0.39614835519702896
BIF (hot),5343420,11,0.8950288199056391,0.3791110235634666,0.3594641850634646
BIF (hot),5343420,12,0.8950288199056391,0.365753517849031,0.3668659102899285
BIF (hot),5343420,13,0.9562127116359054,0.41381970419244707,0.35661690033680526
BIF (hot),5343420,14,0.8950288199056391,0.40311928644276557,0.3693095850577388
BIF (hot),5343420,15,0.8950288199056391,0.403942663996472,0.36106273255776306
BIF (hot),5343420,16,0.8950288199056391,0.48714787976939056,0.35960421539984005
BIF (hot),5343420,17,0.9180920137656435,0.483314319968458,0.38259828107967087
BIF (hot),5343420,18,0.896153345554005,0.48461938330987503,0.36585539394337985
BIF (hot),5343420,19,0.9180920137656435,0.5285319885289416,0.36412361394163223
BIF (hot),2417321,0,0.4862427441647766,0.0,0.0
BIF (hot),2417321,1,0.8692995191632016,0.2993353878562453,0.2643494207629207
BIF (hot),2417321,2,0.8966468491260778,0.2659183364235594,0.28709881307560076
BIF (hot),2417321,3,0.926554547568781,0.32474128771667465,0.4681261419547844
BIF (hot),2417321,4,0.926554547568781,0.3294113835008891,0.38138398537174417
BIF (hot),2417321,5,0.926554547568781,0.23549602083099586,0.27656797866004784
BIF (hot),2417321,6,0.926554547568781,0.518951151733765,0.30303132321123566
BIF (hot),2417321,7,0.9277939049626113,0.502435941826169,0.31973460717443597
BIF (hot),2417321,8,0.9588240321261545,0.5357215573175935,0.30386527990545165
BIF (hot),2417321,9,0.9070338564725935,0.5125297175664121,0.3029620296682028
BIF (hot),2417321,10,0.956093000373373,0.5266557037595122,0.32922214601913136
BIF (hot),2417321,11,0.9271782470410156,0.5282466597406749,0.3356134291972599
BIF (hot),2417321,12,0.9271782470410156,0.5269227846220809,0.34748878341143774
BIF (hot),2417321,13,0.9271782470410156,0.5395116610096131,0.35479805436593737
BIF (hot),2417321,14,0.9886053956781086,0.5422636395354987,0.315193480353751
BIF (hot),2417321,15,0.9886053956781086,0.5821356126137536,0.3385321110224423
BIF (hot),2417321,16,0.9803463304141085,0.5912587688629148,0.3580695161234248
BIF (hot),2417321,17,0.9729584020703957,0.586424298917546,0.3667851525903425
BIF (hot),2417321,18,0.9719193844666958,0.5858005449400505,0.3795834491703998
BIF (hot),2417321,19,0.9719193844666958,0.5762591988865691,0.37700383218664574
BIF (hot),9891788,0,0.9766642321892834,0.0,0.0
BIF (hot),9891788,1,0.0,0.0671609121820349,0.3412434527232807
BIF (hot),9891788,2,0.8807468262635766,0.3298433457794637,0.4434375969213607
BIF (hot),9891788,3,0.8849716359597481,0.350965348924484,0.3339706932311344
BIF (hot),9891788,4,0.8849716359597481,0.41082850234783297,0.5768790250224969
BIF (hot),9891788,5,0.8849716359597481,0.31768674421693927,0.5488386109250128
BIF (hot),9891788,6,0.8992414208237711,0.43929494272151054,0.5224768851735762
BIF (hot),9891788,7,0.8989950218541121,0.45251646543518786,0.44455352283173516
BIF (hot),9891788,8,0.8989950218541121,0.45792299352855426,0.4572736427372385
BIF (hot),9891788,9,0.973682607611791,0.4547677248591565,0.4810188466510865
BIF (hot),9891788,10,0.973682607611791,0.4494672737663006,0.4624957162998401
BIF (hot),9891788,11,0.973682607611791,0.4436601604802381,0.5254794181303694
BIF (hot),9891788,12,0.973682607611791,0.4379081714235551,0.49265401711577983
BIF (hot),9891788,13,0.973682607611791,0.43625984341706264,0.4994536794367316
BIF (hot),9891788,14,0.973682607611791,0.391123328901871,0.5073926931826209
BIF (hot),9891788,15,0.8989950218541121,0.39449026429773776,0.5658348797621483
BIF (hot),9891788,16,0.8989950218541121,0.3965737294765539,0.5385858813269856
BIF (hot),9891788,17,0.8989950218541121,0.4460437096232247,0.5163929356463843
BIF (hot),9891788,18,0.8910748400490311,0.4639837147796712,0.5289059890509191
BIF (hot),9891788,19,0.8910748400490311,0.45887282197434864,0.5617998413489742
BIF (hot),9314146,0,0.46378860456888954,0.0,0.0
BIF (hot),9314146,1,0.9299138121514008,0.011561843741533908,0.1581909574410554
BIF (hot),9314146,2,0.9401933170134235,0.27789072306658663,0.24210156447972703
BIF (hot),9314146,3,0.8810019457889781,0.33137174983701884,0.24709827688988134
BIF (hot),9314146,4,0.8982603383320003,0.3710197303020966,0.3358492816867687
BIF (hot),9314146,5,0.8982603383320003,0.4050369425530005,0.40201528032886186
BIF (hot),9314146,6,0.9619812128074955,0.44278494362598636,0.38998443056243315
BIF (hot),9314146,7,0.9619812128074955,0.47419216984353224,0.3753667244990928
BIF (hot),9314146,8,0.9619812128074955,0.4745832622911185,0.3407281849747835
BIF (hot),9314146,9,0.9619812128074955,0.4707088258774618,0.3709126299121148
BIF (hot),9314146,10,0.9619812128074955,0.4729011366411696,0.35144087545182184
BIF (hot),9314146,11,0.9619812128074955,0.5058349195242511,0.32055335249653066
BIF (hot),9314146,12,0.9619812128074955,0.4736033558769927,0.3009213815112532
BIF (hot),9314146,13,0.9619812128074955,0.48451683829088654,0.3077224786807353
BIF (hot),9314146,14,0.9696944245373166,0.4991093987973352,0.31122131709509054
BIF (hot),9314146,15,0.9619812128074955,0.45434300575460806,0.3072679998494735
BIF (hot),9314146,16,0.9757435345533448,0.43743486844909946,0.3212412681096011
BIF (hot),9314146,17,0.9752322237395842,0.4655549277846983,0.3240846094037492
BIF (hot),9314146,18,0.9757435345533448,0.4126698865476203,0.3716793262475744
BIF (hot),9314146,19,0.9757435345533448,0.4492309961727272,0.35179182825731165
BIF (hot),9488226,0,0.2894494908872988,0.0,0.0
BIF (hot),9488226,1,0.9401933170134235,0.034357661206465835,0.22206000012807553
BIF (hot),9488226,2,0.9299138121514008,0.1370275329000931,0.24405300400391583
BIF (hot),9488226,3,0.926554547568781,0.4390133494227637,0.3710792946547592
BIF (hot),9488226,4,0.8810019457889781,0.442472278891519,0.2686290026560184
BIF (hot),9488226,5,0.8810019457889781,0.42003875461420437,0.26702861430239844
BIF (hot),9488226,6,0.8982603383320003,0.42273677510010577,0.38471216842911166
BIF (hot),9488226,7,0.8982603383320003,0.4920378651901363,0.42477104322558745
BIF (hot),9488226,8,0.8833368579467535,0.467911607351622,0.4575476423381947
BIF (hot),9488226,9,0.8976635327873991,0.479300441477643,0.5158970461673914
BIF (hot),9488226,10,0.8976635327873991,0.4852947849282961,0.4973780353355919
BIF (hot),9488226,11,0.8976635327873991,0.4950485616513527,0.5520395566431993
BIF (hot),9488226,12,0.8976635327873991,0.49479960883957147,0.6012602553230231
BIF (hot),9488226,13,0.896907560458215,0.49151623787424936,0.5946544108400567
BIF (hot),9488226,14,0.896907560458215,0.5185477002066861,0.6031677096363608
BIF (hot),9488226,15,0.896907560458215,0.5190725905393233,0.5678514468275877
BIF (hot),9488226,16,0.9018112154920952,0.5270085245099237,0.5536197941975678
BIF (hot),9488226,17,0.9697076851075754,0.5359507582556218,0.6180142331788995
BIF (hot),9488226,18,0.9697076851075754,0.5384362014698526,0.6243301293525114
BIF (hot),9488226,19,0.9697076851075754,0.5369416678331871,0.6040694398958846
BIF (hot),2697408,0,0.9399280723236827,0.0,0.0
BIF (hot),2697408,1,0.446665267472359,0.030210903380970485,0.4080252636632098
BIF (hot),2697408,2,0.511070898624112,0.11269432965644052,0.37927820357113584
BIF (hot),2697408,3,0.9672534211605577,0.1408498437846286,0.37872275210938217
BIF (hot),2697408,4,0.8770190083617748,0.43250438282118286,0.5471406398880821
BIF (hot),2697408,5,0.8770190083617748,0.3665408304059969,0.5332491443465902
BIF (hot),2697408,6,0.8910748400490311,0.37477541377625956,0.36508935628008166
BIF (hot),2697408,7,0.8910748400490311,0.41898644873732804,0.3415067178059502
BIF (hot),2697408,8,0.8910748400490311,0.4270630654823013,0.3427935796583681
BIF (hot),2697408,9,0.8910748400490311,0.5182054236589898,0.34133725453860203
BIF (hot),2697408,10,0.8770190083617748,0.5069865883949248,0.4456615911531232
BIF (hot),2697408,11,0.8770190083617748,0.5453446903853852,0.45340238907580727
BIF (hot),2697408,12,0.8770190083617748,0.5509449411851304,0.3690477424645285
BIF (hot),2697408,13,0.8992414208237711,0.5584710143939554,0.37974985274370426
BIF (hot),2697408,14,0.8992414208237711,0.5679176994037551,0.3665554947360975
BIF (hot),2697408,15,0.9588240321261545,0.5726201857802016,0.36937900697295406
BIF (hot),2697408,16,0.9588240321261545,0.5733662774456458,0.3958725241491856
BIF (hot),2697408,17,0.9588240321261545,0.5760272521935643,0.4073716814100771
BIF (hot),2697408,18,0.9588240321261545,0.5795108227808834,0.41828263914242597
BIF (hot),2697408,19,0.9588240321261545,0.5778311244694305,0.42582222856300017
BIF (hot),5135059,0,0.28363944392304546,0.0,0.0
BIF (hot),5135059,1,0.9382793281076746,9.44718758014531e-05,0.541325240279103
BIF (hot),5135059,2,0.8363675985581234,0.13306174610942517,0.5725513840214624
BIF (hot),5135059,3,0.9713826043046367,0.16006009196615775,0.5510664982757264
BIF (hot),5135059,4,0.9665679521946323,0.1513105347345584,0.5373686670171859
BIF (hot),5135059,5,0.8950288199056391,0.4503559877696537,0.4550221942419293
BIF (hot),5135059,6,0.8898494488582143,0.4475188470760591,0.33127034587083326
BIF (hot),5135059,7,0.8898494488582143,0.4818122641643482,0.35600580587413955
BIF (hot),5135059,8,0.90166741286221,0.45855684227756266,0.35600202142128384
BIF (hot),5135059,9,0.90166741286221,0.5013776995360788,0.3504732705804444
BIF (hot),5135059,10,0.8931259946426231,0.4908992393406215,0.35783581079213783
BIF (hot),5135059,11,0.8931259946426231,0.505790388387059,0.3389890108735778
BIF (hot),5135059,12,0.8931259946426231,0.5145077154975632,0.3558402629366947
BIF (hot),5135059,13,0.8931259946426231,0.5313865138317834,0.347749349743289
BIF (hot),5135059,14,0.9588240321261545,0.5314950465996572,0.42971067094513804
BIF (hot),5135059,15,0.9588240321261545,0.5274061634214895,0.41672776240674814
BIF (hot),5135059,16,0.9588240321261545,0.5282634312631072,0.41938704662039866
BIF (hot),5135059,17,0.9588240321261545,0.5361378274480826,0.41129226734089774
BIF (hot),5135059,18,0.9588240321261545,0.5313507689074537,0.4390850583794144
BIF (hot),5135059,19,0.9588240321261545,0.5213248530263284,0.43830732473229167
BIF (hot),6813578,0,0.7052842520396647,0.0,0.0
BIF (hot),6813578,1,0.8692995191632016,0.29834193392734254,0.004005165982237133
BIF (hot),6813578,2,0.8966468491260778,0.2927839127057945,0.017509141089478212
BIF (hot),6813578,3,0.8950288199056391,0.22903034551768195,0.19659695382694303
BIF (hot),6813578,4,0.8899185609267019,0.4301567189594484,0.35094193470062957
BIF (hot),6813578,5,0.8898494488582143,0.09911960034850925,0.32933976206845894
BIF (hot),6813578,6,0.9588240321261545,0.30626982006646153,0.33539009070922393
BIF (hot),6813578,7,0.9588240321261545,0.3690028747860172,0.4600325976696852
BIF (hot),6813578,8,0.8898494488582143,0.39122031814603253,0.5204036935011189
BIF (hot),6813578,9,0.9027901943994274,0.38122966976637535,0.4181533506547426
BIF (hot),6813578,10,0.9027901943994274,0.12913759877926576,0.477633217335437
BIF (hot),6813578,11,0.9673658031621187,0.139687169445164,0.558076095718457
BIF (hot),6813578,12,0.9673658031621187,0.2743409206768372,0.5400081752653765
BIF (hot),6813578,13,0.9927977495960186,0.2806739232159811,0.5160303092872033
BIF (hot),6813578,14,0.9927977495960186,0.2764973831005388,0.532861266380266
BIF (hot),6813578,15,0.9927977495960186,0.2782080536238681,0.5174773368212024
BIF (hot),6813578,16,0.9927977495960186,0.26653154345633245,0.49739632388139376
BIF (hot),6813578,17,0.9927977495960186,0.2648255896691265,0.4886611320675725
BIF (hot),6813578,18,0.9927977495960186,0.4752799555352477,0.45555160757925184
BIF (hot),6813578,19,0.9619812128074955,0.47168441596835514,0.5670854091105275
BIF (hot),430826,0,0.42382055348981196,0.0,0.0
BIF (hot),430826,1,0.8817488380891294,0.4001561289907264,0.3047279703685592
BIF (hot),430826,2,0.8692995191632016,0.1954957317271958,0.27475187660490435
BIF (hot),430826,3,0.8770190083617748,0.12502161318815458,0.038599043682492645
BIF (hot),430826,4,0.9927977495960186,0.2252386650278746,0.12863824671596652
BIF (hot),430826,5,0.9706374561156339,0.20354272723560674,0.13321667730643083
BIF (hot),430826,6,0.8910748400490311,0.38831543465160184,0.11364785268647146
BIF (hot),430826,7,0.8989950218541121,0.38588095148174273,0.25467321069036214
BIF (hot),430826,8,0.8989950218541121,0.40872676616277587,0.24777764925746254
BIF (hot),430826,9,0.9672171210151653,0.4398656999923024,0.36530885320154394
BIF (hot),430826,10,0.9672171210151653,0.4753921745697858,0.438558258899366
BIF (hot),430826,11,0.9620248422138591,0.4744436152094133,0.4343115179317927
BIF (hot),430826,12,0.9620248422138591,0.48310368634215317,0.4551137200449376
BIF (hot),430826,13,0.9620248422138591,0.4635988779306277,0.46620724133909297
BIF (hot),430826,14,0.9620248422138591,0.510591810692086,0.46517753174298965
BIF (hot),430826,15,0.9620248422138591,0.4763011061511048,0.45116650614124304
BIF (hot),430826,16,0.9670806543031643,0.4818551301899194,0.48251762249772845
BIF (hot),430826,17,0.9588240321261545,0.48395282804261924,0.4792946540276638
BIF (hot),430826,18,0.9589095401708206,0.4844999304700146,0.5457757475919911
BIF (hot),430826,19,0.9589095401708206,0.5088919227600573,0.5426841341721377
BIF (hot),6192331,0,0.9868543879679657,0.0,0.0
BIF (hot),6192331,1,0.9297860793089677,0.0211385624187556,0.0984265092594444
BIF (hot),6192331,2,0.732502451208424,0.19603518094087724,0.23806244972656015
BIF (hot),6192331,3,0.974519541314212,0.023924318894057432,0.172558843855571
BIF (hot),6192331,4,0.732502451208424,0.038568681719814556,0.11027261013610393
BIF (hot),6192331,5,0.9680945420611176,0.06538710983159102,0.4009340381282725
BIF (hot),6192331,6,0.9680945420611176,0.09433273903570563,0.3755304166962258
BIF (hot),6192331,7,0.9680945420611176,0.15349970965217336,0.3475221861046103
BIF (hot),6192331,8,0.9610978604522558,0.16783232549677624,0.39612257516933547
BIF (hot),6192331,9,0.9610978604522558,0.1737113423531911,0.3854494712553982
BIF (hot),6192331,10,0.9610978604522558,0.19290349894989747,0.3572668486932155
BIF (hot),6192331,11,0.9610978604522558,0.25150022291229546,0.2871973780138167
BIF (hot),6192331,12,0.9610978604522558,0.295265678889133,0.34309955364043654
BIF (hot),6192331,13,0.9610978604522558,0.30616044791208274,0.4135395445032487
BIF (hot),6192331,14,0.9610978604522558,0.3587911439913281,0.41833457696661785
BIF (hot),6192331,15,0.9610978604522558,0.3634417505800155,0.4783315594035877
BIF (hot),6192331,16,0.9548843646320248,0.37394918958119067,0.4343986255754448
BIF (hot),6192331,17,0.9610978604522558,0.34097428853335165,0.43804908956069377
BIF (hot),6192331,18,0.9548843646320248,0.38837246021329497,0.44288989236176013
BIF (hot),6192331,19,0.9548843646320248,0.37029933284057504,0.4212293632861711
BIF (hot),8026546,0,0.9454906552122322,0.0,0.0
BIF (hot),8026546,1,0.9909144723573827,0.007835834722306746,0.09934916347739774
BIF (hot),8026546,2,0.8363675985581234,0.09424674148023104,0.07142588043882336
BIF (hot),8026546,3,0.9588240321261545,0.3495020067151194,0.006819990443244317
BIF (hot),8026546,4,0.9672534211605577,0.36198759611629533,0.050645709835240686
BIF (hot),8026546,5,0.9710196294783648,0.3829254534123892,0.24857505523698253
BIF (hot),8026546,6,0.8910748400490311,0.3819266398920024,0.23205533365691164
BIF (hot),8026546,7,0.8910748400490311,0.504923823607608,0.24900836104755028
BIF (hot),8026546,8,0.8989950218541121,0.5013130478321783,0.27432246388613307
BIF (hot),8026546,9,0.8989950218541121,0.5081483687578483,0.3102848239482907
BIF (hot),8026546,10,0.8989950218541121,0.4941482340249696,0.3621286367006288
BIF (hot),8026546,11,0.9672171210151653,0.5724797102913974,0.3518901427713466
BIF (hot),8026546,12,0.9620248422138591,0.5822951862130041,0.2863596333623776
BIF (hot),8026546,13,0.9620248422138591,0.5744544712697469,0.2982153782427463
BIF (hot),8026546,14,0.9588240321261545,0.5804715052627065,0.31665358579836217
BIF (hot),8026546,15,0.9588240321261545,0.5817103006116496,0.3072319533476448
BIF (hot),8026546,16,0.9588240321261545,0.5793475167477734,0.33033012028412084
BIF (hot),8026546,17,0.9588240321261545,0.5855487079517008,0.3096525245266396
BIF (hot),8026546,18,0.9588240321261545,0.5793058842072518,0.2559487959252006
BIF (hot),8026546,19,0.9723587939655138,0.5706303938124657,0.2578528086849162
BIF (hot),6735254,0,0.4275738274260866,0.0,0.0
BIF (hot),6735254,1,0.9647593621889378,0.15257107528887476,0.3554103701845256
BIF (hot),6735254,2,0.9449967988237821,0.16048255493213415,0.31366078235389006
BIF (hot),6735254,3,0.8898494488582143,0.13624851039592703,0.2730505774649852
BIF (hot),6735254,4,0.9927977495960186,0.26273676301012927,0.29453200805477964
BIF (hot),6735254,5,0.9588240321261545,0.26071927804979633,0.35924500862415054
BIF (hot),6735254,6,0.9271782470410156,0.3693360562876218,0.4684904509393091
BIF (hot),6735254,7,0.8770190083617748,0.2387113188136154,0.48537649845880215
BIF (hot),6735254,8,0.9271782470410156,0.36612586847975387,0.46439414708536036
BIF (hot),6735254,9,0.9271782470410156,0.38112659515127734,0.501348259935614
BIF (hot),6735254,10,0.9271782470410156,0.38622442059805007,0.49257444886747026
BIF (hot),6735254,11,0.9271782470410156,0.43699658382138296,0.47357229173924253
BIF (hot),6735254,12,0.9271782470410156,0.5468442308151513,0.6733328341658531
BIF (hot),6735254,13,0.9359810689116688,0.5561903791774688,0.4792646056030597
BIF (hot),6735254,14,0.9359810689116688,0.5540886956316045,0.47707913453324946
BIF (hot),6735254,15,0.9359810689116688,0.5542561343410944,0.41641469592257163
BIF (hot),6735254,16,0.9359810689116688,0.5549247762921012,0.42475604805739564
BIF (hot),6735254,17,0.9359810689116688,0.5532332134522971,0.5400632807603825
BIF (hot),6735254,18,0.9359810689116688,0.56207615033762,0.5431575592482127
BIF (hot),6735254,19,0.9359810689116688,0.5387618028969126,0.5481521710374984
BIF (hot),1112898,0,0.9464396247567497,0.0,0.0
BIF (hot),1112898,1,0.9525152559132957,0.005471842113402484,0.19043548456340045
BIF (hot),1112898,2,0.9653122054815363,0.3259261473379907,0.25307724165876455
BIF (hot),1112898,3,0.8849716359597481,0.31486495589695335,0.4876355799334252
BIF (hot),1112898,4,0.8898494488582143,0.32692673573625763,0.53809628387396
BIF (hot),1112898,5,0.8898494488582143,0.35300767122170906,0.5386461755049049
BIF (hot),1112898,6,0.9670806543031643,0.37069382117490607,0.5065508191653154
BIF (hot),1112898,7,0.9672171210151653,0.3308115107621761,0.4606431954617828
BIF (hot),1112898,8,0.9672171210151653,0.3666148463314172,0.4550717808435226
BIF (hot),1112898,9,0.9672171210151653,0.35808729529977684,0.47022158800628466
BIF (hot),1112898,10,0.9672171210151653,0.3496039342140301,0.4880040799580883
BIF (hot),1112898,11,0.9716551849122617,0.37056228640282096,0.4822608845125298
BIF (hot),1112898,12,0.9716551849122617,0.3936059525538676,0.585011989945997
BIF (hot),1112898,13,0.9716551849122617,0.3986714356872301,0.5939029756986782
BIF (hot),1112898,14,0.9780819282765045,0.39782014314905445,0.5939902041078413
BIF (hot),1112898,15,0.9780819282765045,0.4003067999926996,0.6140656629051371
BIF (hot),1112898,16,0.9780819282765045,0.4027150860797722,0.6205716698334841
BIF (hot),1112898,17,0.9780819282765045,0.4148965899051071,0.6296148323169903
BIF (hot),1112898,18,0.9780819282765045,0.40350505284894284,0.6450952508466012
BIF (hot),1112898,19,0.9780819282765045,0.4109598795573289,0.641185303836026
BIF (hot),5609958,0,0.9296311063794367,0.0,0.0
BIF (hot),5609958,1,0.9525152559132957,0.09881718674762648,0.19038203659734548
BIF (hot),5609958,2,0.5786878245011988,0.36924452191039125,0.2856160027275234
BIF (hot),5609958,3,0.9586962926268088,0.3709168242011584,0.27117331680727286
BIF (hot),5609958,4,0.9586962926268088,0.44229125910087314,0.2704787278852876
BIF (hot),5609958,5,0.9617923961333882,0.4590405275048473,0.22480766066497457
BIF (hot),5609958,6,0.8938065707776547,0.38916890208579386,0.2745713190296908
BIF (hot),5609958,7,0.9604703332551723,0.3912885692377627,0.26692689822054283
BIF (hot),5609958,8,0.9604703332551723,0.4645966086378734,0.3296307791020521
BIF (hot),5609958,9,0.9547416204512715,0.46850916448083085,0.2622340652105999
BIF (hot),5609958,10,0.9547416204512715,0.4812892517191521,0.3357309837254309
BIF (hot),5609958,11,0.9547416204512715,0.4095887345875433,0.34137536961510506
BIF (hot),5609958,12,0.9547416204512715,0.39172927640769634,0.34630285152310875
BIF (hot),5609958,13,0.9547416204512715,0.3963784421393662,0.36415487265750196
BIF (hot),5609958,14,0.9547416204512715,0.40395265021417004,0.39102626431953164
BIF (hot),5609958,15,0.9547416204512715,0.38603290542762303,0.3846773617603878
BIF (hot),5609958,16,0.9547416204512715,0.37932940154139194,0.3674671591860513
BIF (hot),5609958,17,0.9547416204512715,0.44898126457312815,0.42407858874497173
BIF (hot),5609958,18,0.9547416204512715,0.44534371880226786,0.38445834372100246
BIF (hot),5609958,19,0.9547416204512715,0.4240122217220766,0.38529816029800346
BIF (hot),4736968,0,0.9761627003803973,0.0,0.0
BIF (hot),4736968,1,0.9297860793089677,0.13306318532035663,0.469800628057524
BIF (hot),4736968,2,0.0,0.38461275420591146,0.5664339663705069
BIF (hot),4736968,3,0.963967802004029,0.4514008748077657,0.4916704383314981
BIF (hot),4736968,4,0.9670806543031643,0.49243172864565693,0.46532421611959973
BIF (hot),4736968,5,0.90166741286221,0.48515947733114195,0.48102465253370796
BIF (hot),4736968,6,0.8898494488582143,0.4941202935029229,0.4462863725280158
BIF (hot),4736968,7,0.93489005416224,0.48731245988846417,0.5317367281343504
BIF (hot),4736968,8,0.93489005416224,0.515596161426898,0.5294724832522283
BIF (hot),4736968,9,0.9322609330872157,0.5064271737761318,0.5383195188540716
BIF (hot),4736968,10,0.9361014791500433,0.4949796120989082,0.36462704768588805
BIF (hot),4736968,11,0.9529270924793768,0.4887307793306084,0.34792279999093845
BIF (hot),4736968,12,0.9529270924793768,0.5241142397639398,0.35238521332071004
BIF (hot),4736968,13,0.8893015050534222,0.5391189718581538,0.3612415048043293
BIF (hot),4736968,14,0.9337201549963619,0.5570234308684859,0.3613978172830981
BIF (hot),4736968,15,0.8927246360572586,0.5581584748140864,0.3729990694705786
BIF (hot),4736968,16,0.8910748400490311,0.5609459687018288,0.3734523629318848
BIF (hot),4736968,17,0.8910748400490311,0.5527877312757185,0.4391857166295361
BIF (hot),4736968,18,0.8799154710540656,0.54897749773572,0.3699521257753054
BIF (hot),4736968,19,0.8799154710540656,0.5509657359030131,0.36868010648347727
BIF (hot),617977,0,0.0,0.0,0.0
BIF (hot),617977,1,0.9401933170134235,0.07470895384557794,0.14183480845541913
BIF (hot),617977,2,0.9309004731360817,0.10953657862619365,0.16555188754949435
BIF (hot),617977,3,0.9361014791500433,0.14148601534729197,0.2002912675982954
BIF (hot),617977,4,0.9361014791500433,0.2808622708137254,0.2094131073810831
BIF (hot),617977,5,0.926554547568781,0.3894136291218724,0.5556591464273397
BIF (hot),617977,6,0.8824793277561895,0.4109728302957225,0.5411051666415787
BIF (hot),617977,7,0.8824793277561895,0.4260377415214756,0.5074148050421057
BIF (hot),617977,8,0.8824793277561895,0.4392011880296199,0.4778451286154357
BIF (hot),617977,9,0.8824793277561895,0.4370589555057538,0.5018304897067316
BIF (hot),617977,10,0.8989950218541121,0.4400452137554085,0.49890069141552074
BIF (hot),617977,11,0.8989950218541121,0.4590016333956911,0.5363442796401192
BIF (hot),617977,12,0.8898494488582143,0.48119665108543225,0.40007097735999086
BIF (hot),617977,13,0.8898494488582143,0.45856579585677126,0.4090496904247433
BIF (hot),617977,14,0.8898494488582143,0.4767473497194603,0.4764343410563939
BIF (hot),617977,15,0.9658936601852656,0.4749058409335968,0.47007741652732016
BIF (hot),617977,16,0.9502588820125051,0.5012469860172195,0.3998176172398017
BIF (hot),617977,17,0.9538823461495591,0.503972039020741,0.5044694818528681
BIF (hot),617977,18,0.9538823461495591,0.4978939418353077,0.44729327319449447
BIF (hot),617977,19,0.9550368811607398,0.48584284584535037,0.43646578307462885
BIF (hot),8500888,0,0.8982603383320003,0.0,0.0
BIF (hot),8500888,1,0.6662013040838882,0.10033995189406879,0.11537025214441202
BIF (hot),8500888,2,0.31743935938557866,0.40193055095234287,0.1655148914906819
BIF (hot),8500888,3,0.898130155745664,0.21233994330951775,0.15994079640484637
BIF (hot),8500888,4,0.9680945420611176,0.07800016270740469,0.1759813733409957
BIF (hot),8500888,5,0.9310194854227722,0.10658945073711014,0.3588726622317562
BIF (hot),8500888,6,0.8686360379801904,0.14911810280492233,0.3827682563856375
BIF (hot),8500888,7,0.8686360379801904,0.22402038688698736,0.3613284410989418
BIF (hot),8500888,8,0.956093000373373,0.3197464341429031,0.25600110727953773
BIF (hot),8500888,9,0.9868543879679657,0.4063704346483642,0.3026916578460367
BIF (hot),8500888,10,0.9672534211605577,0.42718308705031843,0.4369224500963802
BIF (hot),8500888,11,0.9868543879679657,0.43715306273074844,0.41519070723240525
BIF (hot),8500888,12,0.9343166276953241,0.4320189940763878,0.3462771771266374
BIF (hot),8500888,13,0.980467432971412,0.40358192397157977,0.3111406033953542
BIF (hot),8500888,14,0.980467432971412,0.4314869275030484,0.31399986097111837
BIF (hot),8500888,15,0.9665679521946323,0.4362853125376976,0.3348049303417821
BIF (hot),8500888,16,0.9665679521946323,0.4271364590708866,0.3262827376406067
BIF (hot),8500888,17,0.9665679521946323,0.4282054062978501,0.32400378543628583
BIF (hot),8500888,18,0.9640201519661352,0.4170764479269354,0.30565760250150675
BIF (hot),8500888,19,0.9359810689116688,0.39938973644995573,0.2942988953813645
BIF (hot),4205117,0,0.9639346439214691,0.0,0.0
BIF (hot),4205117,1,0.9310488024666578,0.011326380194193417,0.3690075887357419
BIF (hot),4205117,2,0.9297860793089677,0.09667073903289018,0.3783121440151812
BIF (hot),4205117,3,0.5957905517957608,0.11095706452718351,0.4940627607059801
BIF (hot),4205117,4,0.939378024934452,0.11435682762865375,0.19170568817408715
BIF (hot),4205117,5,0.9245428418403264,0.12109035368739811,0.1682662033090914
BIF (hot),4205117,6,0.9527787631488007,0.26378581041955657,0.178627856794169
BIF (hot),4205117,7,0.9749879150405382,0.2917209315649971,0.07208839541191296
BIF (hot),4205117,8,0.9749879150405382,0.24119532864654905,0.026457168787621006
BIF (hot),4205117,9,0.9464396247567497,0.22365946009268425,0.0030750363537349877
BIF (hot),4205117,10,0.9459157523485722,0.21555000885543305,0.003350674555205431
BIF (hot),4205117,11,0.958115184082544,0.4530340443876336,0.023020650205850812
BIF (hot),4205117,12,0.9590809090765302,0.43173113144084924,0.26676002250838193
BIF (hot),4205117,13,0.9834542965392628,0.41419264985382026,0.1783482510631127
BIF (hot),4205117,14,0.98380191386775,0.4194289017051026,0.1505997177405621
BIF (hot),4205117,15,0.9795254465284013,0.41910751888451314,0.19181611861372921
BIF (hot),4205117,16,0.98380191386775,0.42082038131570737,0.1949001166276394
BIF (hot),4205117,17,0.98380191386775,0.4274365231763351,0.18959474841300436
BIF (hot),4205117,18,0.9721664890691095,0.4282598813881973,0.22254412674940402
BIF (hot),4205117,19,0.9908928307339332,0.43122246224200433,0.22359918936629186
BIF (hot),756214,0,0.9786864158984545,0.0,0.0
BIF (hot),756214,1,0.9382793281076746,0.013060333999878817,0.22895551164760602
BIF (hot),756214,2,0.732502451208424,0.07724523539703343,0.4096723379853675
BIF (hot),756214,3,0.9387826040277092,0.11838510215431793,0.2538121643814091
BIF (hot),756214,4,0.9304729262558386,0.0927972006566118,0.22871021906653663
BIF (hot),756214,5,0.964392200164527,0.36748802094771715,0.22259227169379342
BIF (hot),756214,6,0.9739974130171829,0.43179786699098965,0.2902932878477114
BIF (hot),756214,7,0.9618196229066606,0.4126157727686129,0.44164378861349407
BIF (hot),756214,8,0.8989950218541121,0.42051973229384926,0.5432597192280342
BIF (hot),756214,9,0.8989950218541121,0.42398757878597826,0.5500302337231635
BIF (hot),756214,10,0.9658936601852656,0.44216275466207405,0.6078854838958099
BIF (hot),756214,11,0.9658936601852656,0.42925232142722064,0.6130504542510554
BIF (hot),756214,12,0.9588240321261545,0.4322921123577232,0.6258127775670925
BIF (hot),756214,13,0.9619812128074955,0.44305357514456073,0.6503614279032448
BIF (hot),756214,14,0.9619812128074955,0.4440304517052302,0.6572920973872559
BIF (hot),756214,15,0.9619812128074955,0.41899063148725313,0.6372234988177474
BIF (hot),756214,16,0.9619812128074955,0.4098668090180109,0.6058167178019269
BIF (hot),756214,17,0.9619812128074955,0.5710580732237555,0.5743158173230987
BIF (hot),756214,18,0.9706374561156339,0.509590721019263,0.5613073467762637
BIF (hot),756214,19,0.9984444459060067,0.509842979652897,0.365590434923054
BIF (hot),4283694,0,0.4445411797423434,0.0,0.0
BIF (hot),4283694,1,0.9449967988237821,0.14614177387203472,0.2513169304821278
BIF (hot),4283694,2,0.9647593621889378,0.1040254742323229,0.2523589940022649
BIF (hot),4283694,3,0.9680945420611176,0.21035175275512558,0.4049489225555035
BIF (hot),4283694,4,0.9588240321261545,0.20763478589159168,0.3814296343872718
BIF (hot),4283694,5,0.9588240321261545,0.21363607272526258,0.28260558950842907
BIF (hot),4283694,6,0.9588240321261545,0.3473257188556571,0.33663832211838896
BIF (hot),4283694,7,0.9588240321261545,0.36545726008587714,0.259711528552026
BIF (hot),4283694,8,0.9588240321261545,0.4261074088402315,0.23767510261744373
BIF (hot),4283694,9,0.9588240321261545,0.5141706488010308,0.3086037466278739
BIF (hot),4283694,10,0.8898494488582143,0.5064711649220339,0.34447979313998484
BIF (hot),4283694,11,0.8898494488582143,0.48374984452820796,0.32713486900290306
BIF (hot),4283694,12,0.9588240321261545,0.4948265391398139,0.368961887282487
BIF (hot),4283694,13,0.9588240321261545,0.4950185973284544,0.33099145252821166
BIF (hot),4283694,14,0.9548843646320248,0.4891781264413267,0.3278185712611435
BIF (hot),4283694,15,0.9716551849122617,0.49984612286641433,0.3080006949686722
BIF (hot),4283694,16,0.9871147531406382,0.5008145574636543,0.30243888176697753
BIF (hot),4283694,17,0.9716551849122617,0.5101238939018251,0.3055767784195282
BIF (hot),4283694,18,0.9232668447985519,0.5072254205652195,0.420275567705608
BIF (hot),4283694,19,0.9232668447985519,0.5122272235194371,0.4031005348857859
BIF (hot),7449696,0,0.9483769993970967,0.0,0.0
BIF (hot),7449696,1,0.446665267472359,0.006974382041278117,0.13250857962501522
BIF (hot),7449696,2,0.8363675985581234,0.25609293197105526,0.1851806022763565
BIF (hot),7449696,3,0.9552609528449328,0.288881149686703,0.4470547827365374
BIF (hot),7449696,4,0.8950288199056391,0.3347382077157293,0.48039957491193064
BIF (hot),7449696,5,0.9103491321755595,0.3243419378586837,0.38692011857866393
BIF (hot),7449696,6,0.9103491321755595,0.299759949592079,0.4294319001647813
BIF (hot),7449696,7,0.9228853637547502,0.35348670473615,0.281699446577325
BIF (hot),7449696,8,0.9027901943994274,0.34746989093402303,0.28351890408888064
BIF (hot),7449696,9,0.9232668447985519,0.341288491628346,0.2893189402324302
BIF (hot),7449696,10,0.9232668447985519,0.4355859468025692,0.2990272189662734
BIF (hot),7449696,11,0.9232668447985519,0.5018248913055493,0.2933005973165273
BIF (hot),7449696,12,0.9070338564725935,0.5158875409795076,0.34193840609400383
BIF (hot),7449696,13,0.8977699768227599,0.5243136052079139,0.3829132027786456
BIF (hot),7449696,14,0.9070338564725935,0.49373670995338187,0.353024974958361
BIF (hot),7449696,15,0.8939161701896735,0.49306330036523077,0.3199036920375386
BIF (hot),7449696,16,0.8939161701896735,0.5168561570102557,0.31456529651936926
BIF (hot),7449696,17,0.9070338564725935,0.548049489852373,0.3410141372853914
BIF (hot),7449696,18,0.9070338564725935,0.5569537811033924,0.3827953689682021
BIF (hot),7449696,19,0.9596892377371545,0.5373820286110663,0.35625711815399735
BIF (hot),9848369,0,0.6727701059668678,0.0,0.0
BIF (hot),9848369,1,0.8817488380891294,0.41112546660357496,0.12037089494725499
BIF (hot),9848369,2,0.8966468491260778,0.3370678724368078,0.28030101776813376
BIF (hot),9848369,3,0.9207298553964104,0.4084757576190568,0.34930210673848355
BIF (hot),9848369,4,0.8910748400490311,0.42175465134223805,0.1484585005686136
BIF (hot),9848369,5,0.8910748400490311,0.43637612920974267,0.1551280466240944
BIF (hot),9848369,6,0.8910748400490311,0.3211084839492049,0.37717432471564205
BIF (hot),9848369,7,0.9672171210151653,0.31589235262492893,0.45083588750511455
BIF (hot),9848369,8,0.9672171210151653,0.36352819767777494,0.43716144162163295
BIF (hot),9848369,9,0.9672171210151653,0.3840795769701734,0.18673330070586075
BIF (hot),9848369,10,0.9672171210151653,0.4098940324003671,0.213306848842301
BIF (hot),9848369,11,0.8989950218541121,0.4099435416871788,0.21614735219899234
BIF (hot),9848369,12,0.8989950218541121,0.38361812245189675,0.2348074552930834
BIF (hot),9848369,13,0.9672171210151653,0.44094021291176355,0.20998427752183563
BIF (hot),9848369,14,0.9672171210151653,0.36130172577608344,0.23629147513559795
BIF (hot),9848369,15,0.9780819282765045,0.36453660200477694,0.22467268308165703
BIF (hot),9848369,16,0.9867235130627002,0.35980860305714973,0.24633239781407473
BIF (hot),9848369,17,0.9780819282765045,0.36558539506225124,0.23484440126555983
BIF (hot),9848369,18,0.9716551849122617,0.3715571135167425,0.24416631036407827
BIF (hot),9848369,19,0.9867235130627002,0.37085072289638243,0.2335518213649208
Laferriere (hot),9049607,0,0.9403933039871766,0.0,0.0
Laferriere (hot),9049607,1,0.9403933039871766,0.0,0.0
Laferriere (hot),9049607,2,0.9403933039871766,0.0,0.0
Laferriere (hot),9049607,3,0.9401933170134235,0.016272352466440407,0.3343392760673969
Laferriere (hot),9049607,4,0.9299138121514008,0.02823673459346853,0.3343392760673969
Laferriere (hot),9049607,5,0.9299138121514008,0.045277229737794085,0.3343392760673969
Laferriere (hot),9049607,6,0.9299138121514008,0.4782867607382437,0.3343392760673969
Laferriere (hot),9049607,7,0.8849716359597481,0.4930168268378647,0.3343392760673969
Laferriere (hot),9049607,8,0.8966468491260778,0.4936860625429233,0.3343392760673969
Laferriere (hot),9049607,9,0.8966468491260778,0.4920882391134313,0.3343392760673969
Laferriere (hot),9049607,10,0.9309004731360817,0.49972139255380005,0.3343392760673969
Laferriere (hot),9049607,11,0.9309004731360817,0.5181314793467054,0.3343392760673969
Laferriere (hot),9049607,12,0.9309004731360817,0.47176302152415667,0.3343392760673969
Laferriere (hot),9049607,13,0.9360414471105883,0.46941248196455143,0.3343392760673969
Laferriere (hot),9049607,14,0.9360414471105883,0.46628628659625804,0.3343392760673969
Laferriere (hot),9049607,15,0.9360414471105883,0.4624982553637254,0.3343392760673969
Laferriere (hot),9049607,16,0.9360414471105883,0.47222373291586495,0.3343392760673969
Laferriere (hot),9049607,17,0.9360414471105883,0.46535450618106533,0.3343392760673969
Laferriere (hot),9049607,18,0.9277939049626113,0.45179780344602394,0.3343392760673969
Laferriere (hot),9049607,19,0.9640599403338245,0.4353842437164201,0.3343392760673969
Laferriere (hot),2402697,0,0.4547292385934998,0.0,0.0
Laferriere (hot),2402697,1,0.4547292385934998,0.0,0.0
Laferriere (hot),2402697,2,0.4547292385934998,0.0,0.0
Laferriere (hot),2402697,3,0.9401933170134235,0.055618749108380404,0.017204855783319914
Laferriere (hot),2402697,4,0.9401933170134235,0.12553200244801158,0.017204855783319914
Laferriere (hot),2402697,5,0.8692995191632016,0.19192897000432513,0.017204855783319914
Laferriere (hot),2402697,6,0.8817488380891294,0.20734090356574314,0.017204855783319914
Laferriere (hot),2402697,7,0.8817488380891294,0.3123591525886926,0.017204855783319914
Laferriere (hot),2402697,8,0.8692995191632016,0.4163104013062617,0.017204855783319914
Laferriere (hot),2402697,9,0.8692995191632016,0.45836475144923794,0.017204855783319914
Laferriere (hot),2402697,10,0.8692995191632016,0.46794488659641964,0.017204855783319914
Laferriere (hot),2402697,11,0.8692995191632016,0.46906146627302214,0.017204855783319914
Laferriere (hot),2402697,12,0.8692995191632016,0.570500784668831,0.017204855783319914
Laferriere (hot),2402697,13,0.8849716359597481,0.5461161989408164,0.017204855783319914
Laferriere (hot),2402697,14,0.8876967364032423,0.542549260079873,0.017204855783319914
Laferriere (hot),2402697,15,0.8876967364032423,0.5454346761059331,0.017204855783319914
Laferriere (hot),2402697,16,0.8876967364032423,0.5467176975647772,0.017204855783319914
Laferriere (hot),2402697,17,0.8876967364032423,0.5477467831258126,0.017204855783319914
Laferriere (hot),2402697,18,0.8876967364032423,0.554092781942111,0.017204855783319914
Laferriere (hot),2402697,19,0.8876967364032423,0.5310727391770633,0.017204855783319914
Laferriere (hot),6510749,0,0.1719437966972446,0.0,0.0
Laferriere (hot),6510749,1,0.1719437966972446,0.0,0.0
Laferriere (hot),6510749,2,0.1719437966972446,0.0,0.0
Laferriere (hot),6510749,3,0.567173868390065,0.0008846170536928302,0.039926239177948304
Laferriere (hot),6510749,4,0.9309004731360817,0.000973792468978564,0.039926239177948304
Laferriere (hot),6510749,5,0.9640201519661352,0.0011089931670667263,0.039926239177948304
Laferriere (hot),6510749,6,0.9640201519661352,0.07645264488533213,0.039926239177948304
Laferriere (hot),6510749,7,0.8891758624816023,0.06979654264042152,0.039926239177948304
Laferriere (hot),6510749,8,0.9376406306109454,0.19396758680230697,0.039926239177948304
Laferriere (hot),6510749,9,0.8846065708628632,0.24821389203324531,0.039926239177948304
Laferriere (hot),6510749,10,0.8891758624816023,0.3164676034605424,0.039926239177948304
Laferriere (hot),6510749,11,0.8849716359597481,0.3293057101636775,0.039926239177948304
Laferriere (hot),6510749,12,0.8849716359597481,0.33163698176722173,0.039926239177948304
Laferriere (hot),6510749,13,0.8849716359597481,0.4028757138695222,0.039926239177948304
Laferriere (hot),6510749,14,0.8849716359597481,0.4533079596536604,0.039926239177948304
Laferriere (hot),6510749,15,0.8849716359597481,0.45614254513221847,0.039926239177948304
Laferriere (hot),6510749,16,0.8849716359597481,0.4626346459853805,0.039926239177948304
Laferriere (hot),6510749,17,0.9309004731360817,0.4687620837079743,0.039926239177948304
Laferriere (hot),6510749,18,0.9309004731360817,0.4704774494223341,0.039926239177948304
Laferriere (hot),6510749,19,0.9309004731360817,0.5207520361847507,0.039926239177948304
Laferriere (hot),758529,0,0.9241945255359973,0.0,0.0
Laferriere (hot),758529,1,0.9241945255359973,0.0,0.0
Laferriere (hot),758529,2,0.9241945255359973,0.0,0.0
Laferriere (hot),758529,3,0.446665267472359,0.00480656420870124,0.20387170868974702
Laferriere (hot),758529,4,0.446665267472359,0.18178481704265842,0.20387170868974702
Laferriere (hot),758529,5,0.446665267472359,0.11635772209164169,0.20387170868974702
Laferriere (hot),758529,6,0.9909144723573827,0.13384962025449293,0.20387170868974702
Laferriere (hot),758529,7,0.9909144723573827,0.38267038980465656,0.20387170868974702
Laferriere (hot),758529,8,0.9909144723573827,0.4347637578645474,0.20387170868974702
Laferriere (hot),758529,9,0.9909144723573827,0.33170705172116816,0.20387170868974702
Laferriere (hot),758529,10,0.9734690072514017,0.3497557175001552,0.20387170868974702
Laferriere (hot),758529,11,0.9734690072514017,0.42637563286225744,0.20387170868974702
Laferriere (hot),758529,12,0.9610922753024329,0.43903762560269755,0.20387170868974702
Laferriere (hot),758529,13,0.8874157747424267,0.5117325223092793,0.20387170868974702
Laferriere (hot),758529,14,0.9184406762294373,0.5085697344270832,0.20387170868974702
Laferriere (hot),758529,15,0.9184406762294373,0.5213608878764096,0.20387170868974702
Laferriere (hot),758529,16,0.8874157747424267,0.5331059672629863,0.20387170868974702
Laferriere (hot),758529,17,0.9184406762294373,0.5499921306676447,0.20387170868974702
Laferriere (hot),758529,18,0.9647593621889378,0.5599806394873088,0.20387170868974702
Laferriere (hot),758529,19,0.974519541314212,0.5612694274837916,0.20387170868974702
Laferriere (hot),3523986,0,0.9297860793089677,0.0,0.0
Laferriere (hot),3523986,1,0.9297860793089677,0.0,0.0
Laferriere (hot),3523986,2,0.9297860793089677,0.0,0.0
Laferriere (hot),3523986,3,0.732502451208424,0.01636446598827251,0.09999600639066433
Laferriere (hot),3523986,4,0.732502451208424,0.030963561199398613,0.09999600639066433
Laferriere (hot),3523986,5,0.974519541314212,0.026151691420245902,0.09999600639066433
Laferriere (hot),3523986,6,0.8881912917675344,0.06832761638366322,0.09999600639066433
Laferriere (hot),3523986,7,0.8881912917675344,0.02238152372744904,0.09999600639066433
Laferriere (hot),3523986,8,0.9304729262558386,0.1397936642212303,0.09999600639066433
Laferriere (hot),3523986,9,0.9304729262558386,0.27719971465816157,0.09999600639066433
Laferriere (hot),3523986,10,0.8817488380891294,0.29445457933902286,0.09999600639066433
Laferriere (hot),3523986,11,0.9304729262558386,0.2898618120589656,0.09999600639066433
Laferriere (hot),3523986,12,0.9304729262558386,0.20498291231222812,0.09999600639066433
Laferriere (hot),3523986,13,0.9304729262558386,0.18829804598847,0.09999600639066433
Laferriere (hot),3523986,14,0.9304729262558386,0.23524460490179883,0.09999600639066433
Laferriere (hot),3523986,15,0.9304729262558386,0.46096536851751213,0.09999600639066433
Laferriere (hot),3523986,16,0.9309004731360817,0.4653565260156673,0.09999600639066433
Laferriere (hot),3523986,17,0.9299138121514008,0.4713142855314208,0.09999600639066433
Laferriere (hot),3523986,18,0.9299138121514008,0.4706769850835452,0.09999600639066433
Laferriere (hot),3523986,19,0.9299138121514008,0.46835759491542783,0.09999600639066433
Laferriere (hot),3224638,0,0.9299138121514008,0.0,0.0
Laferriere (hot),3224638,1,0.9299138121514008,0.0,0.0
Laferriere (hot),3224638,2,0.9299138121514008,0.0,0.0
Laferriere (hot),3224638,3,0.8363675985581234,0.021385901252427484,0.29102535204656177
Laferriere (hot),3224638,4,0.9299138121514008,0.3385906024532067,0.29102535204656177
Laferriere (hot),3224638,5,0.9299138121514008,0.3483386387739143,0.29102535204656177
Laferriere (hot),3224638,6,0.8849716359597481,0.3803772255989349,0.29102535204656177
Laferriere (hot),3224638,7,0.9309004731360817,0.45675881433202425,0.29102535204656177
Laferriere (hot),3224638,8,0.8849716359597481,0.47077850281274697,0.29102535204656177
Laferriere (hot),3224638,9,0.8849716359597481,0.5043708409989109,0.29102535204656177
Laferriere (hot),3224638,10,0.8966468491260778,0.5124606152266721,0.29102535204656177
Laferriere (hot),3224638,11,0.9647593621889378,0.44309112916421184,0.29102535204656177
Laferriere (hot),3224638,12,0.974519541314212,0.4102341682659206,0.29102535204656177
Laferriere (hot),3224638,13,0.974519541314212,0.41009280321132663,0.29102535204656177
Laferriere (hot),3224638,14,0.974519541314212,0.46731164157736804,0.29102535204656177
Laferriere (hot),3224638,15,0.8966468491260778,0.45140364227444435,0.29102535204656177
Laferriere (hot),3224638,16,0.974519541314212,0.4563031199229143,0.29102535204656177
Laferriere (hot),3224638,17,0.974519541314212,0.47582997046001807,0.29102535204656177
Laferriere (hot),3224638,18,0.974519541314212,0.4200739004856407,0.29102535204656177
Laferriere (hot),3224638,19,0.8881912917675344,0.4159565399090327,0.29102535204656177
Laferriere (hot),9729091,0,0.94895077868039,0.0,0.0
Laferriere (hot),9729091,1,0.94895077868039,0.0,0.0
Laferriere (hot),9729091,2,0.94895077868039,0.0,0.0
Laferriere (hot),9729091,3,0.567173868390065,0.13109290163717296,0.20835483733356058
Laferriere (hot),9729091,4,0.9672534211605577,0.1596236405343279,0.20835483733356058
Laferriere (hot),9729091,5,0.8817488380891294,0.08815142889270809,0.20835483733356058
Laferriere (hot),9729091,6,0.8817488380891294,0.06246850938760511,0.20835483733356058
Laferriere (hot),9729091,7,0.9647593621889378,0.310783754344076,0.20835483733356058
Laferriere (hot),9729091,8,0.9647593621889378,0.3654885577588486,0.20835483733356058
Laferriere (hot),9729091,9,0.9647593621889378,0.1977906925103205,0.20835483733356058
Laferriere (hot),9729091,10,0.8966468491260778,0.19628975295680837,0.20835483733356058
Laferriere (hot),9729091,11,0.8966468491260778,0.18899504539920503,0.20835483733356058
Laferriere (hot),9729091,12,0.8966468491260778,0.20162823975157382,0.20835483733356058
Laferriere (hot),9729091,13,0.8966468491260778,0.36482220108434493,0.20835483733356058
Laferriere (hot),9729091,14,0.8966468491260778,0.3829513287859563,0.20835483733356058
Laferriere (hot),9729091,15,0.8849716359597481,0.4004634195568034,0.20835483733356058
Laferriere (hot),9729091,16,0.8849716359597481,0.40152895931079874,0.20835483733356058
Laferriere (hot),9729091,17,0.8849716359597481,0.4084607888285755,0.20835483733356058
Laferriere (hot),9729091,18,0.8849716359597481,0.40936815118333036,0.20835483733356058
Laferriere (hot),9729091,19,0.8849716359597481,0.400823671961603,0.20835483733356058
Laferriere (hot),5830471,0,0.417248636171651,0.0,0.0
Laferriere (hot),5830471,1,0.417248636171651,0.0,0.0
Laferriere (hot),5830471,2,0.417248636171651,0.0,0.0
Laferriere (hot),5830471,3,0.9304729262558386,0.021820057731562717,0.4360617081846089
Laferriere (hot),5830471,4,0.9304729262558386,0.11094223660155342,0.4360617081846089
Laferriere (hot),5830471,5,0.8966468491260778,0.1430763606179494,0.4360617081846089
Laferriere (hot),5830471,6,0.8966468491260778,0.24255685140311972,0.4360617081846089
Laferriere (hot),5830471,7,0.8817488380891294,0.15809715376205263,0.4360617081846089
Laferriere (hot),5830471,8,0.8817488380891294,0.19657943419050242,0.4360617081846089
Laferriere (hot),5830471,9,0.8817488380891294,0.28672985160345105,0.4360617081846089
Laferriere (hot),5830471,10,0.8817488380891294,0.27342185839015065,0.4360617081846089
Laferriere (hot),5830471,11,0.8817488380891294,0.33167373488337976,0.4360617081846089
Laferriere (hot),5830471,12,0.9672534211605577,0.2732661515012881,0.4360617081846089
Laferriere (hot),5830471,13,0.9586962926268088,0.2754131664149419,0.4360617081846089
Laferriere (hot),5830471,14,0.9631863603265466,0.2814017418448835,0.4360617081846089
Laferriere (hot),5830471,15,0.9625647644387506,0.3294973284509941,0.4360617081846089
Laferriere (hot),5830471,16,0.9636233267383743,0.37568642539782426,0.4360617081846089
Laferriere (hot),5830471,17,0.9544994020228388,0.3600152811287838,0.4360617081846089
Laferriere (hot),5830471,18,0.9666042523400247,0.3676579767769906,0.4360617081846089
Laferriere (hot),5830471,19,0.9544994020228388,0.4966842810854417,0.4360617081846089
Laferriere (hot),5343420,0,0.46495707915543266,0.0,0.0
Laferriere (hot),5343420,1,0.46495707915543266,0.0,0.0
Laferriere (hot),5343420,2,0.46495707915543266,0.0,0.0
Laferriere (hot),5343420,3,0.9297860793089677,0.0128514436794695,0.3447860894216956
Laferriere (hot),5343420,4,0.9092015736089728,0.1592500030186313,0.3447860894216956
Laferriere (hot),5343420,5,0.8849716359597481,0.3496646615367139,0.3447860894216956
Laferriere (hot),5343420,6,0.8849716359597481,0.4000329506584564,0.3447860894216956
Laferriere (hot),5343420,7,0.8849716359597481,0.5095581318810508,0.3447860894216956
Laferriere (hot),5343420,8,0.8849716359597481,0.5048697937372659,0.3447860894216956
Laferriere (hot),5343420,9,0.8849716359597481,0.515285341831103,0.3447860894216956
Laferriere (hot),5343420,10,0.8849716359597481,0.5036949785040808,0.3447860894216956
Laferriere (hot),5343420,11,0.8931259946426231,0.49462849225221545,0.3447860894216956
Laferriere (hot),5343420,12,0.8966635979186337,0.527259871486046,0.3447860894216956
Laferriere (hot),5343420,13,0.8966635979186337,0.530733257454292,0.3447860894216956
Laferriere (hot),5343420,14,0.8891758624816023,0.5335633654953852,0.3447860894216956
Laferriere (hot),5343420,15,0.8966635979186337,0.5520316668323606,0.3447860894216956
Laferriere (hot),5343420,16,0.9552609528449328,0.5498416527402722,0.3447860894216956
Laferriere (hot),5343420,17,0.9552609528449328,0.5484396861672163,0.3447860894216956
Laferriere (hot),5343420,18,0.9588240321261545,0.5466733614438426,0.3447860894216956
Laferriere (hot),5343420,19,0.9620248422138591,0.5516353418534458,0.3447860894216956
Laferriere (hot),2417321,0,0.9556242738306693,0.0,0.0
Laferriere (hot),2417321,1,0.9556242738306693,0.0,0.0
Laferriere (hot),2417321,2,0.9556242738306693,0.0,0.0
Laferriere (hot),2417321,3,0.27422513135819715,0.0345260542147233,0.22533924765818159
Laferriere (hot),2417321,4,0.9309004731360817,0.28627204648919985,0.22533924765818159
Laferriere (hot),2417321,5,0.8876967364032423,0.2816940559544056,0.22533924765818159
Laferriere (hot),2417321,6,0.8849716359597481,0.32637610813703766,0.22533924765818159
Laferriere (hot),2417321,7,0.8849716359597481,0.35112379874403393,0.22533924765818159
Laferriere (hot),2417321,8,0.8849716359597481,0.3816854509228438,0.22533924765818159
Laferriere (hot),2417321,9,0.8876967364032423,0.31145969080268715,0.22533924765818159
Laferriere (hot),2417321,10,0.910333435175223,0.3186183321302791,0.22533924765818159
Laferriere (hot),2417321,11,0.9309004731360817,0.36480119209839684,0.22533924765818159
Laferriere (hot),2417321,12,0.910333435175223,0.44347528949810516,0.22533924765818159
Laferriere (hot),2417321,13,0.910333435175223,0.44384862265000335,0.22533924765818159
Laferriere (hot),2417321,14,0.910333435175223,0.4451812772761491,0.22533924765818159
Laferriere (hot),2417321,15,0.910333435175223,0.4457507836895449,0.22533924765818159
Laferriere (hot),2417321,16,0.910333435175223,0.43832859067790525,0.22533924765818159
Laferriere (hot),2417321,17,0.9401933170134235,0.44894884968071147,0.22533924765818159
Laferriere (hot),2417321,18,0.9254021028282133,0.4425127294769378,0.22533924765818159
Laferriere (hot),2417321,19,0.9254021028282133,0.525774688439215,0.22533924765818159
Laferriere (hot),9891788,0,0.9480286830927676,0.0,0.0
Laferriere (hot),9891788,1,0.9480286830927676,0.0,0.0
Laferriere (hot),9891788,2,0.9480286830927676,0.0,0.0
Laferriere (hot),9891788,3,0.27422513135819715,0.28636713918499795,0.09690448880155904
Laferriere (hot),9891788,4,0.8849716359597481,0.26661463307710576,0.09690448880155904
Laferriere (hot),9891788,5,0.9552609528449328,0.31883709882341565,0.09690448880155904
Laferriere (hot),9891788,6,0.9552609528449328,0.3895211398036044,0.09690448880155904
Laferriere (hot),9891788,7,0.8966468491260778,0.39635577141285794,0.09690448880155904
Laferriere (hot),9891788,8,0.8966468491260778,0.47561984178726036,0.09690448880155904
Laferriere (hot),9891788,9,0.9647593621889378,0.5246503271268822,0.09690448880155904
Laferriere (hot),9891788,10,0.9647593621889378,0.5344341046178409,0.09690448880155904
Laferriere (hot),9891788,11,0.9647593621889378,0.5290716149614866,0.09690448880155904
Laferriere (hot),9891788,12,0.9647593621889378,0.5400150874444579,0.09690448880155904
Laferriere (hot),9891788,13,0.9647593621889378,0.5068861081963448,0.09690448880155904
Laferriere (hot),9891788,14,0.974519541314212,0.5051491186848258,0.09690448880155904
Laferriere (hot),9891788,15,0.974519541314212,0.5112253300226831,0.09690448880155904
Laferriere (hot),9891788,16,0.974519541314212,0.5088673422613004,0.09690448880155904
Laferriere (hot),9891788,17,0.974519541314212,0.5086351403463959,0.09690448880155904
Laferriere (hot),9891788,18,0.974519541314212,0.49592229658797843,0.09690448880155904
Laferriere (hot),9891788,19,0.9767183262625381,0.4979515364132019,0.09690448880155904
Laferriere (hot),9314146,0,0.511070898624112,0.0,0.0
Laferriere (hot),9314146,1,0.511070898624112,0.0,0.0
Laferriere (hot),9314146,2,0.511070898624112,0.0,0.0
Laferriere (hot),9314146,3,0.9299138121514008,0.04627496780154058,0.14067045963091243
Laferriere (hot),9314146,4,0.9299138121514008,0.11131704567020327,0.14067045963091243
Laferriere (hot),9314146,5,0.8966468491260778,0.18381285795913654,0.14067045963091243
Laferriere (hot),9314146,6,0.8817488380891294,0.143703992311191,0.14067045963091243
Laferriere (hot),9314146,7,0.8966468491260778,0.44923471045524416,0.14067045963091243
Laferriere (hot),9314146,8,0.8898494488582143,0.48629192480040745,0.14067045963091243
Laferriere (hot),9314146,9,0.8898494488582143,0.4437391115262458,0.14067045963091243
Laferriere (hot),9314146,10,0.8898494488582143,0.4326725189695999,0.14067045963091243
Laferriere (hot),9314146,11,0.8898494488582143,0.3672284815092743,0.14067045963091243
Laferriere (hot),9314146,12,0.8898494488582143,0.3724762953138507,0.14067045963091243
Laferriere (hot),9314146,13,0.9538823461495591,0.3681257210866278,0.14067045963091243
Laferriere (hot),9314146,14,0.9628453732831889,0.383303163705286,0.14067045963091243
Laferriere (hot),9314146,15,0.9628453732831889,0.3957399026207645,0.14067045963091243
Laferriere (hot),9314146,16,0.9538823461495591,0.4103976477305662,0.14067045963091243
Laferriere (hot),9314146,17,0.9538823461495591,0.4578492507659812,0.14067045963091243
Laferriere (hot),9314146,18,0.8900089484884361,0.45469428966253306,0.14067045963091243
Laferriere (hot),9314146,19,0.8900089484884361,0.47028788960803936,0.14067045963091243
Laferriere (hot),9488226,0,0.9401933170134235,0.0,0.0
Laferriere (hot),9488226,1,0.9401933170134235,0.0,0.0
Laferriere (hot),9488226,2,0.9401933170134235,0.0,0.0
Laferriere (hot),9488226,3,0.36072787855959104,0.05046966948742407,0.11083315093198257
Laferriere (hot),9488226,4,0.9781883723118654,0.2307126645205109,0.11083315093198257
Laferriere (hot),9488226,5,0.9563058951010075,0.2523792713484712,0.11083315093198257
Laferriere (hot),9488226,6,0.9563058951010075,0.25039507534375005,0.11083315093198257
Laferriere (hot),9488226,7,0.9672534211605577,0.5346777860424532,0.11083315093198257
Laferriere (hot),9488226,8,0.8881912917675344,0.5286602091987471,0.11083315093198257
Laferriere (hot),9488226,9,0.8881912917675344,0.4844390434331699,0.11083315093198257
Laferriere (hot),9488226,10,0.9647593621889378,0.44559613548916455,0.11083315093198257
Laferriere (hot),9488226,11,0.9299138121514008,0.49424867073013223,0.11083315093198257
Laferriere (hot),9488226,12,0.8881912917675344,0.4907032302674213,0.11083315093198257
Laferriere (hot),9488226,13,0.9299138121514008,0.5011933842235446,0.11083315093198257
Laferriere (hot),9488226,14,0.8881912917675344,0.4824601089721267,0.11083315093198257
Laferriere (hot),9488226,15,0.8881912917675344,0.4819283364720079,0.11083315093198257
Laferriere (hot),9488226,16,0.896907560458215,0.49849071530864514,0.11083315093198257
Laferriere (hot),9488226,17,0.9309004731360817,0.5158861814300298,0.11083315093198257
Laferriere (hot),9488226,18,0.9299138121514008,0.5244106095727655,0.11083315093198257
Laferriere (hot),9488226,19,0.9299138121514008,0.5494938802244386,0.11083315093198257
Laferriere (hot),2697408,0,0.9367066724047479,0.0,0.0
Laferriere (hot),2697408,1,0.9367066724047479,0.0,0.0
Laferriere (hot),2697408,2,0.9367066724047479,0.0,0.0
Laferriere (hot),2697408,3,0.446665267472359,0.012023498496732472,0.38555865143062895
Laferriere (hot),2697408,4,0.9401933170134235,0.24327575394064357,0.38555865143062895
Laferriere (hot),2697408,5,0.8692995191632016,0.2138997166746262,0.38555865143062895
Laferriere (hot),2697408,6,0.878697415781133,0.4160435923432105,0.38555865143062895
Laferriere (hot),2697408,7,0.8817488380891294,0.3886801700666256,0.38555865143062895
Laferriere (hot),2697408,8,0.8817488380891294,0.3676587815671442,0.38555865143062895
Laferriere (hot),2697408,9,0.8817488380891294,0.36406084031258157,0.38555865143062895
Laferriere (hot),2697408,10,0.8817488380891294,0.4053333038815931,0.38555865143062895
Laferriere (hot),2697408,11,0.878697415781133,0.42694523457427697,0.38555865143062895
Laferriere (hot),2697408,12,0.9304729262558386,0.4863329680515529,0.38555865143062895
Laferriere (hot),2697408,13,0.9299138121514008,0.49127212226960953,0.38555865143062895
Laferriere (hot),2697408,14,0.9299138121514008,0.48773831736547674,0.38555865143062895
Laferriere (hot),2697408,15,0.9299138121514008,0.46661193735527784,0.38555865143062895
Laferriere (hot),2697408,16,0.9761333833365118,0.4931708398383346,0.38555865143062895
Laferriere (hot),2697408,17,0.9618517291970011,0.4949703053821962,0.38555865143062895
Laferriere (hot),2697408,18,0.9647593621889378,0.4930688326856109,0.38555865143062895
Laferriere (hot),2697408,19,0.9549796450246527,0.5010518495671371,0.38555865143062895
Laferriere (hot),5135059,0,0.9522904919101735,0.0,0.0
Laferriere (hot),5135059,1,0.9522904919101735,0.0,0.0
Laferriere (hot),5135059,2,0.9522904919101735,0.0,0.0
Laferriere (hot),5135059,3,0.8363675985581234,0.00865235637476168,0.2330777711977159
Laferriere (hot),5135059,4,0.9299138121514008,0.0821567613208339,0.2330777711977159
Laferriere (hot),5135059,5,0.8817488380891294,0.1372316976850779,0.2330777711977159
Laferriere (hot),5135059,6,0.8817488380891294,0.20959844445343084,0.2330777711977159
Laferriere (hot),5135059,7,0.9304729262558386,0.35096768807041917,0.2330777711977159
Laferriere (hot),5135059,8,0.8966468491260778,0.4189329047950167,0.2330777711977159
Laferriere (hot),5135059,9,0.8966468491260778,0.4906078896107156,0.2330777711977159
Laferriere (hot),5135059,10,0.8966468491260778,0.49145614662606535,0.2330777711977159
Laferriere (hot),5135059,11,0.8966468491260778,0.4869994332634766,0.2330777711977159
Laferriere (hot),5135059,12,0.8966468491260778,0.48946454954219804,0.2330777711977159
Laferriere (hot),5135059,13,0.9549796450246527,0.49451336592111284,0.2330777711977159
Laferriere (hot),5135059,14,0.9549796450246527,0.49054268810023727,0.2330777711977159
Laferriere (hot),5135059,15,0.9549796450246527,0.4661103526366382,0.2330777711977159
Laferriere (hot),5135059,16,0.8849716359597481,0.48912186212110664,0.2330777711977159
Laferriere (hot),5135059,17,0.8849716359597481,0.500646899282918,0.2330777711977159
Laferriere (hot),5135059,18,0.9309004731360817,0.5166161937306942,0.2330777711977159
Laferriere (hot),5135059,19,0.9309004731360817,0.5209306327631118,0.2330777711977159
Laferriere (hot),6813578,0,0.9525152559132957,0.0,0.0
Laferriere (hot),6813578,1,0.9525152559132957,0.0,0.0
Laferriere (hot),6813578,2,0.9525152559132957,0.0,0.0
Laferriere (hot),6813578,3,0.511070898624112,0.014288000544517303,0.013064357012575018
Laferriere (hot),6813578,4,0.9525152559132957,0.15267997463032995,0.013064357012575018
Laferriere (hot),6813578,5,0.8849716359597481,0.3252970310798995,0.013064357012575018
Laferriere (hot),6813578,6,0.8849716359597481,0.38015022081678207,0.013064357012575018
Laferriere (hot),6813578,7,0.9309004731360817,0.5087411098408495,0.013064357012575018
Laferriere (hot),6813578,8,0.8692995191632016,0.5376114298716583,0.013064357012575018
Laferriere (hot),6813578,9,0.8966468491260778,0.5122902189637197,0.013064357012575018
Laferriere (hot),6813578,10,0.8966468491260778,0.5140413289272698,0.013064357012575018
Laferriere (hot),6813578,11,0.9552609528449328,0.516039529440257,0.013064357012575018
Laferriere (hot),6813578,12,0.9552609528449328,0.5170347069748487,0.013064357012575018
Laferriere (hot),6813578,13,0.9552609528449328,0.5369778851690553,0.013064357012575018
Laferriere (hot),6813578,14,0.9552609528449328,0.5355828821833625,0.013064357012575018
Laferriere (hot),6813578,15,0.9552609528449328,0.5402032071329397,0.013064357012575018
Laferriere (hot),6813578,16,0.9552609528449328,0.5430419836607879,0.013064357012575018
Laferriere (hot),6813578,17,0.9552609528449328,0.5406083894607074,0.013064357012575018
Laferriere (hot),6813578,18,0.9552609528449328,0.5560103813265836,0.013064357012575018
Laferriere (hot),6813578,19,0.9552609528449328,0.5567966419536936,0.013064357012575018
Laferriere (hot),430826,0,0.5075584451645863,0.0,0.0
Laferriere (hot),430826,1,0.5075584451645863,0.0,0.0
Laferriere (hot),430826,2,0.5075584451645863,0.0,0.0
Laferriere (hot),430826,3,0.9552609528449328,0.22705053824812682,0.040181521672575646
Laferriere (hot),430826,4,0.9552609528449328,0.18707591883139918,0.040181521672575646
Laferriere (hot),430826,5,0.8849716359597481,0.16993385065690675,0.040181521672575646
Laferriere (hot),430826,6,0.9299138121514008,0.26859851063851214,0.040181521672575646
Laferriere (hot),430826,7,0.8966468491260778,0.1505399036905032,0.040181521672575646
Laferriere (hot),430826,8,0.8966468491260778,0.15536090509585912,0.040181521672575646
Laferriere (hot),430826,9,0.8966468491260778,0.270754467140515,0.040181521672575646
Laferriere (hot),430826,10,0.9299138121514008,0.2685667311659572,0.040181521672575646
Laferriere (hot),430826,11,0.9299138121514008,0.3450496458581521,0.040181521672575646
Laferriere (hot),430826,12,0.8874157747424267,0.3472688153495635,0.040181521672575646
Laferriere (hot),430826,13,0.9299138121514008,0.40507157048403253,0.040181521672575646
Laferriere (hot),430826,14,0.8874157747424267,0.409761977612092,0.040181521672575646
Laferriere (hot),430826,15,0.8874157747424267,0.4131477429027898,0.040181521672575646
Laferriere (hot),430826,16,0.9309004731360817,0.41641520218418326,0.040181521672575646
Laferriere (hot),430826,17,0.9299138121514008,0.4742632205048392,0.040181521672575646
Laferriere (hot),430826,18,0.9299138121514008,0.47854336349673,0.040181521672575646
Laferriere (hot),430826,19,0.9299138121514008,0.47911883290072677,0.040181521672575646
Laferriere (hot),6192331,0,0.9909144723573827,0.0,0.0
Laferriere (hot),6192331,1,0.9909144723573827,0.0,0.0
Laferriere (hot),6192331,2,0.9909144723573827,0.0,0.0
Laferriere (hot),6192331,3,0.9401933170134235,0.010321160327790013,0.26289034401436523
Laferriere (hot),6192331,4,0.9909144723573827,0.31308351393019157,0.26289034401436523
Laferriere (hot),6192331,5,0.8898494488582143,0.3155751936312721,0.26289034401436523
Laferriere (hot),6192331,6,0.8898494488582143,0.3382636477211673,0.26289034401436523
Laferriere (hot),6192331,7,0.9299138121514008,0.48937092137167143,0.26289034401436523
Laferriere (hot),6192331,8,0.8966468491260778,0.4755539468708169,0.26289034401436523
Laferriere (hot),6192331,9,0.8874157747424267,0.45818658663863926,0.26289034401436523
Laferriere (hot),6192331,10,0.9299138121514008,0.47395192619321275,0.26289034401436523
Laferriere (hot),6192331,11,0.9299138121514008,0.4933070780985441,0.26289034401436523
Laferriere (hot),6192331,12,0.9299138121514008,0.4759573079358887,0.26289034401436523
Laferriere (hot),6192331,13,0.9299138121514008,0.4991449074076451,0.26289034401436523
Laferriere (hot),6192331,14,0.9359810689116688,0.4994649837198126,0.26289034401436523
Laferriere (hot),6192331,15,0.9359810689116688,0.4885824719963372,0.26289034401436523
Laferriere (hot),6192331,16,0.9299138121514008,0.5015364205874243,0.26289034401436523
Laferriere (hot),6192331,17,0.9359810689116688,0.49881422306656586,0.26289034401436523
Laferriere (hot),6192331,18,0.9320679225580567,0.4983443792771692,0.26289034401436523
Laferriere (hot),6192331,19,0.9657973346573312,0.49695150265964594,0.26289034401436523
Laferriere (hot),8026546,0,0.446665267472359,0.0,0.0
Laferriere (hot),8026546,1,0.446665267472359,0.0,0.0
Laferriere (hot),8026546,2,0.446665267472359,0.0,0.0
Laferriere (hot),8026546,3,0.6367588439615917,0.0345574319607487,0.13298479373437722
Laferriere (hot),8026546,4,0.9401933170134235,0.06280454078534871,0.13298479373437722
Laferriere (hot),8026546,5,0.9401933170134235,0.2895594890303416,0.13298479373437722
Laferriere (hot),8026546,6,0.9401933170134235,0.34356404068598134,0.13298479373437722
Laferriere (hot),8026546,7,0.9309004731360817,0.46199776824407907,0.13298479373437722
Laferriere (hot),8026546,8,0.8692995191632016,0.4482145715892289,0.13298479373437722
Laferriere (hot),8026546,9,0.9299138121514008,0.458485587042637,0.13298479373437722
Laferriere (hot),8026546,10,0.9299138121514008,0.49772904319041705,0.13298479373437722
Laferriere (hot),8026546,11,0.9299138121514008,0.5009363397197544,0.13298479373437722
Laferriere (hot),8026546,12,0.9299138121514008,0.499287068597349,0.13298479373437722
Laferriere (hot),8026546,13,0.9184406762294373,0.49019855291214104,0.13298479373437722
Laferriere (hot),8026546,14,0.9304729262558386,0.4973766083576761,0.13298479373437722
Laferriere (hot),8026546,15,0.9299138121514008,0.4562164272344786,0.13298479373437722
Laferriere (hot),8026546,16,0.9649893651824183,0.4453512053790473,0.13298479373437722
Laferriere (hot),8026546,17,0.9649893651824183,0.4497372753290982,0.13298479373437722
Laferriere (hot),8026546,18,0.9286887671200486,0.44801495954222614,0.13298479373437722
Laferriere (hot),8026546,19,0.9733325405394005,0.4529765650344969,0.13298479373437722
Laferriere (hot),6735254,0,0.44375135035475755,0.0,0.0
Laferriere (hot),6735254,1,0.44375135035475755,0.0,0.0
Laferriere (hot),6735254,2,0.44375135035475755,0.0,0.0
Laferriere (hot),6735254,3,0.9552609528449328,0.11425789817488126,0.2560523284712031
Laferriere (hot),6735254,4,0.9552609528449328,0.03808831758561355,0.2560523284712031
Laferriere (hot),6735254,5,0.9909144723573827,0.059884855957615626,0.2560523284712031
Laferriere (hot),6735254,6,0.9909144723573827,0.060258163267483844,0.2560523284712031
Laferriere (hot),6735254,7,0.9909144723573827,0.2801088999751243,0.2560523284712031
Laferriere (hot),6735254,8,0.9647593621889378,0.1930739393868792,0.2560523284712031
Laferriere (hot),6735254,9,0.8966468491260778,0.17807396517371307,0.2560523284712031
Laferriere (hot),6735254,10,0.8966468491260778,0.27213837277962927,0.2560523284712031
Laferriere (hot),6735254,11,0.9299138121514008,0.2554084665942204,0.2560523284712031
Laferriere (hot),6735254,12,0.8966468491260778,0.3420335698971064,0.2560523284712031
Laferriere (hot),6735254,13,0.899694090892848,0.2552637528449883,0.2560523284712031
Laferriere (hot),6735254,14,0.9299138121514008,0.3216094763603111,0.2560523284712031
Laferriere (hot),6735254,15,0.9299138121514008,0.3603440093658666,0.2560523284712031
Laferriere (hot),6735254,16,0.9299138121514008,0.3626511166967988,0.2560523284712031
Laferriere (hot),6735254,17,0.9657973346573312,0.365763590233679,0.2560523284712031
Laferriere (hot),6735254,18,0.9359810689116688,0.3652137751367694,0.2560523284712031
Laferriere (hot),6735254,19,0.9657973346573312,0.38019825638364135,0.2560523284712031
Laferriere (hot),1112898,0,0.9709773980236851,0.0,0.0
Laferriere (hot),1112898,1,0.9709773980236851,0.0,0.0
Laferriere (hot),1112898,2,0.9709773980236851,0.0,0.0
Laferriere (hot),1112898,3,0.567173868390065,0.19273093521427734,0.21142161937489637
Laferriere (hot),1112898,4,0.8817488380891294,0.2454196399540174,0.21142161937489637
Laferriere (hot),1112898,5,0.9299138121514008,0.18415054251355925,0.21142161937489637
Laferriere (hot),1112898,6,0.9299138121514008,0.41597809594667745,0.21142161937489637
Laferriere (hot),1112898,7,0.8966468491260778,0.3917934740029804,0.21142161937489637
Laferriere (hot),1112898,8,0.9299138121514008,0.41481366872791775,0.21142161937489637
Laferriere (hot),1112898,9,0.9299138121514008,0.38974762595709983,0.21142161937489637
Laferriere (hot),1112898,10,0.8966468491260778,0.4897035455520851,0.21142161937489637
Laferriere (hot),1112898,11,0.8966468491260778,0.49326261876888483,0.21142161937489637
Laferriere (hot),1112898,12,0.8966468491260778,0.48994686510218083,0.21142161937489637
Laferriere (hot),1112898,13,0.8966468491260778,0.46537686053724786,0.21142161937489637
Laferriere (hot),1112898,14,0.8966468491260778,0.46315020228798454,0.21142161937489637
Laferriere (hot),1112898,15,0.8966468491260778,0.47035021474197486,0.21142161937489637
Laferriere (hot),1112898,16,0.8938065707776547,0.4660134142955883,0.21142161937489637
Laferriere (hot),1112898,17,0.8911683829874233,0.4192660285304184,0.21142161937489637
Laferriere (hot),1112898,18,0.8992414208237711,0.41972381583661383,0.21142161937489637
Laferriere (hot),1112898,19,0.8992414208237711,0.41923538343787103,0.21142161937489637
Laferriere (hot),5609958,0,0.9297860793089677,0.0,0.0
Laferriere (hot),5609958,1,0.9297860793089677,0.0,0.0
Laferriere (hot),5609958,2,0.9297860793089677,0.0,0.0
Laferriere (hot),5609958,3,0.8363675985581234,0.022536166096569114,0.46591170215913014
Laferriere (hot),5609958,4,0.9297860793089677,0.13861646745948386,0.46591170215913014
Laferriere (hot),5609958,5,0.8692995191632016,0.260126131709931,0.46591170215913014
Laferriere (hot),5609958,6,0.8692995191632016,0.24739642905889903,0.46591170215913014
Laferriere (hot),5609958,7,0.9401933170134235,0.27874098313678597,0.46591170215913014
Laferriere (hot),5609958,8,0.9401933170134235,0.3522874723004251,0.46591170215913014
Laferriere (hot),5609958,9,0.9552609528449328,0.5118972108961096,0.46591170215913014
Laferriere (hot),5609958,10,0.9552609528449328,0.4916595569567777,0.46591170215913014
Laferriere (hot),5609958,11,0.9552609528449328,0.5438088610553832,0.46591170215913014
Laferriere (hot),5609958,12,0.8849716359597481,0.5504767981573402,0.46591170215913014
Laferriere (hot),5609958,13,0.8849716359597481,0.5556271982596186,0.46591170215913014
Laferriere (hot),5609958,14,0.8849716359597481,0.5626193111560316,0.46591170215913014
Laferriere (hot),5609958,15,0.9552609528449328,0.5696952309282657,0.46591170215913014
Laferriere (hot),5609958,16,0.9552609528449328,0.565955270887491,0.46591170215913014
Laferriere (hot),5609958,17,0.9552609528449328,0.5890665467375034,0.46591170215913014
Laferriere (hot),5609958,18,0.9309004731360817,0.5844127002871559,0.46591170215913014
Laferriere (hot),5609958,19,0.9309004731360817,0.5761879138480055,0.46591170215913014
Laferriere (hot),4736968,0,0.8692995191632016,0.0,0.0
Laferriere (hot),4736968,1,0.8692995191632016,0.0,0.0
Laferriere (hot),4736968,2,0.8692995191632016,0.0,0.0
Laferriere (hot),4736968,3,0.6662013040838882,0.2482401087734043,0.45235021115355883
Laferriere (hot),4736968,4,0.8692995191632016,0.0005882436395855311,0.45235021115355883
Laferriere (hot),4736968,5,0.9142497235916676,0.020729544792809872,0.45235021115355883
Laferriere (hot),4736968,6,0.9670646044864504,0.011589765623985608,0.45235021115355883
Laferriere (hot),4736968,7,0.9310194854227722,0.08461606281326821,0.45235021115355883
Laferriere (hot),4736968,8,0.9310194854227722,0.20984884685399863,0.45235021115355883
Laferriere (hot),4736968,9,0.9757435345533448,0.21579289884175054,0.45235021115355883
Laferriere (hot),4736968,10,0.9757435345533448,0.2197322944391401,0.45235021115355883
Laferriere (hot),4736968,11,0.9757435345533448,0.2275886992420137,0.45235021115355883
Laferriere (hot),4736968,12,0.9757435345533448,0.23248228090362666,0.45235021115355883
Laferriere (hot),4736968,13,0.9757435345533448,0.25163530890342084,0.45235021115355883
Laferriere (hot),4736968,14,0.9647593621889378,0.34973234770324263,0.45235021115355883
Laferriere (hot),4736968,15,0.9647593621889378,0.3776267851928721,0.45235021115355883
Laferriere (hot),4736968,16,0.8881912917675344,0.37794644314515924,0.45235021115355883
Laferriere (hot),4736968,17,0.8881912917675344,0.3679855260938063,0.45235021115355883
Laferriere (hot),4736968,18,0.8881912917675344,0.43174129185147375,0.45235021115355883
Laferriere (hot),4736968,19,0.9653122054815363,0.4159794072834705,0.45235021115355883
Laferriere (hot),617977,0,0.9761333833365118,0.0,0.0
Laferriere (hot),617977,1,0.9761333833365118,0.0,0.0
Laferriere (hot),617977,2,0.9761333833365118,0.0,0.0
Laferriere (hot),617977,3,0.5724212730861069,0.03865872536786044,0.46981905585141037
Laferriere (hot),617977,4,0.9299138121514008,0.2498440248948794,0.46981905585141037
Laferriere (hot),617977,5,0.8966468491260778,0.21694876962198956,0.46981905585141037
Laferriere (hot),617977,6,0.9299138121514008,0.33178345255760083,0.46981905585141037
Laferriere (hot),617977,7,0.8966468491260778,0.2778577350432353,0.46981905585141037
Laferriere (hot),617977,8,0.8817488380891294,0.22025366331824184,0.46981905585141037
Laferriere (hot),617977,9,0.8817488380891294,0.2192473013721184,0.46981905585141037
Laferriere (hot),617977,10,0.8817488380891294,0.23037270806111876,0.46981905585141037
Laferriere (hot),617977,11,0.8817488380891294,0.47291912643685446,0.46981905585141037
Laferriere (hot),617977,12,0.9672534211605577,0.4683056283409201,0.46981905585141037
Laferriere (hot),617977,13,0.9672534211605577,0.467484741097195,0.46981905585141037
Laferriere (hot),617977,14,0.94895077868039,0.35920335023409455,0.46981905585141037
Laferriere (hot),617977,15,0.9482796220769429,0.4458364816945825,0.46981905585141037
Laferriere (hot),617977,16,0.9618517291970011,0.44287952242462164,0.46981905585141037
Laferriere (hot),617977,17,0.9291595972471908,0.4402839356062647,0.46981905585141037
Laferriere (hot),617977,18,0.9613714861951872,0.4527280530464463,0.46981905585141037
Laferriere (hot),617977,19,0.8849716359597481,0.449746100032273,0.46981905585141037
Laferriere (hot),8500888,0,0.9254021028282133,0.0,0.0
Laferriere (hot),8500888,1,0.9254021028282133,0.0,0.0
Laferriere (hot),8500888,2,0.9254021028282133,0.0,0.0
Laferriere (hot),8500888,3,0.446665267472359,0.00994026342499978,0.19293627187147244
Laferriere (hot),8500888,4,0.9401933170134235,0.3223535679648617,0.19293627187147244
Laferriere (hot),8500888,5,0.9552609528449328,0.3234748074586203,0.19293627187147244
Laferriere (hot),8500888,6,0.9449967988237821,0.3204372325677981,0.19293627187147244
Laferriere (hot),8500888,7,0.8966468491260778,0.37257014028238616,0.19293627187147244
Laferriere (hot),8500888,8,0.8966468491260778,0.3705205658950763,0.19293627187147244
Laferriere (hot),8500888,9,0.9184406762294373,0.39038947962583603,0.19293627187147244
Laferriere (hot),8500888,10,0.8966468491260778,0.4121950123858551,0.19293627187147244
Laferriere (hot),8500888,11,0.9184406762294373,0.47847571423179147,0.19293627187147244
Laferriere (hot),8500888,12,0.9184406762294373,0.4461238601978113,0.19293627187147244
Laferriere (hot),8500888,13,0.9184406762294373,0.4418172437750542,0.19293627187147244
Laferriere (hot),8500888,14,0.9184406762294373,0.4395295526662974,0.19293627187147244
Laferriere (hot),8500888,15,0.9299138121514008,0.46217473062406456,0.19293627187147244
Laferriere (hot),8500888,16,0.9184406762294373,0.47003418539397324,0.19293627187147244
Laferriere (hot),8500888,17,0.9299138121514008,0.420068815712972,0.19293627187147244
Laferriere (hot),8500888,18,0.9299138121514008,0.4204432142060877,0.19293627187147244
Laferriere (hot),8500888,19,0.9299138121514008,0.41973627489138626,0.19293627187147244
Laferriere (hot),4205117,0,0.38576127895377615,0.0,0.0
Laferriere (hot),4205117,1,0.38576127895377615,0.0,0.0
Laferriere (hot),4205117,2,0.38576127895377615,0.0,0.0
Laferriere (hot),4205117,3,0.9309004731360817,0.18221829335801842,0.18123868053182185
Laferriere (hot),4205117,4,0.8849716359597481,0.14804235121720233,0.18123868053182185
Laferriere (hot),4205117,5,0.9309004731360817,0.17695551606055682,0.18123868053182185
Laferriere (hot),4205117,6,0.9309004731360817,0.19064243413563708,0.18123868053182185
Laferriere (hot),4205117,7,0.9309004731360817,0.1792807873565678,0.18123868053182185
Laferriere (hot),4205117,8,0.9309004731360817,0.33776685758526176,0.18123868053182185
Laferriere (hot),4205117,9,0.8966468491260778,0.330271773422761,0.18123868053182185
Laferriere (hot),4205117,10,0.8966468491260778,0.4072743027112602,0.18123868053182185
Laferriere (hot),4205117,11,0.8881912917675344,0.4096165997784977,0.18123868053182185
Laferriere (hot),4205117,12,0.8881912917675344,0.41440875671084,0.18123868053182185
Laferriere (hot),4205117,13,0.8881912917675344,0.42661195233855487,0.18123868053182185
Laferriere (hot),4205117,14,0.8881912917675344,0.4431331755414774,0.18123868053182185
Laferriere (hot),4205117,15,0.8966468491260778,0.5189211880523285,0.18123868053182185
Laferriere (hot),4205117,16,0.90166741286221,0.5190112063044159,0.18123868053182185
Laferriere (hot),4205117,17,0.90166741286221,0.5328288399928675,0.18123868053182185
Laferriere (hot),4205117,18,0.8931259946426231,0.5265060871923588,0.18123868053182185
Laferriere (hot),4205117,19,0.90166741286221,0.5231805251588497,0.18123868053182185
Laferriere (hot),756214,0,0.9382793281076746,0.0,0.0
Laferriere (hot),756214,1,0.9382793281076746,0.0,0.0
Laferriere (hot),756214,2,0.9382793281076746,0.0,0.0
Laferriere (hot),756214,3,0.9304729262558386,1.741397164489693e-05,0.3317889517936269
Laferriere (hot),756214,4,0.9310488024666578,0.2932618843182112,0.3317889517936269
Laferriere (hot),756214,5,0.9401933170134235,0.3212187046505817,0.3317889517936269
Laferriere (hot),756214,6,0.9304729262558386,0.29834568860811334,0.3317889517936269
Laferriere (hot),756214,7,0.9304729262558386,0.39412705220983474,0.3317889517936269
Laferriere (hot),756214,8,0.8817488380891294,0.3815454879197067,0.3317889517936269
Laferriere (hot),756214,9,0.9672534211605577,0.4035735928917735,0.3317889517936269
Laferriere (hot),756214,10,0.9647593621889378,0.3625743881843417,0.3317889517936269
Laferriere (hot),756214,11,0.8881912917675344,0.39203160016134814,0.3317889517936269
Laferriere (hot),756214,12,0.8881912917675344,0.3973570326594859,0.3317889517936269
Laferriere (hot),756214,13,0.8881912917675344,0.4150469366812169,0.3317889517936269
Laferriere (hot),756214,14,0.9299138121514008,0.4358175191115657,0.3317889517936269
Laferriere (hot),756214,15,0.9299138121514008,0.37027853102660596,0.3317889517936269
Laferriere (hot),756214,16,0.9640201519661352,0.4268672509833871,0.3317889517936269
Laferriere (hot),756214,17,0.9309004731360817,0.45026430513877974,0.3317889517936269
Laferriere (hot),756214,18,0.9309004731360817,0.44989926294970717,0.3317889517936269
Laferriere (hot),756214,19,0.9309004731360817,0.47320527967566245,0.3317889517936269
Laferriere (hot),4283694,0,0.8849716359597481,0.0,0.0
Laferriere (hot),4283694,1,0.8849716359597481,0.0,0.0
Laferriere (hot),4283694,2,0.8849716359597481,0.0,0.0
Laferriere (hot),4283694,3,0.54825273880037,0.2953428463350334,0.17686962210488982
Laferriere (hot),4283694,4,0.8849716359597481,0.25649124497032044,0.17686962210488982
Laferriere (hot),4283694,5,0.9552609528449328,0.3288402441600621,0.17686962210488982
Laferriere (hot),4283694,6,0.9552609528449328,0.31662140793366345,0.17686962210488982
Laferriere (hot),4283694,7,0.9299138121514008,0.45241673930204623,0.17686962210488982
Laferriere (hot),4283694,8,0.9299138121514008,0.4457028432105312,0.17686962210488982
Laferriere (hot),4283694,9,0.9299138121514008,0.46060416502526047,0.17686962210488982
Laferriere (hot),4283694,10,0.9299138121514008,0.4748686889004471,0.17686962210488982
Laferriere (hot),4283694,11,0.9647593621889378,0.4880247507345446,0.17686962210488982
Laferriere (hot),4283694,12,0.9647593621889378,0.49248670754011553,0.17686962210488982
Laferriere (hot),4283694,13,0.9299138121514008,0.4896806955952853,0.17686962210488982
Laferriere (hot),4283694,14,0.9299138121514008,0.4435220767319642,0.17686962210488982
Laferriere (hot),4283694,15,0.9299138121514008,0.4680146403482016,0.17686962210488982
Laferriere (hot),4283694,16,0.9299138121514008,0.47016202383007205,0.17686962210488982
Laferriere (hot),4283694,17,0.9299138121514008,0.47194374728024374,0.17686962210488982
Laferriere (hot),4283694,18,0.9299138121514008,0.4706458092609216,0.17686962210488982
Laferriere (hot),4283694,19,0.9299138121514008,0.4674394523413657,0.17686962210488982
Laferriere (hot),7449696,0,0.9184406762294373,0.0,0.0
Laferriere (hot),7449696,1,0.9184406762294373,0.0,0.0
Laferriere (hot),7449696,2,0.9184406762294373,0.0,0.0
Laferriere (hot),7449696,3,0.511070898624112,0.018663420765187972,0.3295304415610099
Laferriere (hot),7449696,4,0.9299138121514008,0.3564851330448108,0.3295304415610099
Laferriere (hot),7449696,5,0.8849716359597481,0.34499265775050864,0.3295304415610099
Laferriere (hot),7449696,6,0.8849716359597481,0.39789246036617054,0.3295304415610099
Laferriere (hot),7449696,7,0.8849716359597481,0.44588669908525536,0.3295304415610099
Laferriere (hot),7449696,8,0.8849716359597481,0.4197868458876224,0.3295304415610099
Laferriere (hot),7449696,9,0.8849716359597481,0.44826729827843603,0.3295304415610099
Laferriere (hot),7449696,10,0.8849716359597481,0.4481764536611961,0.3295304415610099
Laferriere (hot),7449696,11,0.8849716359597481,0.4501798461724152,0.3295304415610099
Laferriere (hot),7449696,12,0.9552609528449328,0.42154828514340753,0.3295304415610099
Laferriere (hot),7449696,13,0.9552609528449328,0.42170152731830185,0.3295304415610099
Laferriere (hot),7449696,14,0.8849716359597481,0.41658536173933997,0.3295304415610099
Laferriere (hot),7449696,15,0.9618517291970011,0.42863130084614287,0.3295304415610099
Laferriere (hot),7449696,16,0.8950288199056391,0.45099193411246624,0.3295304415610099
Laferriere (hot),7449696,17,0.8878457713665732,0.450076590416815,0.3295304415610099
Laferriere (hot),7449696,18,0.9001694477206811,0.4860400232627916,0.3295304415610099
Laferriere (hot),7449696,19,0.9001694477206811,0.5005488143879184,0.3295304415610099
Laferriere (hot),9848369,0,0.4042303775380212,0.0,0.0
Laferriere (hot),9848369,1,0.4042303775380212,0.0,0.0
Laferriere (hot),9848369,2,0.4042303775380212,0.0,0.0
Laferriere (hot),9848369,3,0.910333435175223,0.2245514004210785,0.28483420693984834
Laferriere (hot),9848369,4,0.910333435175223,0.2977987076415781,0.28483420693984834
Laferriere (hot),9848369,5,0.8692995191632016,0.41549080563252105,0.28483420693984834
Laferriere (hot),9848369,6,0.8966468491260778,0.32787488797133185,0.28483420693984834
Laferriere (hot),9848369,7,0.9552609528449328,0.4646073987761913,0.28483420693984834
Laferriere (hot),9848369,8,0.9552609528449328,0.5434733123906623,0.28483420693984834
Laferriere (hot),9848369,9,0.8849716359597481,0.5242367528230082,0.28483420693984834
Laferriere (hot),9848369,10,0.8817488380891294,0.5224136247161646,0.28483420693984834
Laferriere (hot),9848369,11,0.8817488380891294,0.5156004648129993,0.28483420693984834
Laferriere (hot),9848369,12,0.8807468262635766,0.5124760584634603,0.28483420693984834
Laferriere (hot),9848369,13,0.8807468262635766,0.5020237204569098,0.28483420693984834
Laferriere (hot),9848369,14,0.8891758624816023,0.5108105528085237,0.28483420693984834
Laferriere (hot),9848369,15,0.8891758624816023,0.5290513249741493,0.28483420693984834
Laferriere (hot),9848369,16,0.9552609528449328,0.5261977460950745,0.28483420693984834
Laferriere (hot),9848369,17,0.9552609528449328,0.540729295465299,0.28483420693984834
Laferriere (hot),9848369,18,0.9562127116359054,0.5453594679489953,0.28483420693984834
Laferriere (hot),9848369,19,0.9552609528449328,0.5752340927159497,0.28483420693984834
Vanilla,9049607,0,0.5312396934347875,0.0,
Vanilla,9049607,1,0.5618876938339893,0.0,
Vanilla,9049607,2,0.5618876938339893,0.0,
Vanilla,9049607,3,0.5618876938339893,0.08591792606974336,
Vanilla,9049607,4,0.9525278241646253,0.17833984056027083,
Vanilla,9049607,5,0.8800236592005751,0.17843205694095185,
Vanilla,9049607,6,0.8800236592005751,0.26442870329653523,
Vanilla,9049607,7,0.8881912917675344,0.23613297815922274,
Vanilla,9049607,8,0.8881912917675344,0.21478638723202045,
Vanilla,9049607,9,0.8881912917675344,0.21141948508387617,
Vanilla,9049607,10,0.9653122054815363,0.28504170961277037,
Vanilla,9049607,11,0.8966468491260778,0.3020299392375263,
Vanilla,9049607,12,0.8881912917675344,0.37219695952351184,
Vanilla,9049607,13,0.8881912917675344,0.45748918657885257,
Vanilla,9049607,14,0.8966468491260778,0.4358852594095796,
Vanilla,9049607,15,0.8989950218541121,0.47160007358743,
Vanilla,9049607,16,0.8881912917675344,0.4904013613814217,
Vanilla,9049607,17,0.8881912917675344,0.5083390291081001,
Vanilla,9049607,18,0.8881912917675344,0.5072945814652111,
Vanilla,9049607,19,0.8881912917675344,0.5115755045751715,
Vanilla,2402697,0,0.5572185884650187,0.0,
Vanilla,2402697,1,0.9718572621566278,0.0,
Vanilla,2402697,2,0.9718572621566278,0.0,
Vanilla,2402697,3,0.9718572621566278,0.40941636928557057,
Vanilla,2402697,4,0.9653122054815363,0.45418829227930496,
Vanilla,2402697,5,0.9653122054815363,0.43509507525642044,
Vanilla,2402697,6,0.8881912917675344,0.4317669443574043,
Vanilla,2402697,7,0.8881912917675344,0.43381932701065923,
Vanilla,2402697,8,0.8881912917675344,0.3807964203772952,
Vanilla,2402697,9,0.8881912917675344,0.4302648339727103,
Vanilla,2402697,10,0.8881912917675344,0.4199972620413918,
Vanilla,2402697,11,0.8881912917675344,0.4119649109924958,
Vanilla,2402697,12,0.8881912917675344,0.3904643313085468,
Vanilla,2402697,13,0.8881912917675344,0.37059848321859123,
Vanilla,2402697,14,0.8881912917675344,0.4577696697396812,
Vanilla,2402697,15,0.8881912917675344,0.4177002466799795,
Vanilla,2402697,16,0.8949429590445956,0.40626469092134015,
Vanilla,2402697,17,0.9041506543505614,0.41055347918625396,
Vanilla,2402697,18,0.9041506543505614,0.42948232749521315,
Vanilla,2402697,19,0.9041506543505614,0.49727243550724265,
Vanilla,6510749,0,0.5102280269554907,0.0,
Vanilla,6510749,1,0.9300890220957847,0.0,
Vanilla,6510749,2,0.9300890220957847,0.0,
Vanilla,6510749,3,0.9300890220957847,0.05381227184801343,
Vanilla,6510749,4,0.9546952017984529,0.11723941364915491,
Vanilla,6510749,5,0.9546952017984529,0.23216892852084664,
Vanilla,6510749,6,0.9546952017984529,0.22467359905912657,
Vanilla,6510749,7,0.9546952017984529,0.17026079409538952,
Vanilla,6510749,8,0.9525278241646253,0.17321344402900465,
Vanilla,6510749,9,0.9525278241646253,0.18944612306362904,
Vanilla,6510749,10,0.9525278241646253,0.16406524168295117,
Vanilla,6510749,11,0.9525278241646253,0.1565872459142348,
Vanilla,6510749,12,0.9781883723118654,0.19536470981528173,
Vanilla,6510749,13,0.9781883723118654,0.24646272499184715,
Vanilla,6510749,14,0.9781883723118654,0.3976444087724,
Vanilla,6510749,15,0.9781883723118654,0.42200619873705353,
Vanilla,6510749,16,0.9781883723118654,0.4170979109368977,
Vanilla,6510749,17,0.9781883723118654,0.4183426208393199,
Vanilla,6510749,18,0.9781883723118654,0.40157019431896973,
Vanilla,6510749,19,0.9781883723118654,0.45127135027354937,
Vanilla,758529,0,0.9781025181077347,0.0,
Vanilla,758529,1,0.9781025181077347,0.0,
Vanilla,758529,2,0.9781025181077347,0.0,
Vanilla,758529,3,0.9781025181077347,0.13421508947113442,
Vanilla,758529,4,0.9726212560657124,0.2643512991859269,
Vanilla,758529,5,0.8891758624816023,0.2404026075695309,
Vanilla,758529,6,0.8891758624816023,0.2920049435349884,
Vanilla,758529,7,0.8891758624816023,0.28905245851124434,
Vanilla,758529,8,0.9640201519661352,0.3495009094876847,
Vanilla,758529,9,0.9640201519661352,0.35043961354036307,
Vanilla,758529,10,0.8800236592005751,0.3266573159783866,
Vanilla,758529,11,0.9640201519661352,0.3220460284470639,
Vanilla,758529,12,0.9640201519661352,0.3739474067605716,
Vanilla,758529,13,0.8800236592005751,0.41890131404322234,
Vanilla,758529,14,0.887184380454175,0.4211175569733443,
Vanilla,758529,15,0.887184380454175,0.46446150435565026,
Vanilla,758529,16,0.9640201519661352,0.49493827555151265,
Vanilla,758529,17,0.9640201519661352,0.45658941582332896,
Vanilla,758529,18,0.9640201519661352,0.4385655208310935,
Vanilla,758529,19,0.9309004731360817,0.45375323621808344,
Vanilla,3523986,0,0.9651879542044874,0.0,
Vanilla,3523986,1,0.9651879542044874,0.0,
Vanilla,3523986,2,0.9651879542044874,0.0,
Vanilla,3523986,3,0.9651879542044874,0.31830824464962254,
Vanilla,3523986,4,0.9651879542044874,0.28432545993677016,
Vanilla,3523986,5,0.9651879542044874,0.356498783426181,
Vanilla,3523986,6,0.9651879542044874,0.4226077585893576,
Vanilla,3523986,7,0.8938393760438372,0.44436849802293354,
Vanilla,3523986,8,0.8938393760438372,0.4457192649592192,
Vanilla,3523986,9,0.8938393760438372,0.4286101490155899,
Vanilla,3523986,10,0.8938393760438372,0.40003583014232785,
Vanilla,3523986,11,0.8938393760438372,0.45046800753526123,
Vanilla,3523986,12,0.8938393760438372,0.47758128019640617,
Vanilla,3523986,13,0.8938393760438372,0.4742029083824731,
Vanilla,3523986,14,0.8938393760438372,0.47148796787282393,
Vanilla,3523986,15,0.8938393760438372,0.45839559609520425,
Vanilla,3523986,16,0.8807468262635766,0.4741440089092846,
Vanilla,3523986,17,0.8807468262635766,0.5010798848802145,
Vanilla,3523986,18,0.8807468262635766,0.5028436578540516,
Vanilla,3523986,19,0.8807468262635766,0.49581836720301703,
Vanilla,3224638,0,0.9631863603265466,0.0,
Vanilla,3224638,1,0.9421792072341151,0.0,
Vanilla,3224638,2,0.9421792072341151,0.0,
Vanilla,3224638,3,0.9421792072341151,0.09500070330918574,
Vanilla,3224638,4,0.9510762710190024,0.07924549993426368,
Vanilla,3224638,5,0.9421792072341151,0.12210863903290393,
Vanilla,3224638,6,0.9421792072341151,0.1148000141547487,
Vanilla,3224638,7,0.9421792072341151,0.20933577123943736,
Vanilla,3224638,8,0.9663955448105291,0.2458720826247624,
Vanilla,3224638,9,0.8881912917675344,0.2631362876105301,
Vanilla,3224638,10,0.8881912917675344,0.33816174281865224,
Vanilla,3224638,11,0.8881912917675344,0.29949300042070975,
Vanilla,3224638,12,0.9640201519661352,0.29047617224210553,
Vanilla,3224638,13,0.9640201519661352,0.3365993247386094,
Vanilla,3224638,14,0.9640201519661352,0.34369220708165965,
Vanilla,3224638,15,0.9277939049626113,0.3281705618059621,
Vanilla,3224638,16,0.9277939049626113,0.32014519167808775,
Vanilla,3224638,17,0.9640201519661352,0.3490326624975432,
Vanilla,3224638,18,0.9630847958082539,0.3698466211733303,
Vanilla,3224638,19,0.9630847958082539,0.38481574291598686,
Vanilla,9729091,0,0.33130251338931493,0.0,
Vanilla,9729091,1,0.96467909313463,0.0,
Vanilla,9729091,2,0.96467909313463,0.0,
Vanilla,9729091,3,0.96467909313463,0.10829366273116117,
Vanilla,9729091,4,0.8807468262635766,0.38307339163746623,
Vanilla,9729091,5,0.8807468262635766,0.4585325359933518,
Vanilla,9729091,6,0.8881912917675344,0.4621633399694531,
Vanilla,9729091,7,0.8881912917675344,0.46601795460309325,
Vanilla,9729091,8,0.8881912917675344,0.4060577214047066,
Vanilla,9729091,9,0.8881912917675344,0.4328024571469613,
Vanilla,9729091,10,0.8881912917675344,0.42605939061801307,
Vanilla,9729091,11,0.8881912917675344,0.3830827272102943,
Vanilla,9729091,12,0.8881912917675344,0.40627553123341975,
Vanilla,9729091,13,0.8881912917675344,0.41283836489772363,
Vanilla,9729091,14,0.8881912917675344,0.4107032904808027,
Vanilla,9729091,15,0.8881912917675344,0.4265447734380073,
Vanilla,9729091,16,0.8881912917675344,0.4497023576483883,
Vanilla,9729091,17,0.8881912917675344,0.424921774494225,
Vanilla,9729091,18,0.8881912917675344,0.4523451724202604,
Vanilla,9729091,19,0.8881912917675344,0.45174185990264765,
Vanilla,5830471,0,0.5365199566523142,0.0,
Vanilla,5830471,1,0.8852766690171782,0.0,
Vanilla,5830471,2,0.8852766690171782,0.0,
Vanilla,5830471,3,0.8852766690171782,0.3829817498945221,
Vanilla,5830471,4,0.8852766690171782,0.246176621034912,
Vanilla,5830471,5,0.9525278241646253,0.23447604677272826,
Vanilla,5830471,6,0.9525278241646253,0.24053289750367005,
Vanilla,5830471,7,0.9525278241646253,0.2381992945397108,
Vanilla,5830471,8,0.9525278241646253,0.20037217950102484,
Vanilla,5830471,9,0.9653122054815363,0.48895111827641785,
Vanilla,5830471,10,0.9653122054815363,0.48919855088433606,
Vanilla,5830471,11,0.9653122054815363,0.4449099358534309,
Vanilla,5830471,12,0.9653122054815363,0.44398477385223234,
Vanilla,5830471,13,0.9299138121514008,0.4334840977138133,
Vanilla,5830471,14,0.9653122054815363,0.440277959229897,
Vanilla,5830471,15,0.9653122054815363,0.4434749032721781,
Vanilla,5830471,16,0.9653122054815363,0.46106372245123634,
Vanilla,5830471,17,0.9653122054815363,0.4902431960879498,
Vanilla,5830471,18,0.9653122054815363,0.48641688935549177,
Vanilla,5830471,19,0.9653122054815363,0.48641626687939465,
Vanilla,5343420,0,0.3621808429707235,0.0,
Vanilla,5343420,1,0.9520545576074054,0.0,
Vanilla,5343420,2,0.9520545576074054,0.0,
Vanilla,5343420,3,0.9520545576074054,0.2144570194864483,
Vanilla,5343420,4,0.9563058951010075,0.20846023327080326,
Vanilla,5343420,5,0.9305074889469952,0.14069903359233277,
Vanilla,5343420,6,0.9525278241646253,0.21371356285637585,
Vanilla,5343420,7,0.9525278241646253,0.2537672337869096,
Vanilla,5343420,8,0.9525278241646253,0.25372980311281834,
Vanilla,5343420,9,0.9525278241646253,0.24096192182747167,
Vanilla,5343420,10,0.9525278241646253,0.24192207865372628,
Vanilla,5343420,11,0.9525278241646253,0.27747755931215246,
Vanilla,5343420,12,0.9525278241646253,0.35173554777785004,
Vanilla,5343420,13,0.9525278241646253,0.3345205094681798,
Vanilla,5343420,14,0.9525278241646253,0.30567459672545205,
Vanilla,5343420,15,0.9691544956555124,0.30075848885234446,
Vanilla,5343420,16,0.9525278241646253,0.4572774829741356,
Vanilla,5343420,17,0.956093000373373,0.4540563027965167,
Vanilla,5343420,18,0.956093000373373,0.48686447347812917,
Vanilla,5343420,19,0.956093000373373,0.4933984523577192,
Vanilla,2417321,0,0.4862427441647766,0.0,
Vanilla,2417321,1,0.4862427441647766,0.0,
Vanilla,2417321,2,0.4862427441647766,0.0,
Vanilla,2417321,3,0.4585366199168546,0.01983749749878969,
Vanilla,2417321,4,0.950857092165703,0.03631059617656118,
Vanilla,2417321,5,0.950857092165703,0.10347715653457171,
Vanilla,2417321,6,0.950857092165703,0.09295310719618638,
Vanilla,2417321,7,0.9522884016395603,0.11643276588768127,
Vanilla,2417321,8,0.9522884016395603,0.1253496265781522,
Vanilla,2417321,9,0.9522884016395603,0.1605816360982059,
Vanilla,2417321,10,0.9522884016395603,0.15697069387007725,
Vanilla,2417321,11,0.966074801438937,0.13701923337137295,
Vanilla,2417321,12,0.9522884016395603,0.12328848443760534,
Vanilla,2417321,13,0.9522884016395603,0.16060545496997644,
Vanilla,2417321,14,0.9522884016395603,0.34602886235441804,
Vanilla,2417321,15,0.950857092165703,0.34399084199305874,
Vanilla,2417321,16,0.9781883723118654,0.3550607480669375,
Vanilla,2417321,17,0.9781883723118654,0.34028564830534413,
Vanilla,2417321,18,0.9781883723118654,0.3380620845679738,
Vanilla,2417321,19,0.9781883723118654,0.34032115172413485,
Vanilla,9891788,0,0.9766642321892834,0.0,
Vanilla,9891788,1,0.9766642321892834,0.0,
Vanilla,9891788,2,0.9766642321892834,0.0,
Vanilla,9891788,3,0.9766642321892834,0.3818415226574605,
Vanilla,9891788,4,0.966934421900114,0.3705470596785186,
Vanilla,9891788,5,0.9592393569145327,0.37280938494025645,
Vanilla,9891788,6,0.9592393569145327,0.40141066257592184,
Vanilla,9891788,7,0.965967298954444,0.39488782549802526,
Vanilla,9891788,8,0.9592393569145327,0.4317995049073445,
Vanilla,9891788,9,0.9653122054815363,0.3932635648019333,
Vanilla,9891788,10,0.9180920137656435,0.3919082830214741,
Vanilla,9891788,11,0.9231904101260058,0.38316355671886504,
Vanilla,9891788,12,0.9180920137656435,0.402042112753836,
Vanilla,9891788,13,0.9653122054815363,0.2897254932322485,
Vanilla,9891788,14,0.9657973346573312,0.3451414354876556,
Vanilla,9891788,15,0.9231904101260058,0.3516821942682589,
Vanilla,9891788,16,0.9231904101260058,0.3167466610118822,
Vanilla,9891788,17,0.9298726324889404,0.3189507804798061,
Vanilla,9891788,18,0.9298726324889404,0.3070294318307909,
Vanilla,9891788,19,0.9546952017984529,0.29501646184279384,
Vanilla,9314146,0,0.46378860456888954,0.0,
Vanilla,9314146,1,0.9470476072579095,0.0,
Vanilla,9314146,2,0.9761414049164123,0.0,
Vanilla,9314146,3,0.9761414049164123,0.20815995454715355,
Vanilla,9314146,4,0.9653122054815363,0.18551626143447164,
Vanilla,9314146,5,0.9653122054815363,0.2964525293171536,
Vanilla,9314146,6,0.9653122054815363,0.2455309964100483,
Vanilla,9314146,7,0.9525278241646253,0.33754286817205215,
Vanilla,9314146,8,0.8800236592005751,0.34505974413190665,
Vanilla,9314146,9,0.8800236592005751,0.3429917970281852,
Vanilla,9314146,10,0.8800236592005751,0.347340040168138,
Vanilla,9314146,11,0.8800236592005751,0.3393124229750493,
Vanilla,9314146,12,0.8800236592005751,0.4022532651653027,
Vanilla,9314146,13,0.8800236592005751,0.4233817517379053,
Vanilla,9314146,14,0.8800236592005751,0.4423811778741295,
Vanilla,9314146,15,0.8800236592005751,0.44207736309640266,
Vanilla,9314146,16,0.8800236592005751,0.4203772934037381,
Vanilla,9314146,17,0.8800236592005751,0.41854564306472425,
Vanilla,9314146,18,0.8800236592005751,0.4271509633473381,
Vanilla,9314146,19,0.8800236592005751,0.429494088294847,
Vanilla,9488226,0,0.2894494908872988,0.0,
Vanilla,9488226,1,0.8898494488582143,0.0,
Vanilla,9488226,2,0.918386235996718,0.0,
Vanilla,9488226,3,0.918386235996718,0.2476509531488757,
Vanilla,9488226,4,0.918386235996718,0.16048762175355968,
Vanilla,9488226,5,0.9653122054815363,0.2191488730254294,
Vanilla,9488226,6,0.9653122054815363,0.29876860219155377,
Vanilla,9488226,7,0.9653122054815363,0.3024913785215084,
Vanilla,9488226,8,0.9653122054815363,0.28902575352356047,
Vanilla,9488226,9,0.9653122054815363,0.2201050028570539,
Vanilla,9488226,10,0.966074801438937,0.3791225556947173,
Vanilla,9488226,11,0.9653122054815363,0.34134176806793526,
Vanilla,9488226,12,0.962214005047431,0.365587489056388,
Vanilla,9488226,13,0.962214005047431,0.421486402186243,
Vanilla,9488226,14,0.962214005047431,0.3992427962606692,
Vanilla,9488226,15,0.962214005047431,0.4066662521731677,
Vanilla,9488226,16,0.962214005047431,0.4017137836162688,
Vanilla,9488226,17,0.962214005047431,0.37268841542887876,
Vanilla,9488226,18,0.962214005047431,0.4035172457713314,
Vanilla,9488226,19,0.962214005047431,0.4105489592257946,
Vanilla,2697408,0,0.9399280723236827,0.0,
Vanilla,2697408,1,0.9399280723236827,0.0,
Vanilla,2697408,2,0.973682607611791,0.0,
Vanilla,2697408,3,0.973682607611791,0.24327478537774677,
Vanilla,2697408,4,0.9027901943994274,0.2501366265114895,
Vanilla,2697408,5,0.9027901943994274,0.20993462162786208,
Vanilla,2697408,6,0.9027901943994274,0.21623514947964687,
Vanilla,2697408,7,0.9027901943994274,0.21930593930210973,
Vanilla,2697408,8,0.9027901943994274,0.20650198351847382,
Vanilla,2697408,9,0.9027901943994274,0.25613631967382144,
Vanilla,2697408,10,0.9027901943994274,0.24315208326588267,
Vanilla,2697408,11,0.950857092165703,0.41888680084948643,
Vanilla,2697408,12,0.9027901943994274,0.4295534632869838,
Vanilla,2697408,13,0.9027901943994274,0.43318933364813733,
Vanilla,2697408,14,0.9027901943994274,0.43936790384535107,
Vanilla,2697408,15,0.9027901943994274,0.4445029658374101,
Vanilla,2697408,16,0.9027901943994274,0.43186183966228286,
Vanilla,2697408,17,0.9027901943994274,0.4147691127034203,
Vanilla,2697408,18,0.9027901943994274,0.42698869636832193,
Vanilla,2697408,19,0.9027901943994274,0.41540564858807366,
Vanilla,5135059,0,0.28363944392304546,0.0,
Vanilla,5135059,1,0.9477892605677026,0.0,
Vanilla,5135059,2,0.9238217783617636,0.0,
Vanilla,5135059,3,0.9347284642614051,0.13054893560283787,
Vanilla,5135059,4,0.9376406306109454,0.12746717457088516,
Vanilla,5135059,5,0.9322609330872157,0.16753451697782062,
Vanilla,5135059,6,0.9103491321755595,0.2600152018131519,
Vanilla,5135059,7,0.8989950218541121,0.2807087311866553,
Vanilla,5135059,8,0.90166741286221,0.2262971995460326,
Vanilla,5135059,9,0.9909144723573827,0.23318425451563463,
Vanilla,5135059,10,0.9909144723573827,0.23191072360595377,
Vanilla,5135059,11,0.9909144723573827,0.19425537622433536,
Vanilla,5135059,12,0.9909144723573827,0.26805008883976034,
Vanilla,5135059,13,0.9909144723573827,0.26130853062007586,
Vanilla,5135059,14,0.9791355977452344,0.2881030515108928,
Vanilla,5135059,15,0.9791355977452344,0.2965075459151118,
Vanilla,5135059,16,0.9689635887107919,0.28845667356529325,
Vanilla,5135059,17,0.8989950218541121,0.26012191896439507,
Vanilla,5135059,18,0.9618196229066606,0.19814781386799146,
Vanilla,5135059,19,0.9673658031621187,0.3157110577984838,
Vanilla,6813578,0,0.7052842520396647,0.0,
Vanilla,6813578,1,0.7052842520396647,0.0,
Vanilla,6813578,2,0.7052842520396647,0.0,
Vanilla,6813578,3,0.7052842520396647,0.1643829943044026,
Vanilla,6813578,4,0.8800236592005751,0.20221009464672832,
Vanilla,6813578,5,0.9640201519661352,0.20584068294514754,
Vanilla,6813578,6,0.9525278241646253,0.2820248199889084,
Vanilla,6813578,7,0.9525278241646253,0.27813476348998706,
Vanilla,6813578,8,0.9525278241646253,0.22685591803826674,
Vanilla,6813578,9,0.9525278241646253,0.23435252114160335,
Vanilla,6813578,10,0.9525278241646253,0.24679883869390246,
Vanilla,6813578,11,0.9525278241646253,0.26323178163373356,
Vanilla,6813578,12,0.9525278241646253,0.21664408621994008,
Vanilla,6813578,13,0.9640201519661352,0.1678813842480789,
Vanilla,6813578,14,0.9640201519661352,0.2577185828380604,
Vanilla,6813578,15,0.9525278241646253,0.26662589270134607,
Vanilla,6813578,16,0.9525278241646253,0.42416559593029207,
Vanilla,6813578,17,0.9640201519661352,0.4615384333233111,
Vanilla,6813578,18,0.9640201519661352,0.46807235006888054,
Vanilla,6813578,19,0.9640201519661352,0.4620833197263556,
Vanilla,430826,0,0.42382055348981196,0.0,
Vanilla,430826,1,0.9783698597250013,0.0,
Vanilla,430826,2,0.9783698597250013,0.0,
Vanilla,430826,3,0.9695617988639899,0.217049448277612,
Vanilla,430826,4,0.9434419437056307,0.2492524581040031,
Vanilla,430826,5,0.9434419437056307,0.2745550250825933,
Vanilla,430826,6,0.9434419437056307,0.3024049951649468,
Vanilla,430826,7,0.9434419437056307,0.46554343212883176,
Vanilla,430826,8,0.9031364204331435,0.4522471204422622,
Vanilla,430826,9,0.903982074691307,0.48828692171120724,
Vanilla,430826,10,0.9051854714422969,0.483839928305216,
Vanilla,430826,11,0.9129011262591085,0.4716951458466433,
Vanilla,430826,12,0.9141512944792944,0.4640439691178657,
Vanilla,430826,13,0.9248408984531624,0.4638570308343785,
Vanilla,430826,14,0.9248408984531624,0.45821705154362025,
Vanilla,430826,15,0.9258135932348298,0.4598837601099612,
Vanilla,430826,16,0.9258135932348298,0.4509243848726923,
Vanilla,430826,17,0.9248408984531624,0.45843219939234864,
Vanilla,430826,18,0.9293260733220067,0.43555846394514247,
Vanilla,430826,19,0.9337201549963619,0.43456814572613683,
Vanilla,6192331,0,0.9868543879679657,0.0,
Vanilla,6192331,1,0.9868543879679657,0.0,
Vanilla,6192331,2,0.9868543879679657,0.0,
Vanilla,6192331,3,0.9868543879679657,0.17148117639317664,
Vanilla,6192331,4,0.9699987652758174,0.19562110946055392,
Vanilla,6192331,5,0.9699987652758174,0.20764499701392347,
Vanilla,6192331,6,0.9699987652758174,0.23800741453897536,
Vanilla,6192331,7,0.9868543879679657,0.23923173598920455,
Vanilla,6192331,8,0.9868543879679657,0.23910560079515378,
Vanilla,6192331,9,0.9868543879679657,0.30896483175117784,
Vanilla,6192331,10,0.9957636705162617,0.2791346763425336,
Vanilla,6192331,11,0.9868543879679657,0.2775004790451366,
Vanilla,6192331,12,0.9868543879679657,0.26003511962641496,
Vanilla,6192331,13,0.9868543879679657,0.2669983669723767,
Vanilla,6192331,14,0.9868543879679657,0.23088993169712235,
Vanilla,6192331,15,0.9868543879679657,0.4623068223812361,
Vanilla,6192331,16,0.9984444459060067,0.46224563730919777,
Vanilla,6192331,17,0.9984444459060067,0.4540757986046665,
Vanilla,6192331,18,0.9984444459060067,0.41626541228842723,
Vanilla,6192331,19,0.9940887513192004,0.43318183317349085,
Vanilla,8026546,0,0.9454906552122322,0.0,
Vanilla,8026546,1,0.9790804518797603,0.0,
Vanilla,8026546,2,0.9794252799617925,0.0,
Vanilla,8026546,3,0.9794252799617925,0.0035159954983485053,
Vanilla,8026546,4,0.9886441322535785,0.028200249845254686,
Vanilla,8026546,5,0.9862663029791069,0.10271849251023518,
Vanilla,8026546,6,0.9790563738262331,0.33180641693592533,
Vanilla,8026546,7,0.984450383712441,0.35381713546774485,
Vanilla,8026546,8,0.9814233856174364,0.35029114211061674,
Vanilla,8026546,9,0.9814233856174364,0.3536669442824136,
Vanilla,8026546,10,0.9814233856174364,0.35621498621081293,
Vanilla,8026546,11,0.9814233856174364,0.39714560507774543,
Vanilla,8026546,12,0.9802950255873087,0.4191752092000784,
Vanilla,8026546,13,0.9802950255873087,0.42756915730465755,
Vanilla,8026546,14,0.9070338564725935,0.4302261736521743,
Vanilla,8026546,15,0.9070338564725935,0.39555914290013117,
Vanilla,8026546,16,0.9791355977452344,0.3725974317538333,
Vanilla,8026546,17,0.9791355977452344,0.4628377667565555,
Vanilla,8026546,18,0.9791355977452344,0.4900443923748535,
Vanilla,8026546,19,0.9791355977452344,0.5004859521673866,
Vanilla,6735254,0,0.4275738274260866,0.0,
Vanilla,6735254,1,0.9694249859925241,0.0,
Vanilla,6735254,2,0.9688354963950687,0.0,
Vanilla,6735254,3,0.9688354963950687,0.14391988695796099,
Vanilla,6735254,4,0.9742110133775722,0.15308118118986108,
Vanilla,6735254,5,0.9772701177629173,0.14004055677280575,
Vanilla,6735254,6,0.9772701177629173,0.1612572087391943,
Vanilla,6735254,7,0.9525278241646253,0.27648604313755265,
Vanilla,6735254,8,0.9525278241646253,0.2772269230249018,
Vanilla,6735254,9,0.9525278241646253,0.27498498090811396,
Vanilla,6735254,10,0.9525278241646253,0.25834313688686666,
Vanilla,6735254,11,0.9670646044864504,0.24887258810229107,
Vanilla,6735254,12,0.9670646044864504,0.2553894447020611,
Vanilla,6735254,13,0.9525278241646253,0.23972913310454338,
Vanilla,6735254,14,0.9525278241646253,0.20023820852054589,
Vanilla,6735254,15,0.9670646044864504,0.4356517202247834,
Vanilla,6735254,16,0.9338779105154351,0.4817399656088837,
Vanilla,6735254,17,0.9213238783514693,0.4816260778947809,
Vanilla,6735254,18,0.9337201549963619,0.4209549780099751,
Vanilla,6735254,19,0.9337201549963619,0.4318328730497529,
Vanilla,1112898,0,0.9464396247567497,0.0,
Vanilla,1112898,1,0.9464396247567497,0.0,
Vanilla,1112898,2,0.9464396247567497,0.0,
Vanilla,1112898,3,0.9464396247567497,0.09425529845484558,
Vanilla,1112898,4,0.9705952246609542,0.08684045253007766,
Vanilla,1112898,5,0.9464396247567497,0.09064732752230649,
Vanilla,1112898,6,0.9464396247567497,0.09911065099932605,
Vanilla,1112898,7,0.9705952246609542,0.11253703581080408,
Vanilla,1112898,8,0.9705952246609542,0.16595124745156192,
Vanilla,1112898,9,0.9705952246609542,0.22900893721376084,
Vanilla,1112898,10,0.9705952246609542,0.31396442985503153,
Vanilla,1112898,11,0.9705952246609542,0.3023810946881746,
Vanilla,1112898,12,0.9781883723118654,0.3462965535280145,
Vanilla,1112898,13,0.9781883723118654,0.36054725324816445,
Vanilla,1112898,14,0.9449967988237821,0.4175081242271547,
Vanilla,1112898,15,0.8833368579467535,0.46140647911112015,
Vanilla,1112898,16,0.8833368579467535,0.4758451298972794,
Vanilla,1112898,17,0.8833368579467535,0.49457995174786734,
Vanilla,1112898,18,0.8833368579467535,0.4652728217525809,
Vanilla,1112898,19,0.9017386152013106,0.45336009772782826,
Vanilla,5609958,0,0.9296311063794367,0.0,
Vanilla,5609958,1,0.9296311063794367,0.0,
Vanilla,5609958,2,0.9296311063794367,0.0,
Vanilla,5609958,3,0.9677500667954628,0.2465544158963802,
Vanilla,5609958,4,0.9583514712016894,0.3528098343005971,
Vanilla,5609958,5,0.9583514712016894,0.37202370156987546,
Vanilla,5609958,6,0.897880268553708,0.3504161057251579,
Vanilla,5609958,7,0.9286887671200486,0.34137287017157153,
Vanilla,5609958,8,0.9261831983462312,0.33911545621097566,
Vanilla,5609958,9,0.9286887671200486,0.34225066532603016,
Vanilla,5609958,10,0.9909144723573827,0.3514483659553292,
Vanilla,5609958,11,0.9610922753024329,0.35049895225578864,
Vanilla,5609958,12,0.9610922753024329,0.4514669657438196,
Vanilla,5609958,13,0.8881912917675344,0.4544428466582593,
Vanilla,5609958,14,0.9264386773449228,0.48890284098754305,
Vanilla,5609958,15,0.8881912917675344,0.4896379836987215,
Vanilla,5609958,16,0.9647593621889378,0.46501430642937897,
Vanilla,5609958,17,0.95808412292751,0.46287108927201315,
Vanilla,5609958,18,0.9632586078009538,0.48066997704294123,
Vanilla,5609958,19,0.896907560458215,0.48115702187889836,
Vanilla,4736968,0,0.9761627003803973,0.0,
Vanilla,4736968,1,0.9761627003803973,0.0,
Vanilla,4736968,2,0.9693869417359833,0.0,
Vanilla,4736968,3,0.9693869417359833,0.26693070784321926,
Vanilla,4736968,4,0.9303643919498646,0.30497014225448404,
Vanilla,4736968,5,0.9213238783514693,0.4769429446841561,
Vanilla,4736968,6,0.9303643919498646,0.3880718231262786,
Vanilla,4736968,7,0.9693869417359833,0.3821185591238169,
Vanilla,4736968,8,0.9693869417359833,0.42815596583228793,
Vanilla,4736968,9,0.9693869417359833,0.4521890984532633,
Vanilla,4736968,10,0.9693869417359833,0.43646704532268493,
Vanilla,4736968,11,0.966078289661234,0.43271483856118975,
Vanilla,4736968,12,0.966078289661234,0.4034982687122072,
Vanilla,4736968,13,0.9745139561643891,0.39188928825250086,
Vanilla,4736968,14,0.9745139561643891,0.3716972758776965,
Vanilla,4736968,15,0.9607268573891705,0.3605782932483328,
Vanilla,4736968,16,0.9607268573891705,0.43413505174799955,
Vanilla,4736968,17,0.9745139561643891,0.5349475465833401,
Vanilla,4736968,18,0.975289466532584,0.48542372997078614,
Vanilla,4736968,19,0.932994205343818,0.4825034787642585,
Vanilla,617977,0,0.0,0.0,
Vanilla,617977,1,0.3995850240338516,0.0,
Vanilla,617977,2,0.3995850240338516,0.0,
Vanilla,617977,3,0.16597116129523926,0.05962531398738877,
Vanilla,617977,4,0.9640201519661352,0.1480140735747774,
Vanilla,617977,5,0.9309004731360817,0.18995952488052234,
Vanilla,617977,6,0.9309004731360817,0.2623863491494729,
Vanilla,617977,7,0.8849716359597481,0.3498785790938876,
Vanilla,617977,8,0.8891758624816023,0.3365367067563193,
Vanilla,617977,9,0.8989950218541121,0.32749922372045825,
Vanilla,617977,10,0.8989950218541121,0.3396939525786168,
Vanilla,617977,11,0.8881912917675344,0.3420735009767,
Vanilla,617977,12,0.8881912917675344,0.33765093477336905,
Vanilla,617977,13,0.8966468491260778,0.24216514933916747,
Vanilla,617977,14,0.8881912917675344,0.2678400053943983,
Vanilla,617977,15,0.8881912917675344,0.3389774422538582,
Vanilla,617977,16,0.8989950218541121,0.3523822117114756,
Vanilla,617977,17,0.8881912917675344,0.34973236650270895,
Vanilla,617977,18,0.8881912917675344,0.3476929475651779,
Vanilla,617977,19,0.8881912917675344,0.4027418597984409,
Vanilla,8500888,0,0.8982603383320003,0.0,
Vanilla,8500888,1,0.8982603383320003,0.0,
Vanilla,8500888,2,0.8982603383320003,0.0,
Vanilla,8500888,3,0.8982603383320003,0.14722488437724726,
Vanilla,8500888,4,0.9653122054815363,0.18266420653616808,
Vanilla,8500888,5,0.9653122054815363,0.14803378813410129,
Vanilla,8500888,6,0.9640201519661352,0.11168165639816613,
Vanilla,8500888,7,0.9525278241646253,0.2129254172258255,
Vanilla,8500888,8,0.9525278241646253,0.2595220489264374,
Vanilla,8500888,9,0.9525278241646253,0.2782321412027178,
Vanilla,8500888,10,0.9525278241646253,0.2937369326613404,
Vanilla,8500888,11,0.9525278241646253,0.41765608969701407,
Vanilla,8500888,12,0.9277939049626113,0.5086326311015184,
Vanilla,8500888,13,0.9277939049626113,0.4735442428831382,
Vanilla,8500888,14,0.9781883723118654,0.43457646718763226,
Vanilla,8500888,15,0.9781883723118654,0.44563729162596954,
Vanilla,8500888,16,0.9781883723118654,0.4045242878814367,
Vanilla,8500888,17,0.9781883723118654,0.40675081882046343,
Vanilla,8500888,18,0.9781883723118654,0.40921874805675756,
Vanilla,8500888,19,1.0,0.42156671736851364,
Vanilla,4205117,0,0.9639346439214691,0.0,
Vanilla,4205117,1,0.9639346439214691,0.0,
Vanilla,4205117,2,0.9639346439214691,0.0,
Vanilla,4205117,3,0.9812206093972282,0.21753425365348325,
Vanilla,4205117,4,0.9664510368354677,0.2731247921994866,
Vanilla,4205117,5,0.9624091058472032,0.24691269537925323,
Vanilla,4205117,6,0.9784759642578104,0.2678830321886159,
Vanilla,4205117,7,0.9733814022792098,0.34192297091624224,
Vanilla,4205117,8,0.887184380454175,0.39851212122868673,
Vanilla,4205117,9,0.887184380454175,0.4390145513990904,
Vanilla,4205117,10,0.887184380454175,0.4406967264639803,
Vanilla,4205117,11,0.9014388144773261,0.48273798812782526,
Vanilla,4205117,12,0.9001247798359236,0.462786188491579,
Vanilla,4205117,13,0.9676006856726674,0.4626949898558489,
Vanilla,4205117,14,0.9676006856726674,0.4852754878617382,
Vanilla,4205117,15,0.9676006856726674,0.49721693334265543,
Vanilla,4205117,16,0.8941123094678395,0.498872990392916,
Vanilla,4205117,17,0.8855297115857922,0.5002618702498981,
Vanilla,4205117,18,0.8941123094678395,0.4929465315375235,
Vanilla,4205117,19,0.8855297115857922,0.4960281954628317,
Vanilla,756214,0,0.9786864158984545,0.0,
Vanilla,756214,1,0.9786864158984545,0.0,
Vanilla,756214,2,0.9904565632979475,0.0,
Vanilla,756214,3,0.9884259985355857,0.13050959814174484,
Vanilla,756214,4,0.9884259985355857,0.16302472549230618,
Vanilla,756214,5,0.950857092165703,0.12335833652272092,
Vanilla,756214,6,0.950857092165703,0.1164871679381652,
Vanilla,756214,7,0.950857092165703,0.46491936926194954,
Vanilla,756214,8,0.950857092165703,0.48017829428051184,
Vanilla,756214,9,0.950857092165703,0.47176135974253725,
Vanilla,756214,10,0.9549475387343122,0.47459452738035757,
Vanilla,756214,11,0.9549475387343122,0.47601788601335665,
Vanilla,756214,12,0.9549475387343122,0.4790383528974786,
Vanilla,756214,13,0.9549475387343122,0.4918197547618934,
Vanilla,756214,14,0.9361014791500433,0.49719733288988666,
Vanilla,756214,15,0.9361014791500433,0.47078968323434617,
Vanilla,756214,16,0.9549475387343122,0.4452689706270762,
Vanilla,756214,17,0.9549475387343122,0.4484638308329452,
Vanilla,756214,18,0.9549475387343122,0.4542365263748828,
Vanilla,756214,19,0.9549475387343122,0.4438569538487125,
Vanilla,4283694,0,0.4445411797423434,0.0,
Vanilla,4283694,1,0.9456058264602484,0.0,
Vanilla,4283694,2,0.8903848377255023,0.0,
Vanilla,4283694,3,0.9692630432753119,0.13560670867963898,
Vanilla,4283694,4,0.9781883723118654,0.23975318456216843,
Vanilla,4283694,5,0.9781883723118654,0.239664783759786,
Vanilla,4283694,6,0.9781883723118654,0.2520864180618929,
Vanilla,4283694,7,0.9781883723118654,0.33257146769940316,
Vanilla,4283694,8,0.9781883723118654,0.3578227481910579,
Vanilla,4283694,9,0.9781883723118654,0.36323662815475166,
Vanilla,4283694,10,0.9781883723118654,0.35312445658233643,
Vanilla,4283694,11,0.9781883723118654,0.3206474557415963,
Vanilla,4283694,12,0.9781883723118654,0.2854191348371316,
Vanilla,4283694,13,0.9781883723118654,0.33633194193293936,
Vanilla,4283694,14,0.9781883723118654,0.3546267069773839,
Vanilla,4283694,15,0.9781883723118654,0.33211140633857655,
Vanilla,4283694,16,0.9781883723118654,0.31660461579867616,
Vanilla,4283694,17,0.9781883723118654,0.2810926722796723,
Vanilla,4283694,18,0.9299138121514008,0.27860899168241504,
Vanilla,4283694,19,0.9184406762294373,0.37307506833897586,
Vanilla,7449696,0,0.9483769993970967,0.0,
Vanilla,7449696,1,0.9483769993970967,0.0,
Vanilla,7449696,2,0.9483769993970967,0.0,
Vanilla,7449696,3,0.9483769993970967,0.39080607792524413,
Vanilla,7449696,4,0.8881912917675344,0.1359187937916245,
Vanilla,7449696,5,0.8686360379801904,0.061311947738060334,
Vanilla,7449696,6,0.9525278241646253,0.45147929702804535,
Vanilla,7449696,7,0.9525278241646253,0.4298604957757427,
Vanilla,7449696,8,0.9525278241646253,0.4349410028589238,
Vanilla,7449696,9,0.9525278241646253,0.43512022524049765,
Vanilla,7449696,10,0.9525278241646253,0.3707316470206188,
Vanilla,7449696,11,0.9525278241646253,0.36310499629983634,
Vanilla,7449696,12,0.9525278241646253,0.3678481491706407,
Vanilla,7449696,13,0.9525278241646253,0.3632258211491926,
Vanilla,7449696,14,0.9670646044864504,0.39598129173308255,
Vanilla,7449696,15,0.9670646044864504,0.39366719649647436,
Vanilla,7449696,16,0.9271782470410156,0.38491255926718904,
Vanilla,7449696,17,0.9207298553964104,0.35937596865884447,
Vanilla,7449696,18,0.9691544956555124,0.419587644424818,
Vanilla,7449696,19,0.9691544956555124,0.43219906437811434,
Vanilla,9848369,0,0.6727701059668678,0.0,
Vanilla,9848369,1,0.9069717341625255,0.0,
Vanilla,9848369,2,0.9069717341625255,0.0,
Vanilla,9848369,3,0.9069717341625255,0.416086320467,
Vanilla,9848369,4,0.9069717341625255,0.3924631420571906,
Vanilla,9848369,5,0.9069717341625255,0.33848903261829305,
Vanilla,9848369,6,0.9069717341625255,0.3549057823761624,
Vanilla,9848369,7,0.9069717341625255,0.3334603067695364,
Vanilla,9848369,8,0.9069717341625255,0.27323971679916303,
Vanilla,9848369,9,0.950857092165703,0.38559548517360404,
Vanilla,9848369,10,0.9297763069610059,0.3841607173014635,
Vanilla,9848369,11,0.9361014791500433,0.40644100621723667,
Vanilla,9848369,12,0.8989950218541121,0.34815238544177823,
Vanilla,9848369,13,0.9058503505769919,0.4436076187493645,
Vanilla,9848369,14,0.9058503505769919,0.44408352402570017,
Vanilla,9848369,15,0.9058503505769919,0.40440486388459473,
Vanilla,9848369,16,0.9058503505769919,0.4232935638891771,
Vanilla,9848369,17,0.9058503505769919,0.4287260649452851,
Vanilla,9848369,18,0.9058503505769919,0.43388480252084727,
Vanilla,9848369,19,0.8989950218541121,0.4320239707023701,
